,harp_num,peaktime,fl_goescls,start,end
0,2,['2010-05-01 05:27:00'],['B1.6'],2010-05-01 05:23:00,2010-05-01 05:31:00
1,1,"['2010-05-02 10:09:00', '2010-05-02 15:14:00', '2010-05-02 16:26:00', '2010-05-02 21:00:00', '2010-05-02 21:53:00', '2010-05-03 13:41:00', '2010-05-03 15:04:00', '2010-05-06 15:13:00', '2010-05-07 00:34:00', '2010-05-08 01:04:00', '2010-05-08 01:39:00', '2010-05-08 03:23:00', '2010-05-08 08:52:00', '2010-05-08 09:20:00', '2010-05-08 10:19:00']","['B3.8', 'B1.1', 'B1.9', 'B1.4', 'B1.5', 'B1.5', 'B1.4', 'B1.4', 'B1.1', 'B2.6', 'B5.8', 'B4.3', 'B2.1', 'B2.1', 'B3.8']",2010-05-02 10:02:00,2010-05-08 08:57:00
2,11,['2010-05-03 12:57:00'],['B2.0'],2010-05-03 12:52:00,2010-05-03 13:02:00
3,10,"['2010-05-03 21:53:00', '2010-05-05 16:18:00']","['B1.0', 'B4.0']",2010-05-03 21:50:00,2010-05-05 16:29:00
4,8,"['2010-05-04 11:18:00', '2010-05-04 12:09:00', '2010-05-04 12:44:00', '2010-05-04 16:29:00', '2010-05-05 00:23:00', '2010-05-05 01:05:00', '2010-05-05 07:16:00', '2010-05-05 08:39:00', '2010-05-05 11:52:00', '2010-05-05 13:04:00', '2010-05-05 17:19:00', '2010-05-05 18:43:00', '2010-05-07 07:42:00', '2010-05-07 22:57:00', '2010-05-08 04:59:00']","['B2.0', 'B1.3', 'B1.7', 'C3.6', 'B1.6', 'B1.6', 'C2.3', 'B2.4', 'C8.8', 'B3.4', 'M1.2', 'B7.3', 'C2.0', 'B4.6', 'C9.3']",2010-05-04 11:00:00,2010-05-08 05:04:00
5,12,['2010-05-11 08:43:00'],['B1.1'],2010-05-11 08:39:00,2010-05-11 08:47:00
6,26,"['2010-05-22 21:47:00', '2010-05-23 05:15:00', '2010-05-25 15:51:00', '2010-05-27 23:15:00']","['B1.3', 'B1.4', 'B6.5', 'B1.4']",2010-05-22 21:39:00,2010-05-27 23:25:00
7,40,['2010-06-02 18:45:00'],['B1.0'],2010-06-02 18:41:00,2010-06-02 18:50:00
8,43,['2010-06-06 02:55:00'],['B1.4'],2010-06-06 02:50:00,2010-06-06 03:01:00
9,45,['2010-06-07 06:30:00'],['B2.0'],2010-06-07 06:27:00,2010-06-07 06:34:00
10,46,"['2010-06-08 11:33:00', '2010-06-08 12:56:00', '2010-06-08 13:50:00', '2010-06-09 01:02:00', '2010-06-09 05:15:00', '2010-06-09 08:46:00', '2010-06-09 13:32:00', '2010-06-09 13:43:00', '2010-06-09 19:48:00', '2010-06-09 20:24:00', '2010-06-09 20:59:00', '2010-06-09 22:50:00']","['B1.4', 'B1.2', 'B1.4', 'B2.3', 'B5.1', 'B2.5', 'B1.1', 'B2.1', 'B2.7', 'B3.5', 'B3.2', 'B1.2']",2010-06-08 11:28:00,2010-06-09 19:54:00
11,54,"['2010-06-11 10:55:00', '2010-06-11 12:02:00', '2010-06-11 20:46:00', '2010-06-12 00:57:00', '2010-06-12 09:17:00', '2010-06-12 23:54:00', '2010-06-13 00:14:00', '2010-06-13 06:58:00', '2010-06-13 07:34:00', '2010-06-13 08:13:00', '2010-06-13 09:46:00', '2010-06-13 10:53:00']","['B1.4', 'B3.0', 'B4.5', 'M2.0', 'C6.1', 'B3.0', 'B8.8', 'B5.3', 'C1.2', 'C1.2', 'C1.7', 'C1.5']",2010-06-11 20:34:00,2010-06-13 10:55:00
12,51,"['2010-06-12 02:58:00', '2010-06-12 04:06:00']","['B3.8', 'C1.0']",2010-06-12 02:53:00,2010-06-12 04:17:00
13,57,"['2010-06-17 10:33:00', '2010-06-17 17:42:00', '2010-06-17 18:49:00', '2010-06-18 12:04:00', '2010-06-21 19:12:00', '2010-06-22 09:04:00', '2010-06-22 09:38:00']","['B5.0', 'B1.1', 'B1.2', 'B1.8', 'B1.3', 'B1.0', 'B2.1']",2010-06-17 10:23:00,2010-06-22 09:41:00
14,71,['2010-07-01 20:58:00'],['B1.0'],2010-07-01 20:54:00,2010-07-01 21:01:00
15,83,['2010-07-06 10:11:00'],['B1.0'],2010-07-06 10:02:00,2010-07-06 10:16:00
16,86,"['2010-07-10 20:13:00', '2010-07-10 22:49:00', '2010-07-11 00:48:00', '2010-07-11 16:02:00', '2010-07-12 05:20:00', '2010-07-12 11:39:00', '2010-07-12 13:36:00', '2010-07-13 03:10:00', '2010-07-13 08:35:00', '2010-07-13 10:13:00', '2010-07-13 10:51:00', '2010-07-16 01:49:00', '2010-07-16 23:33:00', '2010-07-17 00:20:00', '2010-07-18 19:27:00', '2010-07-19 07:52:00']","['B3.0', 'B7.2', 'B2.9', 'B4.2', 'B3.9', 'B2.1', 'B4.0', 'B3.4', 'B2.9', 'B3.3', 'C2.6', 'B3.1', 'B1.4', 'B1.3', 'B2.1', 'B5.5']",2010-07-10 20:06:00,2010-07-19 08:36:00
17,92,"['2010-07-19 16:58:00', '2010-07-20 04:12:00', '2010-07-20 05:21:00', '2010-07-20 09:42:00', '2010-07-20 13:45:00', '2010-07-20 18:55:00', '2010-07-21 02:46:00', '2010-07-21 07:29:00', '2010-07-21 16:45:00', '2010-07-21 18:51:00', '2010-07-22 06:32:00', '2010-07-22 07:35:00', '2010-07-22 12:15:00', '2010-07-22 15:16:00', '2010-07-22 17:23:00', '2010-07-22 17:23:00', '2010-07-22 21:38:00', '2010-07-23 00:24:00', '2010-07-23 01:38:00', '2010-07-23 08:56:00', '2010-07-23 15:23:00', '2010-07-25 22:13:00', '2010-07-26 00:36:00', '2010-07-26 11:41:00', '2010-07-26 15:10:00', '2010-07-26 16:32:00', '2010-07-26 18:29:00', '2010-07-27 01:07:00', '2010-07-27 03:57:00', '2010-07-27 04:24:00', '2010-07-27 19:31:00', '2010-07-28 13:07:00', '2010-07-28 20:42:00']","['B2.8', 'B2.2', 'B4.1', 'B8.0', 'C1.4', 'B8.0', 'B3.2', 'B5.7', 'B4.6', 'B8.5', 'B6.9', 'B5.7', 'B8.4', 'B5.9', 'B3.8', 'B3.8', 'B9.8', 'B5.2', 'B3.6', 'B3.6', 'B9.3', 'B2.3', 'B2.7', 'B3.3', 'B3.1', 'B4.7', 'B5.8', 'B5.5', 'B8.0', 'C2.2', 'B6.0', 'B8.1', 'C2.8']",2010-07-19 16:55:00,2010-07-28 20:49:00
18,104,"['2010-07-29 18:43:00', '2010-07-30 02:27:00', '2010-07-30 09:18:00', '2010-07-30 20:25:00', '2010-07-30 22:37:00', '2010-07-31 05:29:00', '2010-07-31 08:40:00', '2010-07-31 19:09:00', '2010-08-01 08:26:00', '2010-08-02 17:25:00', '2010-08-05 00:26:00']","['B7.5', 'B9.0', 'B8.1', 'B4.7', 'B4.1', 'B4.8', 'B3.1', 'B7.4', 'C3.2', 'B1.8', 'B2.8']",2010-07-29 18:27:00,2010-08-05 00:39:00
19,115,"['2010-08-05 21:35:00', '2010-08-06 01:36:00', '2010-08-06 01:36:00', '2010-08-06 02:07:00', '2010-08-06 02:07:00', '2010-08-07 18:24:00', '2010-08-08 07:51:00', '2010-08-08 07:51:00', '2010-08-08 14:17:00', '2010-08-09 02:25:00', '2010-08-09 02:25:00', '2010-08-13 15:44:00', '2010-08-13 21:55:00', '2010-08-13 23:41:00', '2010-08-14 00:22:00', '2010-08-14 01:06:00', '2010-08-14 04:01:00', '2010-08-14 10:05:00', '2010-08-14 17:14:00', '2010-08-15 01:04:00', '2010-08-15 08:20:00', '2010-08-15 12:49:00', '2010-08-15 16:09:00', '2010-08-15 18:30:00']","['C1.3', 'B5.6', 'B5.6', 'B4.5', 'B4.5', 'M1.0', 'B2.1', 'B2.1', 'B2.3', 'B1.8', 'B1.8', 'B1.7', 'B3.4', 'B1.5', 'B2.2', 'B2.7', 'B2.5', 'C4.4', 'B9.7', 'B3.9', 'B4.9', 'B7.8', 'B5.3', 'C5.4']",2010-08-05 20:39:00,2010-08-15 12:55:00
20,107,"['2010-08-05 22:27:00', '2010-08-05 22:27:00']","['B5.7', 'B5.7']",2010-08-05 22:23:00,2010-08-05 22:30:00
21,114,['2010-08-09 19:54:00'],['B1.6'],2010-08-09 19:50:00,2010-08-09 19:56:00
22,116,"['2010-08-10 04:51:00', '2010-08-10 09:12:00', '2010-08-10 09:12:00']","['B1.9', 'B1.9', 'B1.9']",2010-08-10 04:45:00,2010-08-10 04:55:00
23,131,"['2010-08-11 08:01:00', '2010-08-11 08:01:00', '2010-08-11 13:48:00', '2010-08-12 00:35:00', '2010-08-12 00:35:00', '2010-08-12 04:21:00', '2010-08-16 02:37:00']","['B2.6', 'B2.6', 'B3.8', 'B2.5', 'B2.5', 'B1.4', 'B3.5']",2010-08-11 13:38:00,2010-08-16 02:49:00
24,135,"['2010-08-18 22:27:00', '2010-08-26 17:34:00']","['B3.3', 'B1.5']",2010-08-18 22:17:00,2010-08-26 17:36:00
25,145,"['2010-08-26 10:53:00', '2010-08-28 00:50:00', '2010-09-04 14:35:00', '2010-09-04 16:00:00']","['B2.6', 'B1.0', 'B2.5', 'B4.3']",2010-08-26 10:47:00,2010-09-04 14:38:00
26,146,"['2010-08-30 15:22:00', '2010-08-30 15:22:00', '2010-08-31 21:53:00', '2010-08-31 22:47:00']","['B1.4', 'B1.4', 'B1.4', 'B1.8']",2010-08-30 15:15:00,2010-08-31 21:56:00
27,156,"['2010-09-03 15:18:00', '2010-09-03 22:06:00', '2010-09-04 04:07:00', '2010-09-04 17:27:00', '2010-09-04 22:08:00', '2010-09-05 01:23:00', '2010-09-05 02:16:00', '2010-09-05 07:15:00', '2010-09-05 14:58:00', '2010-09-06 14:59:00', '2010-09-06 16:27:00']","['B2.8', 'B1.2', 'B2.5', 'B2.5', 'B3.1', 'B3.4', 'B3.7', 'B2.5', 'B5.6', 'C2.5', 'B3.5']",2010-09-03 22:03:00,2010-09-06 16:41:00
28,155,['2010-09-04 07:03:00'],['B6.0'],2010-09-04 07:00:00,2010-09-04 07:06:00
29,175,"['2010-09-12 21:14:00', '2010-09-13 04:36:00', '2010-09-15 05:08:00', '2010-09-15 08:42:00', '2010-09-15 22:01:00', '2010-09-15 22:25:00', '2010-09-16 11:09:00', '2010-09-16 22:34:00', '2010-09-17 04:21:00', '2010-09-17 17:36:00', '2010-09-18 08:52:00', '2010-09-19 02:56:00', '2010-09-22 14:42:00']","['B1.9', 'B2.1', 'B5.0', 'B2.8', 'B3.4', 'B5.3', 'B4.6', 'B4.6', 'B2.5', 'B2.7', 'B4.2', 'B2.4', 'B2.7']",2010-09-12 21:10:00,2010-09-22 14:56:00
30,187,"['2010-09-24 01:25:00', '2010-09-25 02:23:00', '2010-09-25 09:51:00', '2010-09-26 02:49:00', '2010-09-26 03:47:00', '2010-09-26 04:49:00', '2010-09-26 05:42:00', '2010-09-26 09:26:00', '2010-09-26 18:48:00', '2010-09-26 20:26:00', '2010-09-26 20:45:00', '2010-09-26 21:32:00', '2010-09-27 14:44:00', '2010-09-27 21:50:00', '2010-09-27 21:58:00', '2010-09-28 14:22:00', '2010-09-30 05:03:00', '2010-09-30 23:20:00', '2010-10-01 04:56:00', '2010-10-02 23:37:00']","['B2.9', 'B4.0', 'B2.8', 'B2.0', 'B2.2', 'B3.0', 'B2.5', 'B5.3', 'B2.2', 'B1.9', 'B2.5', 'B3.3', 'B1.6', 'B3.9', 'B6.1', 'B2.8', 'B5.7', 'B2.8', 'B2.4', 'B1.9']",2010-09-24 01:20:00,2010-10-02 23:43:00
31,190,"['2010-09-26 14:16:00', '2010-09-27 00:18:00', '2010-09-28 15:05:00', '2010-09-28 21:12:00', '2010-09-28 22:11:00', '2010-09-29 01:26:00', '2010-09-30 17:10:00']","['B3.3', 'B3.3', 'B5.2', 'B6.1', 'C2.0', 'B6.6', 'B2.4']",2010-09-26 14:11:00,2010-09-30 17:18:00
32,185,"['2010-09-28 02:41:00', '2010-09-28 02:47:00']","['B2.3', 'B2.1']",2010-09-28 02:37:00,2010-09-28 02:49:00
33,198,"['2010-10-03 19:23:00', '2010-10-03 21:46:00', '2010-10-04 15:10:00']","['B1.2', 'B1.7', 'B1.2']",2010-10-03 19:20:00,2010-10-04 15:25:00
34,211,"['2010-10-10 06:48:00', '2010-10-10 08:44:00', '2010-10-10 09:42:00', '2010-10-14 12:17:00', '2010-10-14 13:59:00', '2010-10-14 14:26:00', '2010-10-15 22:57:00', '2010-10-16 01:46:00', '2010-10-16 17:03:00', '2010-10-16 19:12:00', '2010-10-17 00:11:00', '2010-10-17 00:34:00', '2010-10-17 08:30:00', '2010-10-17 08:59:00', '2010-10-17 10:58:00', '2010-10-17 13:28:00', '2010-10-17 17:39:00', '2010-10-18 05:51:00', '2010-10-18 11:40:00', '2010-10-18 13:11:00', '2010-10-18 16:43:00', '2010-10-19 02:44:00', '2010-10-19 06:51:00', '2010-10-19 10:14:00', '2010-10-19 14:51:00', '2010-10-19 16:04:00', '2010-10-19 18:26:00', '2010-10-19 23:05:00', '2010-10-20 00:12:00', '2010-10-20 01:03:00']","['B2.3', 'B1.8', 'B5.5', 'B3.9', 'B3.4', 'B3.9', 'B1.2', 'B2.6', 'B7.2', 'M2.9', 'B1.5', 'B4.5', 'B1.7', 'C1.7', 'B7.7', 'B2.3', 'C1.6', 'B4.4', 'C1.2', 'B4.5', 'C2.5', 'B7.3', 'C1.3', 'C1.1', 'B5.8', 'B3.2', 'B2.2', 'B2.9', 'B1.6', 'B3.3']",2010-10-10 09:35:00,2010-10-20 00:16:00
35,218,"['2010-10-15 08:17:00', '2010-10-15 13:07:00', '2010-10-19 13:24:00']","['B1.2', 'B1.0', 'B5.1']",2010-10-15 13:03:00,2010-10-19 13:29:00
36,220,"['2010-10-19 12:43:00', '2010-10-22 21:31:00', '2010-10-22 22:49:00', '2010-10-23 17:38:00', '2010-10-26 03:16:00']","['B2.6', 'B1.6', 'B1.8', 'B3.6', 'B6.3']",2010-10-19 12:40:00,2010-10-26 03:19:00
37,226,"['2010-10-21 05:27:00', '2010-10-21 08:52:00', '2010-10-21 08:52:00', '2010-10-22 07:59:00', '2010-10-23 13:18:00', '2010-10-23 20:11:00', '2010-10-24 09:26:00', '2010-10-24 10:51:00', '2010-10-24 12:02:00', '2010-10-24 12:20:00', '2010-10-24 13:05:00', '2010-10-24 14:01:00', '2010-10-24 14:30:00', '2010-10-24 17:29:00', '2010-10-24 19:40:00', '2010-10-24 21:46:00', '2010-10-25 04:06:00', '2010-10-25 05:58:00', '2010-10-25 08:17:00', '2010-10-25 12:17:00', '2010-10-25 13:18:00', '2010-10-25 13:36:00', '2010-10-25 21:53:00', '2010-10-25 22:12:00', '2010-10-26 00:28:00', '2010-10-26 02:17:00', '2010-10-26 06:38:00', '2010-10-26 07:29:00', '2010-10-26 08:30:00', '2010-10-26 23:12:00', '2010-10-27 06:13:00', '2010-10-27 09:26:00', '2010-10-27 09:54:00', '2010-10-27 11:07:00', '2010-10-27 11:07:00', '2010-10-27 13:12:00', '2010-10-27 17:04:00', '2010-10-27 21:59:00', '2010-10-29 01:37:00', '2010-10-29 04:34:00', '2010-10-29 04:51:00', '2010-10-29 05:38:00', '2010-10-29 06:39:00', '2010-10-29 11:43:00', '2010-10-29 16:19:00', '2010-10-29 17:32:00', '2010-10-30 03:48:00', '2010-10-30 04:16:00', '2010-10-30 05:39:00', '2010-10-30 13:33:00', '2010-10-31 01:16:00']","['B1.6', 'B2.3', 'B2.3', 'B1.4', 'B1.4', 'B4.7', 'B2.4', 'B2.5', 'B4.1', 'B4.0', 'B3.3', 'B3.8', 'B1.9', 'B1.9', 'B1.4', 'B3.0', 'B1.7', 'B2.1', 'B3.1', 'B6.4', 'B2.7', 'B3.0', 'B6.9', 'C2.3', 'B8.4', 'B3.8', 'B2.8', 'B4.8', 'B3.3', 'B2.2', 'B7.0', 'B1.9', 'B2.9', 'B2.0', 'B2.0', 'B1.5', 'C1.2', 'B1.8', 'B3.2', 'B1.5', 'B1.9', 'B3.9', 'B1.8', 'B1.4', 'B1.8', 'B4.0', 'B3.1', 'B3.4', 'B6.5', 'B1.8', 'B5.1']",2010-10-21 05:23:00,2010-10-31 01:19:00
38,224,"['2010-10-26 04:29:00', '2010-10-26 08:14:00', '2010-10-26 22:40:00', '2010-10-26 22:40:00']","['B5.6', 'C1.0', 'B1.6', 'B1.6']",2010-10-26 08:09:00,2010-10-26 22:48:00
39,245,"['2010-11-06 02:38:00', '2010-11-06 04:21:00', '2010-11-06 04:21:00', '2010-11-06 04:47:00', '2010-11-06 04:47:00', '2010-11-06 08:32:00', '2010-11-06 08:32:00', '2010-11-06 15:36:00', '2010-11-06 19:11:00', '2010-11-06 19:11:00', '2010-11-07 00:05:00', '2010-11-07 00:05:00', '2010-11-07 01:41:00', '2010-11-07 13:58:00', '2010-11-07 16:31:00', '2010-11-07 18:29:00', '2010-11-07 23:58:00', '2010-11-07 23:58:00', '2010-11-08 02:39:00', '2010-11-08 02:39:00', '2010-11-09 01:28:00', '2010-11-09 05:15:00', '2010-11-09 14:00:00', '2010-11-10 01:49:00', '2010-11-10 02:46:00', '2010-11-10 04:06:00', '2010-11-10 04:06:00', '2010-11-10 12:31:00', '2010-11-10 14:16:00', '2010-11-10 16:39:00', '2010-11-10 17:46:00', '2010-11-10 22:09:00', '2010-11-10 22:55:00', '2010-11-11 02:14:00', '2010-11-11 04:55:00', '2010-11-11 05:24:00', '2010-11-11 07:24:00', '2010-11-11 10:00:00', '2010-11-11 10:16:00', '2010-11-11 13:07:00', '2010-11-11 19:30:00', '2010-11-11 19:30:00', '2010-11-12 01:34:00', '2010-11-12 03:53:00', '2010-11-12 05:21:00', '2010-11-12 08:11:00', '2010-11-12 09:01:00', '2010-11-12 09:01:00', '2010-11-12 11:23:00', '2010-11-12 11:23:00', '2010-11-12 11:57:00', '2010-11-12 11:57:00', '2010-11-12 11:57:00', '2010-11-12 13:52:00', '2010-11-13 11:39:00', '2010-11-14 00:01:00', '2010-11-14 00:01:00', '2010-11-14 03:38:00', '2010-11-14 03:38:00', '2010-11-15 14:42:00', '2010-11-16 03:02:00']","['C2.0', 'B6.0', 'B6.0', 'C4.5', 'C4.5', 'C1.6', 'C1.6', 'M5.4', 'C1.4', 'C1.4', 'B8.5', 'B8.5', 'C5.4', 'B5.2', 'B2.0', 'B3.3', 'B1.7', 'B1.7', 'B1.8', 'B1.8', 'B1.6', 'B1.5', 'B3.0', 'B2.1', 'B1.5', 'B6.5', 'B6.5', 'B8.9', 'B6.0', 'B9.0', 'B2.6', 'B2.8', 'B6.0', 'C2.9', 'B5.3', 'C1.1', 'C4.7', 'B2.2', 'B4.3', 'C2.2', 'C1.1', 'C1.1', 'C4.6', 'C1.0', 'C1.1', 'C1.5', 'B4.0', 'B4.0', 'B2.1', 'B2.1', 'B2.2', 'B2.2', 'B2.2', 'C1.5', 'C1.3', 'C1.1', 'C1.1', 'B2.0', 'B2.0', 'B7.6', 'B3.8']",2010-11-06 04:12:00,2010-11-16 03:04:00
40,252,"['2010-11-11 19:01:00', '2010-11-11 20:53:00', '2010-11-13 16:06:00', '2010-11-13 17:27:00', '2010-11-13 17:27:00', '2010-11-13 17:50:00', '2010-11-14 05:42:00', '2010-11-14 08:55:00', '2010-11-14 09:22:00', '2010-11-14 10:30:00', '2010-11-14 12:48:00', '2010-11-15 03:34:00', '2010-11-15 07:49:00', '2010-11-15 10:36:00', '2010-11-15 11:54:00', '2010-11-17 00:40:00', '2010-11-18 06:53:00', '2010-11-18 06:53:00', '2010-11-18 10:10:00', '2010-11-18 11:40:00']","['B9.4', 'B9.0', 'B2.0', 'B5.7', 'B5.7', 'B2.8', 'B1.8', 'B2.2', 'B2.6', 'B3.7', 'B2.4', 'B9.2', 'C2.3', 'B3.1', 'B9.5', 'B2.5', 'B4.0', 'B4.0', 'B2.0', 'B3.3']",2010-11-11 20:47:00,2010-11-18 06:57:00
41,256,"['2010-11-15 20:59:00', '2010-11-15 22:30:00', '2010-11-16 00:38:00', '2010-11-16 07:15:00', '2010-11-17 04:38:00', '2010-11-18 13:07:00']","['B4.5', 'B8.3', 'B4.5', 'B3.6', 'B7.8', 'B2.4']",2010-11-15 22:25:00,2010-11-18 13:15:00
42,259,"['2010-11-23 09:20:00', '2010-11-23 09:20:00', '2010-11-25 19:02:00', '2010-11-25 21:03:00']","['B1.3', 'B1.3', 'B2.0', 'B1.2']",2010-11-23 08:59:00,2010-11-25 19:23:00
43,273,['2010-11-28 04:08:00'],['B1.3'],2010-11-28 04:05:00,2010-11-28 04:10:00
44,274,"['2010-11-29 04:33:00', '2010-11-29 05:30:00', '2010-11-29 09:23:00', '2010-11-29 11:03:00', '2010-11-29 13:39:00', '2010-11-29 14:47:00', '2010-11-29 15:30:00', '2010-11-30 04:54:00', '2010-11-30 05:33:00', '2010-11-30 08:38:00', '2010-11-30 20:23:00', '2010-11-30 20:45:00', '2010-12-01 00:16:00', '2010-12-01 02:44:00', '2010-12-01 05:00:00', '2010-12-01 06:22:00', '2010-12-01 09:18:00', '2010-12-01 09:56:00', '2010-12-01 11:48:00', '2010-12-01 18:45:00', '2010-12-02 03:06:00', '2010-12-02 12:24:00']","['B1.2', 'B2.4', 'B1.6', 'B1.6', 'B1.9', 'B2.6', 'B1.9', 'B1.8', 'B1.8', 'B2.1', 'B2.7', 'B8.1', 'B2.7', 'B2.4', 'B2.6', 'C1.0', 'B1.9', 'B3.7', 'B3.9', 'B6.1', 'B1.7', 'B2.1']",2010-11-29 09:20:00,2010-12-02 12:29:00
45,279,"['2010-12-03 06:58:00', '2010-12-03 06:58:00', '2010-12-05 05:06:00', '2010-12-05 13:06:00', '2010-12-05 13:06:00', '2010-12-08 05:08:00', '2010-12-08 05:08:00', '2010-12-09 03:20:00', '2010-12-11 11:17:00']","['B5.3', 'B5.3', 'B2.3', 'B2.2', 'B2.2', 'B1.4', 'B1.4', 'B1.3', 'B4.0']",2010-12-03 06:51:00,2010-12-11 11:20:00
46,285,"['2010-12-04 14:01:00', '2010-12-04 21:18:00', '2010-12-05 02:08:00']","['B1.9', 'B5.6', 'B2.5']",2010-12-04 21:11:00,2010-12-05 02:11:00
47,284,"['2010-12-07 07:39:00', '2010-12-07 07:39:00', '2010-12-12 18:49:00', '2010-12-14 15:50:00', '2010-12-14 15:50:00', '2010-12-15 14:40:00', '2010-12-15 14:40:00']","['B1.9', 'B1.9', 'B5.9', 'C2.3', 'C2.3', 'B2.2', 'B2.2']",2010-12-07 07:19:00,2010-12-15 14:42:00
48,297,"['2010-12-13 13:30:00', '2010-12-15 04:35:00', '2010-12-15 06:39:00', '2010-12-15 12:10:00', '2010-12-15 22:25:00', '2010-12-15 23:29:00', '2010-12-16 04:27:00', '2010-12-17 07:44:00', '2010-12-17 07:44:00', '2010-12-17 09:06:00', '2010-12-17 22:53:00', '2010-12-19 04:55:00']","['B2.7', 'B5.0', 'C5.3', 'B5.8', 'B1.6', 'B3.6', 'B7.4', 'B4.9', 'B4.9', 'B2.1', 'B2.4', 'B1.1']",2010-12-13 13:24:00,2010-12-19 05:06:00
49,318,"['2010-12-27 12:41:00', '2010-12-27 12:41:00', '2010-12-27 14:24:00', '2010-12-27 17:17:00', '2010-12-27 17:17:00', '2010-12-27 18:39:00', '2010-12-27 18:39:00', '2010-12-31 04:25:00']","['B1.0', 'B1.0', 'B1.2', 'B1.5', 'B1.5', 'B1.2', 'B1.2', 'C1.3']",2010-12-27 17:14:00,2010-12-31 04:32:00
50,323,"['2011-01-01 00:53:00', '2011-01-01 00:53:00', '2011-01-01 19:44:00', '2011-01-01 21:59:00', '2011-01-02 09:10:00', '2011-01-02 16:07:00', '2011-01-02 16:07:00', '2011-01-02 19:15:00', '2011-01-02 19:15:00', '2011-01-02 20:12:00', '2011-01-02 20:12:00', '2011-01-04 23:45:00', '2011-01-05 23:58:00', '2011-01-05 23:58:00', '2011-01-09 13:51:00', '2011-01-09 13:51:00', '2011-01-10 10:28:00', '2011-01-10 13:47:00', '2011-01-10 19:21:00', '2011-01-10 21:06:00', '2011-01-10 21:06:00']","['B2.2', 'B2.2', 'B3.1', 'B8.3', 'B4.6', 'B3.0', 'B3.0', 'B1.5', 'B1.5', 'B2.3', 'B2.3', 'B4.2', 'B1.8', 'B1.8', 'B1.3', 'B1.3', 'B4.6', 'B2.3', 'B1.7', 'B2.5', 'B2.5']",2011-01-01 00:49:00,2011-01-10 13:49:00
51,325,"['2011-01-03 13:25:00', '2011-01-03 13:53:00', '2011-01-03 15:41:00', '2011-01-04 02:25:00', '2011-01-04 03:25:00', '2011-01-04 08:01:00', '2011-01-04 09:47:00', '2011-01-04 19:45:00']","['B2.6', 'B4.2', 'B3.3', 'B2.9', 'C1.9', 'B3.3', 'B6.4', 'B1.9']",2011-01-03 13:19:00,2011-01-04 19:48:00
52,327,"['2011-01-03 22:22:00', '2011-01-03 23:35:00']","['B3.6', 'C1.1']",2011-01-03 22:01:00,2011-01-03 23:46:00
53,321,['2011-01-07 00:06:00'],['B1.2'],2011-01-07 00:01:00,2011-01-07 00:09:00
54,338,"['2011-01-10 08:49:00', '2011-01-12 00:42:00', '2011-01-12 00:42:00', '2011-01-12 03:27:00']","['B2.0', 'B1.1', 'B1.1', 'B1.0']",2011-01-10 08:45:00,2011-01-12 00:44:00
55,345,"['2011-01-16 15:44:00', '2011-01-16 18:45:00', '2011-01-17 03:29:00', '2011-01-17 06:34:00', '2011-01-17 09:44:00', '2011-01-17 12:00:00', '2011-01-17 12:55:00', '2011-01-17 13:19:00', '2011-01-17 17:20:00', '2011-01-17 18:56:00', '2011-01-17 20:29:00', '2011-01-17 21:51:00', '2011-01-18 01:44:00', '2011-01-18 02:28:00', '2011-01-18 03:56:00', '2011-01-19 01:21:00', '2011-01-19 02:23:00', '2011-01-19 08:47:00', '2011-01-19 23:43:00', '2011-01-19 23:43:00', '2011-01-20 20:27:00', '2011-01-20 20:27:00', '2011-01-20 23:03:00', '2011-01-20 23:55:00', '2011-01-21 02:38:00', '2011-01-21 04:17:00', '2011-01-21 07:01:00', '2011-01-21 09:57:00', '2011-01-21 10:55:00', '2011-01-21 11:53:00', '2011-01-21 12:15:00', '2011-01-21 14:38:00', '2011-01-21 14:38:00', '2011-01-21 15:21:00', '2011-01-21 15:21:00', '2011-01-21 17:12:00', '2011-01-21 17:12:00', '2011-01-21 20:31:00', '2011-01-21 23:36:00', '2011-01-22 01:14:00', '2011-01-22 01:14:00', '2011-01-22 02:00:00', '2011-01-22 02:00:00', '2011-01-22 08:28:00', '2011-01-22 11:38:00', '2011-01-22 13:21:00', '2011-01-22 13:21:00', '2011-01-22 19:10:00', '2011-01-22 19:10:00', '2011-01-22 22:26:00', '2011-01-22 22:26:00', '2011-01-23 01:13:00', '2011-01-23 09:53:00', '2011-01-23 09:53:00', '2011-01-23 11:53:00', '2011-01-23 11:53:00', '2011-01-23 12:29:00', '2011-01-23 18:20:00', '2011-01-23 18:20:00', '2011-01-23 23:50:00', '2011-01-23 23:50:00', '2011-01-24 00:53:00', '2011-01-24 03:35:00', '2011-01-24 03:35:00', '2011-01-24 09:54:00', '2011-01-24 09:54:00', '2011-01-25 03:28:00', '2011-01-26 00:37:00', '2011-01-26 00:37:00', '2011-01-26 02:11:00', '2011-01-26 02:11:00', '2011-01-26 04:06:00', '2011-01-26 06:57:00', '2011-01-26 08:57:00', '2011-01-26 15:18:00', '2011-01-26 17:03:00', '2011-01-26 21:47:00', '2011-01-26 22:09:00', '2011-01-27 02:13:00']","['B2.4', 'B1.6', 'B1.1', 'B4.1', 'B1.5', 'B3.4', 'B2.9', 'B2.6', 'B2.2', 'B1.7', 'B1.4', 'B5.8', 'B2.0', 'B1.9', 'B1.8', 'B1.1', 'B1.4', 'B1.0', 'B2.5', 'B2.5', 'B1.1', 'B1.1', 'B2.9', 'B2.4', 'B2.7', 'C3.3', 'B9.5', 'B4.5', 'B4.5', 'B3.9', 'C1.0', 'C1.4', 'C1.4', 'C1.1', 'C1.1', 'C2.2', 'C2.2', 'C1.3', 'B3.2', 'B1.7', 'B1.7', 'B1.5', 'B1.5', 'C2.4', 'B3.7', 'B4.3', 'B4.3', 'B1.7', 'B1.7', 'B2.3', 'B2.3', 'B2.3', 'B2.6', 'B2.6', 'B2.0', 'B2.0', 'B1.4', 'B2.8', 'B2.8', 'B1.6', 'B1.6', 'B2.2', 'B2.1', 'B2.1', 'B2.3', 'B2.3', 'B1.0', 'B1.5', 'B1.5', 'B3.2', 'B3.2', 'B2.3', 'B1.8', 'B1.1', 'B2.0', 'A9.5', 'B2.7', 'B3.2', 'B4.3']",2011-01-16 15:41:00,2011-01-27 02:26:00
56,355,"['2011-01-28 16:14:00', '2011-01-29 03:36:00', '2011-01-29 08:03:00', '2011-01-29 11:57:00', '2011-01-29 16:32:00', '2011-01-29 16:58:00', '2011-01-30 12:58:00', '2011-01-31 02:14:00', '2011-01-31 06:19:00', '2011-01-31 19:05:00', '2011-01-31 20:01:00', '2011-02-01 00:13:00', '2011-02-01 12:31:00', '2011-02-01 23:42:00', '2011-02-02 00:35:00', '2011-02-02 02:48:00', '2011-02-02 06:20:00', '2011-02-02 10:29:00']","['B2.4', 'B6.7', 'B1.4', 'B7.3', 'B1.8', 'B2.8', 'B1.3', 'B1.0', 'B1.3', 'B1.0', 'B1.5', 'B3.0', 'B1.4', 'B4.5', 'B4.1', 'B1.1', 'B4.1', 'B2.0']",2011-01-28 16:09:00,2011-02-02 10:36:00
57,361,"['2011-02-03 17:35:00', '2011-02-04 01:43:00', '2011-02-04 04:10:00', '2011-02-04 07:40:00', '2011-02-04 12:20:00', '2011-02-04 17:36:00', '2011-02-04 19:39:00', '2011-02-05 00:07:00']","['B2.0', 'B2.0', 'B1.1', 'B2.7', 'B9.5', 'B1.3', 'B6.9', 'B3.6']",2011-02-03 17:28:00,2011-02-05 00:11:00
58,362,"['2011-02-07 10:20:00', '2011-02-07 13:35:00', '2011-02-07 21:29:00', '2011-02-08 01:59:00', '2011-02-08 06:57:00', '2011-02-08 08:22:00', '2011-02-08 10:31:00', '2011-02-08 11:40:00', '2011-02-08 14:49:00', '2011-02-08 18:54:00', '2011-02-08 21:12:00']","['B1.0', 'B1.9', 'B1.3', 'B2.0', 'B1.9', 'B1.9', 'B1.6', 'B1.9', 'B5.0', 'C1.0', 'C4.0']",2011-02-07 10:17:00,2011-02-08 18:56:00
59,364,['2011-02-09 05:47:00'],['B4.3'],2011-02-09 05:42:00,2011-02-09 05:54:00
60,367,"['2011-02-10 14:42:00', '2011-02-10 20:53:00']","['B6.7', 'B5.3']",2011-02-10 14:38:00,2011-02-10 20:57:00
61,371,['2011-02-12 15:06:00'],['C2.6'],2011-02-12 14:30:00,2011-02-12 15:21:00
62,377,"['2011-02-13 00:42:00', '2011-02-13 12:36:00', '2011-02-13 13:56:00', '2011-02-13 17:38:00', '2011-02-14 02:42:00', '2011-02-14 04:49:00', '2011-02-14 06:58:00', '2011-02-14 08:49:00', '2011-02-14 12:00:00', '2011-02-14 12:53:00', '2011-02-14 14:27:00', '2011-02-14 17:26:00', '2011-02-14 19:30:00', '2011-02-14 23:19:00', '2011-02-14 23:46:00', '2011-02-15 01:56:00', '2011-02-15 14:44:00', '2011-02-15 18:44:00', '2011-02-15 20:33:00', '2011-02-15 22:54:00', '2011-02-16 02:00:00', '2011-02-16 09:11:00', '2011-02-16 10:32:00', '2011-02-16 12:02:00', '2011-02-16 14:25:00', '2011-02-16 15:32:00', '2011-02-16 20:15:00', '2011-02-16 21:11:00', '2011-02-17 00:25:00', '2011-02-17 01:46:00', '2011-02-17 03:08:00', '2011-02-17 04:15:00', '2011-02-17 05:36:00', '2011-02-17 06:47:00', '2011-02-17 08:13:00', '2011-02-17 09:30:00', '2011-02-17 10:28:00', '2011-02-17 12:36:00', '2011-02-17 15:54:00', '2011-02-17 21:35:00', '2011-02-18 01:08:00', '2011-02-18 06:33:00', '2011-02-18 10:11:00', '2011-02-18 13:03:00', '2011-02-18 14:32:00', '2011-02-18 15:05:00', '2011-02-18 18:21:00', '2011-02-19 01:37:00', '2011-02-19 02:25:00', '2011-02-19 07:44:00']","['B8.5', 'C1.1', 'C4.7', 'M6.6', 'C1.6', 'C8.3', 'C6.6', 'C1.8', 'C1.7', 'C9.4', 'C7.0', 'M2.2', 'C6.6', 'C1.2', 'C2.7', 'X2.2', 'C4.8', 'C1.7', 'C6.6', 'C1.3', 'C2.2', 'C9.9', 'C3.2', 'C1.0', 'M1.6', 'C7.7', 'C1.1', 'C4.2', 'C2.8', 'C6.1', 'C2.3', 'C1.5', 'C1.0', 'C1.2', 'C1.2', 'C1.9', 'C2.6', 'C2.4', 'C1.3', 'C1.1', 'C1.7', 'C8.5', 'M6.6', 'M1.4', 'C4.0', 'C5.0', 'C3.2', 'C1.3', 'C1.8', 'C1.9']",2011-02-13 00:36:00,2011-02-19 07:47:00
63,384,"['2011-02-16 07:44:00', '2011-02-18 03:34:00', '2011-02-18 04:51:00', '2011-02-18 07:24:00', '2011-02-18 09:11:00', '2011-02-18 10:26:00', '2011-02-18 12:20:00', '2011-02-18 14:08:00', '2011-02-18 15:55:00', '2011-02-18 16:39:00', '2011-02-18 16:45:00', '2011-02-18 17:53:00', '2011-02-18 19:18:00', '2011-02-18 21:04:00', '2011-02-19 03:03:00', '2011-02-19 07:05:00', '2011-02-19 08:04:00', '2011-02-19 12:24:00', '2011-02-19 14:53:00', '2011-02-20 01:23:00', '2011-02-20 03:19:00', '2011-02-20 03:57:00', '2011-02-20 18:37:00', '2011-02-20 19:52:00', '2011-02-20 23:03:00', '2011-02-20 23:36:00', '2011-02-21 01:46:00', '2011-02-21 18:35:00', '2011-02-22 10:48:00', '2011-02-22 12:19:00', '2011-02-22 14:38:00', '2011-02-23 09:39:00', '2011-02-23 10:28:00', '2011-02-23 11:18:00', '2011-02-23 12:23:00']","['M1.1', 'C2.0', 'C4.0', 'C7.6', 'C4.2', 'M1.0', 'C3.0', 'M1.0', 'C5.5', 'C2.3', 'C2.1', 'C3.8', 'C7.1', 'M1.3', 'C3.4', 'C2.6', 'C8.5', 'C1.1', 'C1.0', 'C1.2', 'C1.4', 'C1.7', 'B6.2', 'B6.8', 'B3.2', 'B5.2', 'B8.8', 'C1.4', 'B6.5', 'B3.5', 'B2.7', 'B3.1', 'B3.7', 'B6.1', 'C1.2']",2011-02-16 07:35:00,2011-02-23 09:47:00
64,392,"['2011-02-25 22:33:00', '2011-02-26 00:59:00', '2011-02-26 16:15:00', '2011-02-26 20:50:00', '2011-03-04 17:19:00', '2011-03-05 12:41:00', '2011-03-05 12:48:00']","['B5.2', 'B9.0', 'B8.3', 'B4.3', 'C1.0', 'C1.0', 'C1.1']",2011-02-25 22:29:00,2011-03-05 12:53:00
65,393,"['2011-02-26 19:24:00', '2011-02-26 23:30:00', '2011-02-27 00:59:00', '2011-02-27 03:55:00', '2011-02-27 05:11:00', '2011-02-27 07:57:00', '2011-02-27 14:42:00', '2011-02-27 15:53:00', '2011-02-27 17:18:00', '2011-02-27 21:34:00', '2011-02-27 22:24:00', '2011-02-28 01:50:00', '2011-02-28 02:14:00', '2011-02-28 04:28:00', '2011-02-28 05:33:00', '2011-02-28 06:38:00', '2011-02-28 07:10:00', '2011-02-28 07:38:00', '2011-02-28 09:52:00', '2011-02-28 10:29:00', '2011-02-28 12:07:00', '2011-02-28 12:52:00', '2011-02-28 15:52:00', '2011-02-28 21:31:00', '2011-03-01 04:13:00', '2011-03-01 09:18:00', '2011-03-01 14:38:00', '2011-03-01 16:47:00', '2011-03-01 17:47:00', '2011-03-01 18:19:00', '2011-03-01 18:55:00', '2011-03-02 13:18:00', '2011-03-03 14:20:00', '2011-03-03 19:36:00', '2011-03-03 20:50:00', '2011-03-03 23:34:00', '2011-03-03 23:58:00', '2011-03-05 20:10:00', '2011-03-06 01:33:00', '2011-03-06 04:15:00', '2011-03-06 04:44:00', '2011-03-06 05:32:00', '2011-03-06 07:07:00', '2011-03-06 07:33:00', '2011-03-06 10:01:00', '2011-03-06 14:44:00', '2011-03-06 16:19:00', '2011-03-06 16:30:00', '2011-03-06 19:37:00', '2011-03-07 05:13:00', '2011-03-07 08:07:00', '2011-03-07 09:20:00', '2011-03-07 10:21:00', '2011-03-07 20:12:00', '2011-03-09 01:59:00']","['B3.9', 'B5.7', 'B7.3', 'C4.2', 'B2.7', 'B2.8', 'B6.1', 'B7.2', 'B2.9', 'B7.7', 'B6.8', 'B5.0', 'B5.0', 'B7.9', 'C1.7', 'C1.1', 'C2.0', 'C2.4', 'C1.5', 'B5.5', 'C1.2', 'M1.1', 'C1.0', 'C1.7', 'C6.0', 'C2.9', 'C1.1', 'C1.0', 'C1.3', 'C1.0', 'B9.8', 'C1.4', 'C5.4', 'C1.2', 'C2.7', 'C2.0', 'C2.1', 'C1.4', 'C1.8', 'C1.8', 'C1.7', 'C4.6', 'C2.8', 'C2.4', 'C3.1', 'C8.6', 'C4.7', 'C6.9', 'C2.3', 'M1.2', 'M1.4', 'M1.8', 'C4.9', 'M3.7', 'C5.6']",2011-02-26 19:20:00,2011-03-09 02:07:00
66,394,"['2011-03-05 01:10:00', '2011-03-05 02:49:00', '2011-03-05 05:22:00', '2011-03-05 09:08:00', '2011-03-05 10:17:00', '2011-03-05 11:49:00', '2011-03-05 12:10:00', '2011-03-05 12:26:00', '2011-03-05 13:41:00', '2011-03-05 14:25:00', '2011-03-06 02:08:00', '2011-03-06 03:45:00', '2011-03-06 08:33:00', '2011-03-06 09:04:00', '2011-03-06 10:40:00', '2011-03-06 21:57:00', '2011-03-06 23:35:00', '2011-03-07 02:12:00']","['C2.2', 'C1.6', 'C1.2', 'C2.2', 'C1.4', 'C1.6', 'C1.2', 'C1.0', 'C1.3', 'C1.0', 'C2.1', 'C3.7', 'C1.6', 'C2.6', 'C7.5', 'C1.4', 'C2.2', 'C3.0']",2011-03-05 01:05:00,2011-03-07 02:22:00
67,401,"['2011-03-06 12:09:00', '2011-03-06 15:27:00', '2011-03-07 14:30:00', '2011-03-08 23:14:00', '2011-03-09 08:55:00', '2011-03-09 11:07:00', '2011-03-09 14:02:00', '2011-03-09 22:12:00', '2011-03-09 23:23:00', '2011-03-10 03:58:00', '2011-03-10 07:12:00', '2011-03-10 13:46:00', '2011-03-10 14:24:00', '2011-03-11 02:29:00', '2011-03-11 04:32:00', '2011-03-11 11:15:00', '2011-03-11 11:47:00', '2011-03-11 16:07:00', '2011-03-11 22:20:00', '2011-03-11 22:43:00', '2011-03-12 04:43:00', '2011-03-12 12:29:00', '2011-03-12 13:00:00', '2011-03-12 15:29:00', '2011-03-12 21:47:00', '2011-03-13 13:33:00', '2011-03-13 14:42:00', '2011-03-13 19:44:00', '2011-03-14 00:20:00', '2011-03-14 01:38:00', '2011-03-14 02:47:00']","['C5.1', 'C3.9', 'M1.9', 'C7.7', 'C9.4', 'M1.7', 'M1.7', 'C9.4', 'X1.5', 'C2.9', 'C6.2', 'C4.7', 'C2.0', 'C2.8', 'C5.5', 'C2.0', 'C3.6', 'C1.1', 'C1.0', 'C1.0', 'M1.3', 'C2.2', 'C7.0', 'C9.6', 'B9.0', 'C6.7', 'C6.4', 'B7.1', 'C4.0', 'B8.5', 'B6.3']",2011-03-06 15:21:00,2011-03-14 02:50:00
68,407,"['2011-03-06 13:50:00', '2011-03-09 16:48:00', '2011-03-12 09:07:00', '2011-03-12 10:27:00', '2011-03-12 17:38:00', '2011-03-12 22:23:00', '2011-03-12 22:51:00', '2011-03-13 01:49:00', '2011-03-13 21:59:00', '2011-03-14 05:08:00', '2011-03-14 10:42:00', '2011-03-14 13:42:00', '2011-03-14 16:09:00', '2011-03-14 18:49:00', '2011-03-14 19:17:00', '2011-03-14 22:59:00', '2011-03-14 23:37:00', '2011-03-15 00:22:00', '2011-03-15 03:09:00', '2011-03-15 04:20:00', '2011-03-15 09:42:00', '2011-03-15 11:25:00', '2011-03-15 13:15:00', '2011-03-15 17:35:00', '2011-03-15 19:02:00', '2011-03-15 21:59:00', '2011-03-15 22:17:00', '2011-03-16 03:40:00', '2011-03-16 05:02:00']","['C6.0', 'C2.7', 'B9.3', 'C2.2', 'C1.2', 'C1.4', 'C2.2', 'B7.5', 'C1.7', 'C1.0', 'B8.7', 'B9.7', 'C2.2', 'B7.6', 'B6.6', 'B7.4', 'C5.2', 'M1.0', 'B8.9', 'B7.5', 'C2.6', 'C1.1', 'B5.6', 'C2.9', 'B5.6', 'B5.3', 'B6.1', 'B7.5', 'B8.3']",2011-03-06 13:31:00,2011-03-16 03:44:00
69,414,['2011-03-08 09:35:00'],['C4.7'],2011-03-08 09:32:00,2011-03-08 09:39:00
70,415,"['2011-03-09 02:21:00', '2011-03-09 02:33:00']","['C4.7', 'C6.4']",2011-03-09 02:18:00,2011-03-09 02:36:00
71,421,"['2011-03-12 16:37:00', '2011-03-14 08:15:00', '2011-03-19 16:34:00', '2011-03-19 20:16:00', '2011-03-19 21:44:00']","['C1.6', 'C1.4', 'B2.7', 'B3.4', 'B2.9']",2011-03-12 16:26:00,2011-03-19 21:47:00
72,429,['2011-03-18 11:45:00'],['B3.3'],2011-03-18 11:40:00,2011-03-18 11:50:00
73,437,"['2011-03-24 02:55:00', '2011-03-24 11:20:00', '2011-03-24 12:07:00', '2011-03-24 15:37:00', '2011-03-24 16:58:00', '2011-03-24 17:06:00', '2011-03-24 17:19:00', '2011-03-24 18:27:00', '2011-03-24 18:57:00', '2011-03-24 20:24:00', '2011-03-24 20:57:00', '2011-03-25 02:59:00', '2011-03-25 17:13:00', '2011-03-25 23:22:00', '2011-03-26 14:45:00', '2011-03-27 12:57:00', '2011-03-27 14:00:00', '2011-03-28 11:39:00', '2011-03-28 18:56:00', '2011-03-30 11:49:00', '2011-03-30 22:10:00', '2011-03-31 21:39:00', '2011-03-31 22:21:00', '2011-04-01 01:56:00', '2011-04-01 03:54:00', '2011-04-02 23:47:00']","['B6.2', 'B5.8', 'M1.0', 'C1.6', 'B6.6', 'C9.1', 'B9.6', 'B8.4', 'C1.3', 'B6.8', 'C1.4', 'B9.5', 'C1.0', 'M1.0', 'B6.6', 'B7.6', 'B5.9', 'C1.4', 'B9.0', 'B9.0', 'B5.0', 'B7.0', 'C1.6', 'C3.4', 'C3.1', 'B8.3']",2011-03-24 12:01:00,2011-04-02 23:55:00
74,443,['2011-03-27 23:26:00'],['C1.0'],2011-03-27 23:18:00,2011-03-27 23:34:00
75,451,"['2011-03-29 05:15:00', '2011-03-29 21:29:00', '2011-03-30 20:05:00', '2011-03-31 02:02:00', '2011-04-01 22:23:00', '2011-04-02 03:26:00', '2011-04-02 14:38:00', '2011-04-03 05:19:00', '2011-04-04 17:13:00']","['C1.1', 'C1.2', 'C1.9', 'C1.2', 'B6.8', 'B4.6', 'B4.1', 'C1.2', 'B5.5']",2011-03-29 05:11:00,2011-04-04 17:15:00
76,444,['2011-04-04 04:47:00'],['B8.6'],2011-04-04 03:07:00,2011-04-04 05:17:00
77,480,"['2011-04-06 15:49:00', '2011-04-06 17:20:00', '2011-04-08 18:24:00', '2011-04-09 00:50:00', '2011-04-09 23:04:00', '2011-04-10 16:12:00', '2011-04-13 10:41:00', '2011-04-14 12:29:00', '2011-04-14 18:59:00']","['B9.6', 'B9.4', 'B7.4', 'B8.0', 'B5.0', 'B5.1', 'C1.4', 'C1.6', 'B8.2']",2011-04-06 17:12:00,2011-04-14 12:32:00
78,466,"['2011-04-09 02:02:00', '2011-04-09 04:00:00', '2011-04-09 15:45:00']","['B4.2', 'B4.4', 'C1.3']",2011-04-09 01:57:00,2011-04-09 15:58:00
79,495,"['2011-04-11 16:02:00', '2011-04-11 16:57:00', '2011-04-11 20:30:00', '2011-04-11 22:24:00', '2011-04-11 00:00:00', '2011-04-12 03:46:00', '2011-04-13 16:07:00', '2011-04-14 07:00:00', '2011-04-14 09:44:00', '2011-04-14 15:27:00', '2011-04-14 17:10:00', '2011-04-14 18:40:00', '2011-04-14 20:08:00', '2011-04-14 20:20:00', '2011-04-14 21:18:00', '2011-04-15 02:47:00', '2011-04-15 03:55:00', '2011-04-15 04:41:00', '2011-04-15 09:36:00', '2011-04-15 13:50:00', '2011-04-15 14:49:00', '2011-04-15 16:14:00', '2011-04-15 17:12:00', '2011-04-15 22:36:00', '2011-04-16 00:57:00', '2011-04-16 03:12:00', '2011-04-16 05:38:00', '2011-04-16 14:14:00', '2011-04-17 05:41:00']","['C1.2', 'B4.6', 'C1.8', 'B8.1', 'C2.5', 'C1.7', 'C1.1', 'C1.6', 'C2.3', 'C2.4', 'C1.1', 'B9.8', 'C1.7', 'B9.3', 'C1.1', 'B8.8', 'C1.8', 'C1.3', 'C1.6', 'C2.8', 'C2.0', 'C1.6', 'M1.3', 'C1.8', 'C5.2', 'C2.1', 'C3.5', 'C5.7', 'B7.1']",2011-04-11 22:11:00,2011-04-17 05:43:00
80,504,"['2011-04-14 05:27:00', '2011-04-14 06:18:00', '2011-04-15 11:36:00', '2011-04-16 02:01:00', '2011-04-16 21:02:00', '2011-04-18 02:43:00', '2011-04-18 16:02:00', '2011-04-19 11:20:00', '2011-04-20 09:28:00', '2011-04-23 12:52:00', '2011-04-23 16:07:00', '2011-04-23 19:03:00']","['C4.9', 'B8.5', 'C1.9', 'C1.4', 'B9.0', 'C1.8', 'B9.7', 'B9.0', 'B6.7', 'B8.1', 'B6.2', 'B6.7']",2011-04-14 06:15:00,2011-04-23 19:08:00
81,514,"['2011-04-20 04:31:00', '2011-04-20 19:39:00', '2011-04-20 23:16:00', '2011-04-21 06:39:00', '2011-04-21 08:38:00', '2011-04-21 09:48:00', '2011-04-21 14:51:00', '2011-04-21 22:07:00', '2011-04-22 00:20:00', '2011-04-22 04:57:00', '2011-04-22 07:32:00', '2011-04-22 08:09:00', '2011-04-22 09:46:00', '2011-04-22 11:25:00', '2011-04-22 12:36:00', '2011-04-22 14:07:00', '2011-04-22 14:47:00', '2011-04-22 14:59:00', '2011-04-22 15:53:00', '2011-04-22 17:07:00', '2011-04-22 19:35:00', '2011-04-22 20:57:00', '2011-04-22 21:59:00', '2011-04-22 22:46:00', '2011-04-22 23:00:00', '2011-04-23 02:00:00', '2011-04-23 02:47:00', '2011-04-23 03:13:00', '2011-04-23 03:53:00', '2011-04-23 04:19:00', '2011-04-23 04:59:00', '2011-04-23 07:34:00', '2011-04-23 10:32:00', '2011-04-23 14:22:00', '2011-04-25 16:06:00', '2011-04-27 14:00:00', '2011-04-27 23:04:00', '2011-04-28 02:40:00', '2011-04-28 10:47:00', '2011-04-29 20:48:00', '2011-04-29 22:55:00', '2011-04-30 11:51:00', '2011-04-30 12:28:00', '2011-04-30 13:26:00']","['C1.0', 'C4.0', 'B8.9', 'B8.3', 'C1.0', 'C8.5', 'C4.9', 'C4.5', 'C1.5', 'M1.8', 'C1.8', 'C2.5', 'C2.6', 'C7.7', 'C3.0', 'C1.3', 'C1.3', 'C1.4', 'M1.2', 'C5.5', 'C3.6', 'B9.5', 'C2.7', 'C2.4', 'C2.9', 'C1.3', 'B8.6', 'B6.1', 'C1.9', 'C1.1', 'C1.2', 'C2.4', 'B5.5', 'C1.0', 'B8.1', 'B4.5', 'B8.0', 'C1.0', 'B8.0', 'C1.8', 'C1.5', 'C3.2', 'C1.0', 'C3.2']",2011-04-20 23:02:00,2011-04-30 11:59:00
82,532,['2011-04-27 02:33:00'],['C2.0'],2011-04-27 02:26:00,2011-04-27 03:01:00
83,536,"['2011-04-28 09:03:00', '2011-04-28 09:22:00']","['B4.4', 'B6.7']",2011-04-28 09:15:00,2011-04-28 09:35:00
84,540,"['2011-04-28 10:19:00', '2011-04-28 11:58:00', '2011-04-28 21:12:00', '2011-04-29 01:29:00', '2011-04-30 04:20:00', '2011-04-30 08:19:00', '2011-04-30 09:04:00']","['B8.3', 'C2.4', 'B8.2', 'B8.9', 'B7.6', 'C1.5', 'C1.7']",2011-04-28 10:02:00,2011-04-30 08:28:00
85,538,"['2011-04-29 12:48:00', '2011-05-02 22:04:00', '2011-05-03 03:59:00', '2011-05-03 06:25:00']","['B6.6', 'B6.1', 'B9.2', 'B6.3']",2011-04-29 12:44:00,2011-05-03 06:35:00
86,556,"['2011-05-01 12:50:00', '2011-05-03 10:52:00', '2011-05-03 18:48:00', '2011-05-04 01:51:00', '2011-05-04 11:04:00', '2011-05-05 20:43:00', '2011-05-07 15:38:00', '2011-05-08 10:08:00']","['B5.8', 'C1.3', 'B4.1', 'B9.3', 'B4.5', 'B4.2', 'B3.3', 'B4.4']",2011-05-01 12:37:00,2011-05-08 10:13:00
87,580,"['2011-05-09 04:30:00', '2011-05-09 05:16:00', '2011-05-09 13:25:00', '2011-05-09 17:41:00', '2011-05-11 20:36:00', '2011-05-13 21:40:00', '2011-05-14 11:47:00']","['B5.6', 'C1.4', 'B7.1', 'C1.5', 'B3.2', 'B2.2', 'B1.8']",2011-05-09 05:11:00,2011-05-14 11:52:00
88,602,"['2011-05-15 13:08:00', '2011-05-16 22:19:00', '2011-05-16 23:23:00', '2011-05-17 01:09:00', '2011-05-17 02:43:00', '2011-05-17 20:23:00', '2011-05-21 07:42:00']","['B3.0', 'B3.5', 'B3.0', 'B3.5', 'B4.1', 'B5.3', 'B1.6']",2011-05-15 13:04:00,2011-05-21 07:49:00
89,587,"['2011-05-15 14:25:00', '2011-05-15 16:20:00', '2011-05-15 17:43:00', '2011-05-15 23:34:00', '2011-05-16 10:40:00', '2011-05-17 01:43:00']","['C1.3', 'B5.6', 'B8.4', 'C4.8', 'B5.7', 'B2.6']",2011-05-15 14:11:00,2011-05-17 01:48:00
90,610,"['2011-05-19 09:39:00', '2011-05-25 04:30:00', '2011-05-26 00:25:00']","['B2.2', 'B1.9', 'B1.3']",2011-05-19 09:38:00,2011-05-26 00:28:00
91,625,"['2011-05-25 20:14:00', '2011-05-25 21:03:00', '2011-05-25 21:58:00', '2011-05-25 22:31:00', '2011-05-26 01:10:00', '2011-05-27 09:53:00']","['B4.1', 'C1.1', 'C1.4', 'B3.0', 'B4.4', 'B4.4']",2011-05-25 20:09:00,2011-05-27 09:59:00
92,622,"['2011-05-29 01:59:00', '2011-05-30 02:52:00']","['C5.9', 'C3.2']",2011-05-29 01:54:00,2011-05-30 02:55:00
93,637,"['2011-05-29 21:20:00', '2011-05-30 05:49:00', '2011-05-30 11:01:00', '2011-05-31 04:43:00', '2011-05-31 05:53:00', '2011-05-31 17:12:00', '2011-06-01 16:16:00', '2011-06-01 16:31:00', '2011-06-01 17:08:00', '2011-06-02 02:44:00', '2011-06-02 06:36:00', '2011-06-02 07:46:00', '2011-06-02 09:47:00', '2011-06-03 13:48:00', '2011-06-03 16:17:00', '2011-06-03 18:53:00', '2011-06-03 22:42:00', '2011-06-04 15:53:00', '2011-06-05 02:14:00', '2011-06-06 01:35:00', '2011-06-06 08:58:00', '2011-06-06 09:50:00', '2011-06-06 19:26:00', '2011-06-06 21:19:00', '2011-06-07 06:41:00', '2011-06-08 16:45:00']","['C8.7', 'C3.5', 'C2.8', 'C1.8', 'C1.7', 'B6.9', 'C1.6', 'C2.9', 'C4.1', 'C1.2', 'C1.4', 'C3.7', 'C2.7', 'B4.0', 'C2.5', 'B4.3', 'C1.6', 'B6.2', 'B3.5', 'C1.2', 'B3.6', 'C1.0', 'B3.1', 'B3.7', 'M2.5', 'B6.9']",2011-05-29 20:11:00,2011-06-08 16:51:00
94,639,"['2011-06-01 02:53:00', '2011-06-04 16:47:00', '2011-06-06 13:20:00', '2011-06-06 14:36:00', '2011-06-06 15:06:00']","['C2.6', 'B7.8', 'B6.7', 'B8.8', 'B6.1']",2011-06-01 02:37:00,2011-06-06 14:39:00
95,643,['2011-06-01 05:05:00'],['B7.3'],2011-06-01 05:01:00,2011-06-01 05:09:00
96,650,"['2011-06-03 10:02:00', '2011-06-12 01:15:00']","['B5.6', 'B4.6']",2011-06-03 09:58:00,2011-06-12 01:49:00
97,661,"['2011-06-09 10:28:00', '2011-06-10 03:28:00', '2011-06-11 07:20:00', '2011-06-11 08:49:00', '2011-06-11 22:53:00', '2011-06-13 14:45:00', '2011-06-13 15:47:00', '2011-06-14 02:12:00', '2011-06-15 14:32:00', '2011-06-15 15:25:00', '2011-06-15 21:02:00', '2011-06-17 16:10:00', '2011-06-17 22:10:00', '2011-06-17 22:35:00', '2011-06-17 23:13:00', '2011-06-17 23:42:00', '2011-06-18 00:21:00', '2011-06-18 01:00:00', '2011-06-19 13:36:00']","['C1.0', 'B2.0', 'B2.8', 'B2.9', 'B3.4', 'B5.4', 'B4.7', 'B5.7', 'C3.2', 'B8.3', 'B7.5', 'B5.1', 'C1.1', 'B7.9', 'C1.4', 'C3.9', 'B8.6', 'B8.8', 'B8.4']",2011-06-09 10:20:00,2011-06-19 13:38:00
98,662,['2011-06-13 19:37:00'],['B5.3'],2011-06-13 19:33:00,2011-06-13 19:41:00
99,667,"['2011-06-15 11:50:00', '2011-06-15 13:50:00', '2011-06-16 04:07:00', '2011-06-16 10:22:00', '2011-06-16 15:43:00', '2011-06-16 23:16:00', '2011-06-17 02:41:00', '2011-06-18 10:42:00', '2011-06-19 02:41:00', '2011-06-21 03:25:00', '2011-06-23 12:40:00', '2011-06-23 14:07:00', '2011-06-23 22:33:00', '2011-06-24 15:49:00', '2011-06-24 20:45:00', '2011-06-25 10:20:00']","['C2.6', 'B7.9', 'B8.8', 'C7.1', 'C1.0', 'B6.3', 'B6.0', 'B4.8', 'B9.4', 'C7.7', 'B5.7', 'B4.3', 'B3.4', 'B4.4', 'B3.1', 'B4.3']",2011-06-15 11:41:00,2011-06-25 10:25:00
100,674,"['2011-06-18 22:22:00', '2011-06-18 23:19:00', '2011-06-19 16:37:00', '2011-06-23 02:13:00']","['B4.5', 'B3.1', 'C1.5', 'B2.8']",2011-06-18 23:16:00,2011-06-23 02:17:00
101,676,['2011-06-22 04:58:00'],['B2.8'],2011-06-22 04:53:00,2011-06-22 05:04:00
102,681,['2011-06-27 12:16:00'],['B3.2'],2011-06-27 12:13:00,2011-06-27 12:20:00
103,686,"['2011-06-29 09:53:00', '2011-06-29 17:05:00', '2011-07-02 11:21:00']","['B5.5', 'B2.3', 'B1.7']",2011-06-29 17:01:00,2011-07-02 11:25:00
104,685,"['2011-06-30 22:15:00', '2011-07-01 03:36:00', '2011-07-01 07:21:00', '2011-07-01 08:33:00', '2011-07-01 21:11:00', '2011-07-04 23:15:00', '2011-07-05 00:48:00', '2011-07-05 21:56:00', '2011-07-07 01:39:00', '2011-07-07 02:43:00', '2011-07-07 03:50:00', '2011-07-07 07:38:00', '2011-07-07 09:08:00', '2011-07-08 02:57:00']","['B3.5', 'B3.3', 'B5.3', 'B3.7', 'B2.4', 'B2.7', 'B1.6', 'B2.6', 'B2.2', 'C1.0', 'B1.5', 'B2.2', 'B1.7', 'B3.0']",2011-06-30 22:10:00,2011-07-08 03:09:00
105,684,"['2011-07-01 12:40:00', '2011-07-02 23:10:00', '2011-07-03 00:24:00', '2011-07-03 08:07:00', '2011-07-03 09:40:00', '2011-07-03 11:01:00', '2011-07-03 12:42:00', '2011-07-03 15:18:00']","['B4.1', 'B3.7', 'B9.5', 'B2.0', 'B4.8', 'C2.1', 'B4.8', 'B7.8']",2011-07-01 12:34:00,2011-07-03 12:48:00
106,700,"['2011-07-07 11:12:00', '2011-07-07 15:58:00', '2011-07-11 01:17:00']","['B6.3', 'B3.1', 'B3.6']",2011-07-07 11:05:00,2011-07-11 01:20:00
107,695,"['2011-07-08 09:47:00', '2011-07-08 11:51:00', '2011-07-08 13:31:00', '2011-07-08 15:03:00', '2011-07-08 18:20:00', '2011-07-09 00:28:00', '2011-07-10 16:38:00', '2011-07-12 14:49:00', '2011-07-12 15:33:00', '2011-07-13 04:27:00', '2011-07-13 09:35:00']","['C3.0', 'C2.8', 'C3.1', 'C2.3', 'B6.1', 'B4.7', 'B2.7', 'C1.9', 'B7.9', 'B5.0', 'B4.1']",2011-07-08 18:12:00,2011-07-13 09:39:00
108,702,['2011-07-11 11:03:00'],['C2.6'],2011-07-11 10:47:00,2011-07-11 11:10:00
109,725,"['2011-07-16 17:05:00', '2011-07-18 10:28:00', '2011-07-18 15:17:00', '2011-07-19 11:01:00', '2011-07-19 11:27:00', '2011-07-19 23:30:00', '2011-07-20 10:05:00', '2011-07-21 15:03:00', '2011-07-22 03:43:00', '2011-07-22 04:20:00']","['B6.2', 'C1.0', 'B4.3', 'B5.8', 'B7.1', 'B5.2', 'B7.2', 'B3.0', 'B3.1', 'B5.7']",2011-07-16 16:59:00,2011-07-22 03:46:00
110,705,"['2011-07-17 08:22:00', '2011-07-17 10:29:00', '2011-07-17 11:32:00', '2011-07-17 19:26:00']","['B4.9', 'B3.5', 'B4.1', 'B7.9']",2011-07-17 10:26:00,2011-07-17 19:46:00
111,714,['2011-07-18 23:40:00'],['B4.5'],2011-07-18 23:31:00,2011-07-18 23:58:00
112,746,"['2011-07-26 02:55:00', '2011-07-26 03:39:00', '2011-07-26 07:45:00', '2011-07-26 22:41:00', '2011-07-27 02:01:00', '2011-07-27 06:39:00', '2011-07-27 10:02:00', '2011-07-27 11:31:00', '2011-07-27 12:53:00', '2011-07-27 13:13:00', '2011-07-27 16:07:00', '2011-07-27 21:21:00', '2011-07-27 21:54:00', '2011-07-28 00:26:00', '2011-07-28 02:25:00', '2011-07-28 04:44:00', '2011-07-28 05:08:00', '2011-07-28 07:57:00', '2011-07-28 09:14:00', '2011-07-28 10:59:00', '2011-07-28 12:12:00', '2011-07-28 20:37:00', '2011-07-29 01:06:00', '2011-07-29 05:33:00', '2011-07-29 22:38:00']","['B7.6', 'C1.2', 'B6.5', 'C3.8', 'C3.0', 'C3.0', 'C3.0', 'C3.6', 'C2.0', 'C2.0', 'M1.1', 'C2.3', 'C2.5', 'C2.5', 'C5.2', 'C2.2', 'C1.6', 'C2.7', 'B9.1', 'C1.5', 'C5.3', 'C3.5', 'C4.1', 'C1.1', 'B6.9']",2011-07-26 03:17:00,2011-07-29 22:40:00
113,744,"['2011-07-27 22:17:00', '2011-07-28 07:05:00']","['C1.6', 'C1.9']",2011-07-27 22:11:00,2011-07-28 07:10:00
114,750,"['2011-07-29 00:39:00', '2011-07-29 02:24:00', '2011-07-29 03:48:00', '2011-07-29 04:35:00', '2011-07-29 05:23:00', '2011-07-29 06:20:00', '2011-07-29 07:13:00', '2011-07-29 08:07:00', '2011-07-29 08:37:00', '2011-07-29 12:17:00', '2011-07-29 16:40:00', '2011-07-30 02:09:00', '2011-07-30 15:38:00', '2011-07-30 19:01:00', '2011-07-30 19:41:00', '2011-07-31 02:54:00', '2011-07-31 22:04:00', '2011-08-01 07:32:00', '2011-08-01 12:40:00', '2011-08-01 16:00:00', '2011-08-01 17:06:00', '2011-08-01 22:01:00', '2011-08-01 22:13:00', '2011-08-02 01:02:00', '2011-08-02 06:19:00', '2011-08-02 09:27:00', '2011-08-02 14:13:00', '2011-08-02 17:23:00', '2011-08-02 23:42:00', '2011-08-03 03:37:00', '2011-08-03 06:46:00', '2011-08-03 07:58:00', '2011-08-03 10:04:00', '2011-08-03 13:48:00', '2011-08-04 01:09:00', '2011-08-04 02:23:00', '2011-08-04 03:57:00', '2011-08-04 08:02:00', '2011-08-04 09:20:00', '2011-08-04 10:12:00', '2011-08-04 11:49:00', '2011-08-04 14:17:00', '2011-08-04 21:15:00', '2011-08-04 22:50:00', '2011-08-04 23:00:00', '2011-08-04 23:28:00', '2011-08-05 08:02:00', '2011-08-05 09:25:00', '2011-08-05 10:30:00', '2011-08-05 19:45:00', '2011-08-05 21:08:00']","['C2.3', 'C1.0', 'C1.2', 'C1.1', 'B8.9', 'C1.1', 'B8.0', 'C1.4', 'C1.1', 'C3.9', 'C6.3', 'M9.3', 'B5.6', 'B4.9', 'B4.6', 'C3.8', 'C1.8', 'C4.0', 'C2.0', 'B9.4', 'C1.3', 'C1.8', 'C3.2', 'B9.9', 'M1.4', 'C2.0', 'B7.0', 'C1.1', 'B8.6', 'M1.1', 'C1.1', 'C8.7', 'C1.0', 'M6.0', 'C1.7', 'C3.2', 'M9.3', 'C3.5', 'C2.5', 'C1.6', 'C1.2', 'C1.0', 'C3.2', 'B9.6', 'C1.7', 'C3.6', 'B8.1', 'B8.3', 'C1.0', 'C1.4', 'B8.0']",2011-07-29 08:03:00,2011-08-05 19:49:00
115,753,"['2011-07-29 13:51:00', '2011-07-31 02:13:00', '2011-07-31 18:50:00', '2011-07-31 20:47:00', '2011-07-31 23:40:00', '2011-08-01 00:47:00', '2011-08-02 03:14:00', '2011-08-02 04:00:00', '2011-08-02 11:39:00', '2011-08-02 14:41:00', '2011-08-03 04:32:00', '2011-08-03 19:00:00', '2011-08-04 13:07:00', '2011-08-04 14:38:00', '2011-08-04 18:28:00', '2011-08-05 12:45:00', '2011-08-05 17:47:00', '2011-08-06 08:11:00', '2011-08-06 12:23:00', '2011-08-06 19:27:00', '2011-08-07 00:21:00', '2011-08-07 01:03:00', '2011-08-07 02:22:00', '2011-08-07 03:19:00', '2011-08-07 04:08:00', '2011-08-07 09:27:00', '2011-08-07 12:54:00', '2011-08-07 14:06:00', '2011-08-08 01:23:00', '2011-08-08 03:10:00', '2011-08-08 12:20:00', '2011-08-08 12:50:00', '2011-08-08 15:38:00', '2011-08-08 16:36:00', '2011-08-08 20:33:00', '2011-08-08 22:09:00', '2011-08-08 23:22:00']","['C1.3', 'B7.5', 'C1.4', 'C1.9', 'C1.0', 'C2.1', 'C1.2', 'C1.2', 'C2.0', 'B6.0', 'M1.7', 'C2.3', 'C2.1', 'C1.8', 'B6.8', 'C2.0', 'C1.8', 'B9.8', 'C1.4', 'C1.4', 'B7.6', 'B9.2', 'C1.3', 'C2.1', 'C1.6', 'C2.1', 'B7.2', 'C1.3', 'B5.7', 'C1.3', 'B8.0', 'B4.6', 'B8.1', 'C2.2', 'B9.2', 'C7.7', 'C5.3']",2011-07-29 13:45:00,2011-08-08 23:59:00
116,748,"['2011-07-30 12:17:00', '2011-07-31 19:09:00']","['C1.3', 'C1.7']",2011-07-30 12:11:00,2011-07-31 19:17:00
117,764,"['2011-08-06 08:47:00', '2011-08-06 11:46:00', '2011-08-06 16:36:00', '2011-08-07 08:32:00']","['C4.1', 'C1.3', 'B9.8', 'C1.6']",2011-08-06 16:26:00,2011-08-07 08:37:00
118,759,['2011-08-11 23:09:00'],['B6.8'],2011-08-11 22:54:00,2011-08-11 23:24:00
119,772,['2011-08-13 14:31:00'],['B1.6'],2011-08-13 14:25:00,2011-08-13 14:35:00
120,794,"['2011-08-17 00:11:00', '2011-08-17 10:42:00', '2011-08-17 18:58:00', '2011-08-18 00:30:00', '2011-08-18 15:15:00', '2011-08-20 07:58:00', '2011-08-20 09:24:00', '2011-08-20 20:16:00', '2011-08-20 22:58:00', '2011-08-22 00:57:00', '2011-08-22 01:48:00', '2011-08-22 16:04:00', '2011-08-22 20:03:00', '2011-08-23 01:25:00', '2011-08-24 10:25:00', '2011-08-24 16:33:00', '2011-08-24 16:50:00', '2011-08-24 17:35:00', '2011-08-24 20:15:00', '2011-08-25 08:11:00', '2011-08-25 09:38:00', '2011-08-25 22:03:00', '2011-08-26 03:34:00', '2011-08-26 04:40:00', '2011-08-26 09:02:00', '2011-08-26 13:13:00']","['B3.8', 'C3.4', 'B5.8', 'C1.6', 'C1.1', 'B3.9', 'B7.4', 'B8.5', 'C2.9', 'B5.1', 'B6.7', 'C1.1', 'B9.9', 'B5.7', 'B4.1', 'C1.1', 'B5.0', 'B5.5', 'B4.3', 'B4.8', 'B4.4', 'B8.9', 'C1.0', 'B7.9', 'B7.6', 'C2.3']",2011-08-17 00:06:00,2011-08-26 04:44:00
121,798,"['2011-08-17 02:54:00', '2011-08-17 04:29:00', '2011-08-17 07:57:00', '2011-08-17 15:12:00', '2011-08-17 16:31:00', '2011-08-18 06:44:00', '2011-08-18 13:11:00', '2011-08-20 04:32:00', '2011-08-20 12:36:00', '2011-08-21 02:33:00', '2011-08-21 14:48:00', '2011-08-21 15:50:00', '2011-08-21 16:16:00', '2011-08-21 18:40:00', '2011-08-21 20:41:00', '2011-08-21 22:21:00', '2011-08-21 23:16:00', '2011-08-25 08:32:00']","['C1.9', 'C2.3', 'B8.3', 'B6.6', 'C2.6', 'C1.2', 'B9.7', 'B5.5', 'B8.4', 'B3.7', 'B6.1', 'B4.5', 'B5.9', 'C1.5', 'B6.3', 'B4.7', 'C1.2', 'B5.3']",2011-08-17 15:05:00,2011-08-25 08:34:00
122,803,"['2011-08-21 20:20:00', '2011-08-22 09:49:00', '2011-08-29 23:07:00', '2011-08-30 03:12:00', '2011-08-30 05:14:00', '2011-08-30 05:40:00', '2011-08-30 08:39:00']","['B3.5', 'B9.7', 'B8.2', 'C1.9', 'C1.1', 'B5.6', 'B5.0']",2011-08-21 20:17:00,2011-08-30 08:47:00
123,814,"['2011-08-26 13:33:00', '2011-08-26 15:26:00', '2011-09-03 03:22:00', '2011-09-03 14:12:00', '2011-09-03 17:36:00', '2011-09-03 18:46:00', '2011-09-03 23:08:00', '2011-09-04 01:07:00', '2011-09-04 04:53:00', '2011-09-04 06:18:00', '2011-09-04 11:45:00', '2011-09-04 15:34:00', '2011-09-05 04:28:00', '2011-09-05 07:58:00']","['B9.0', 'B6.4', 'C1.0', 'C1.0', 'C2.5', 'C1.2', 'C1.7', 'C8.3', 'C9.0', 'C4.0', 'M3.2', 'C5.8', 'M1.6', 'M1.2']",2011-08-26 15:19:00,2011-09-05 04:32:00
124,805,['2011-08-27 04:46:00'],['B8.7'],2011-08-27 04:42:00,2011-08-27 04:52:00
125,824,"['2011-08-30 22:46:00', '2011-09-02 00:09:00', '2011-09-02 15:16:00', '2011-09-03 07:56:00', '2011-09-03 08:59:00', '2011-09-03 20:10:00']","['C5.5', 'B6.3', 'C1.8', 'C2.4', 'B8.4', 'C1.2']",2011-08-30 22:02:00,2011-09-03 20:17:00
126,833,"['2011-09-01 12:48:00', '2011-09-01 13:51:00', '2011-09-01 18:22:00', '2011-09-02 06:32:00', '2011-09-02 08:52:00', '2011-09-02 09:21:00', '2011-09-06 01:50:00', '2011-09-06 22:20:00', '2011-09-06 22:20:00', '2011-09-07 22:18:00', '2011-09-07 22:38:00', '2011-09-08 10:50:00', '2011-09-08 15:46:00', '2011-09-08 22:58:00', '2011-09-09 02:03:00', '2011-09-09 04:14:00', '2011-09-09 12:49:00', '2011-09-09 14:59:00', '2011-09-09 23:09:00', '2011-09-10 07:40:00']","['C2.0', 'B6.0', 'C2.0', 'B6.5', 'B8.9', 'B7.6', 'M5.3', 'X2.1', 'X2.1', 'C1.6', 'X1.8', 'C1.7', 'M6.7', 'C1.1', 'C1.2', 'B7.1', 'M1.2', 'C3.2', 'C1.1', 'M1.1']",2011-09-01 18:13:00,2011-09-10 07:56:00
127,843,['2011-09-03 22:12:00'],['C1.6'],2011-09-03 22:08:00,2011-09-03 22:14:00
128,847,"['2011-09-08 18:46:00', '2011-09-09 20:08:00', '2011-09-10 01:56:00', '2011-09-10 17:26:00', '2011-09-16 23:51:00']","['C2.5', 'B8.7', 'B6.5', 'C1.7', 'C2.6']",2011-09-08 18:26:00,2011-09-17 00:44:00
129,851,['2011-09-10 17:19:00'],['B8.1'],2011-09-10 17:16:00,2011-09-10 17:21:00
130,853,['2011-09-12 03:29:00'],['C2.0'],2011-09-12 03:24:00,2011-09-12 03:33:00
131,856,"['2011-09-13 23:36:00', '2011-09-14 04:18:00', '2011-09-14 11:53:00', '2011-09-14 15:04:00', '2011-09-14 23:37:00', '2011-09-15 18:32:00', '2011-09-16 02:57:00', '2011-09-16 17:21:00', '2011-09-18 10:57:00', '2011-09-18 15:52:00', '2011-09-18 22:27:00', '2011-09-19 04:59:00', '2011-09-20 00:19:00', '2011-09-20 05:13:00', '2011-09-20 11:52:00', '2011-09-20 17:42:00', '2011-09-20 20:00:00', '2011-09-20 21:42:00', '2011-09-21 14:23:00', '2011-09-21 14:38:00', '2011-09-21 15:26:00', '2011-09-21 20:36:00', '2011-09-22 04:28:00', '2011-09-22 20:20:00', '2011-09-22 22:30:00', '2011-09-22 23:56:00', '2011-09-23 01:59:00', '2011-09-23 08:50:00', '2011-09-23 20:49:00', '2011-09-23 21:43:00', '2011-09-23 22:15:00']","['C2.9', 'C1.8', 'C1.4', 'B9.6', 'C3.1', 'C1.0', 'C4.5', 'C2.2', 'C3.8', 'C2.0', 'C1.6', 'C2.4', 'C1.4', 'C9.5', 'C1.6', 'C1.6', 'C2.7', 'C3.0', 'C2.6', 'C2.7', 'C2.8', 'C2.0', 'C6.6', 'C4.0', 'C5.5', 'C4.1', 'M1.6', 'C6.9', 'C2.2', 'C9.6', 'M1.6']",2011-09-13 23:31:00,2011-09-23 20:52:00
132,869,"['2011-09-14 11:26:00', '2011-09-14 16:06:00', '2011-09-14 16:26:00', '2011-09-14 20:51:00', '2011-09-15 00:29:00', '2011-09-15 02:46:00', '2011-09-15 21:14:00', '2011-09-16 00:19:00', '2011-09-16 04:39:00', '2011-09-16 08:46:00']","['C2.2', 'C1.8', 'C4.2', 'C9.2', 'C4.6', 'C2.3', 'C2.6', 'C7.8', 'C4.7', 'C2.2']",2011-09-14 11:17:00,2011-09-16 08:49:00
133,850,"['2011-09-16 11:36:00', '2011-09-16 15:08:00', '2011-09-16 22:13:00']","['C9.3', 'C2.0', 'C1.4']",2011-09-16 15:05:00,2011-09-16 22:45:00
134,878,"['2011-09-20 13:53:00', '2011-09-21 01:07:00', '2011-09-21 11:24:00']","['C2.5', 'C2.7', 'C3.9']",2011-09-20 12:44:00,2011-09-21 11:28:00
135,892,"['2011-09-23 15:06:00', '2011-09-23 19:11:00', '2011-09-23 23:56:00', '2011-09-24 11:31:00', '2011-09-24 13:20:00', '2011-09-24 17:25:00', '2011-09-24 19:21:00', '2011-09-24 20:36:00', '2011-09-25 02:33:00', '2011-09-25 03:32:00', '2011-09-25 04:50:00', '2011-09-25 08:49:00', '2011-09-25 11:29:00', '2011-09-25 15:33:00', '2011-09-26 00:47:00', '2011-09-26 05:08:00', '2011-09-26 09:43:00', '2011-09-26 13:40:00', '2011-09-26 14:46:00', '2011-09-26 16:55:00', '2011-09-26 20:07:00', '2011-09-27 08:13:00', '2011-09-27 20:58:00', '2011-09-28 02:44:00', '2011-09-30 02:52:00', '2011-09-30 20:42:00', '2011-10-01 04:50:00', '2011-10-02 03:49:00', '2011-10-02 15:11:00', '2011-10-02 16:28:00', '2011-10-02 16:55:00', '2011-10-02 17:23:00', '2011-10-03 00:30:00', '2011-10-03 02:44:00']","['C2.1', 'C3.4', 'M1.9', 'C2.7', 'M7.1', 'M3.1', 'M3.0', 'M5.8', 'M4.4', 'C7.9', 'M7.4', 'M3.1', 'C5.7', 'M3.7', 'C5.2', 'M4.0', 'C3.3', 'C5.1', 'M2.6', 'C4.8', 'C1.8', 'C2.4', 'C6.4', 'C2.0', 'C1.0', 'C1.1', 'C4.1', 'C1.5', 'C2.6', 'B9.8', 'C1.3', 'M1.3', 'C7.6', 'C2.1']",2011-09-23 15:01:00,2011-10-03 02:53:00
136,899,"['2011-09-24 21:27:00', '2011-09-24 23:58:00']","['M1.2', 'M1.0']",2011-09-24 21:23:00,2011-09-25 00:09:00
137,902,"['2011-09-29 10:23:00', '2011-09-30 04:00:00', '2011-09-30 19:06:00', '2011-10-01 03:56:00', '2011-10-02 00:50:00', '2011-10-02 19:18:00', '2011-10-02 21:49:00']","['C1.3', 'C7.7', 'M1.0', 'C1.3', 'M3.9', 'B8.4', 'C7.6']",2011-09-29 10:19:00,2011-10-02 00:59:00
138,909,['2011-09-30 18:47:00'],['C3.4'],2011-09-30 18:42:00,2011-09-30 18:53:00
139,932,"['2011-10-06 04:18:00', '2011-10-07 01:21:00', '2011-10-08 08:19:00', '2011-10-08 09:17:00', '2011-10-10 07:19:00', '2011-10-10 09:17:00', '2011-10-10 11:42:00', '2011-10-10 14:35:00', '2011-10-13 09:46:00', '2011-10-13 12:23:00', '2011-10-15 11:24:00']","['C1.4', 'C1.2', 'B9.8', 'B7.0', 'C3.8', 'C1.0', 'C1.4', 'C4.5', 'C1.0', 'C2.2', 'C1.1']",2011-10-06 04:11:00,2011-10-15 11:48:00
140,918,['2011-10-08 04:20:00'],['C1.1'],2011-10-08 04:13:00,2011-10-08 04:46:00
141,927,"['2011-10-10 22:23:00', '2011-10-14 08:30:00']","['B6.2', 'B7.1']",2011-10-10 22:20:00,2011-10-14 08:32:00
142,950,"['2011-10-11 23:23:00', '2011-10-12 09:51:00', '2011-10-14 06:29:00', '2011-10-14 08:55:00', '2011-10-14 15:13:00', '2011-10-15 18:19:00']","['C1.1', 'C1.7', 'C1.0', 'C1.1', 'C1.1', 'C1.5']",2011-10-11 23:19:00,2011-10-15 18:25:00
143,940,"['2011-10-12 06:18:00', '2011-10-12 07:57:00', '2011-10-12 10:40:00', '2011-10-12 11:37:00', '2011-10-12 14:20:00', '2011-10-12 15:22:00', '2011-10-12 16:31:00', '2011-10-12 16:44:00', '2011-10-13 03:05:00', '2011-10-13 07:11:00', '2011-10-13 14:53:00', '2011-10-13 18:50:00', '2011-10-14 20:46:00', '2011-10-14 21:37:00', '2011-10-14 23:16:00', '2011-10-15 01:12:00', '2011-10-15 12:39:00', '2011-10-15 13:25:00', '2011-10-15 14:13:00', '2011-10-15 16:21:00', '2011-10-16 01:40:00', '2011-10-16 03:34:00', '2011-10-16 04:41:00', '2011-10-16 07:01:00', '2011-10-16 09:42:00', '2011-10-16 14:35:00', '2011-10-16 15:14:00', '2011-10-19 20:37:00', '2011-10-21 13:00:00', '2011-10-21 13:44:00']","['C4.4', 'C1.4', 'C1.7', 'C5.3', 'C4.3', 'C1.1', 'C1.3', 'C2.7', 'C1.3', 'C1.2', 'B8.6', 'C2.0', 'C1.3', 'C1.3', 'C1.1', 'C1.3', 'C1.6', 'C2.0', 'C5.0', 'C2.3', 'C1.8', 'C1.9', 'C1.3', 'C2.8', 'C2.0', 'C3.7', 'C6.3', 'C3.5', 'M1.3', 'C1.5']",2011-10-12 06:12:00,2011-10-21 13:46:00
144,956,['2011-10-15 05:00:00'],['C2.3'],2011-10-15 04:19:00,2011-10-15 05:04:00
145,948,['2011-10-16 13:55:00'],['C1.4'],2011-10-16 13:51:00,2011-10-16 13:57:00
146,976,"['2011-10-20 15:39:00', '2011-10-21 08:57:00', '2011-10-22 15:20:00', '2011-10-22 19:17:00', '2011-10-22 20:43:00', '2011-10-23 11:47:00', '2011-10-26 10:01:00', '2011-10-28 07:04:00', '2011-10-28 08:16:00', '2011-10-28 09:31:00', '2011-10-28 12:17:00', '2011-10-29 02:15:00', '2011-10-29 09:22:00', '2011-10-29 14:52:00']","['C5.4', 'C2.4', 'C4.1', 'C2.2', 'C1.7', 'C2.5', 'C1.2', 'C1.0', 'B9.3', 'B8.7', 'C1.7', 'C1.4', 'C1.9', 'C3.0']",2011-10-20 15:33:00,2011-10-29 09:26:00
147,997,"['2011-10-23 05:31:00', '2011-10-23 22:37:00', '2011-10-25 20:19:00', '2011-10-27 01:02:00', '2011-10-27 18:44:00', '2011-10-30 09:39:00', '2011-10-30 17:12:00', '2011-10-31 01:10:00']","['C2.1', 'C1.0', 'C1.7', 'B6.9', 'C2.6', 'C2.4', 'C1.9', 'C2.3']",2011-10-23 05:28:00,2011-10-31 01:29:00
148,1021,"['2011-10-30 10:10:00', '2011-10-30 14:49:00', '2011-10-30 20:52:00', '2011-10-30 21:16:00', '2011-10-30 21:43:00', '2011-10-30 22:50:00', '2011-10-31 05:21:00']","['C2.1', 'C1.5', 'C1.5', 'C1.5', 'C1.4', 'C1.2', 'C2.7']",2011-10-30 10:06:00,2011-10-31 05:25:00
149,1026,"['2011-11-03 14:54:00', '2011-11-06 08:16:00', '2011-11-06 17:36:00', '2011-11-06 19:58:00', '2011-11-06 21:53:00', '2011-11-11 07:05:00', '2011-11-11 17:09:00', '2011-11-12 16:43:00', '2011-11-12 21:26:00', '2011-11-12 22:43:00', '2011-11-13 03:57:00', '2011-11-13 04:59:00', '2011-11-13 06:44:00', '2011-11-13 08:20:00']","['C3.8', 'C2.3', 'C2.0', 'C1.2', 'C1.7', 'C4.2', 'C5.4', 'C1.8', 'C2.4', 'C2.4', 'C1.7', 'C2.4', 'C1.4', 'C1.9']",2011-11-03 14:48:00,2011-11-13 06:53:00
150,1028,"['2011-11-03 18:53:00', '2011-11-03 20:27:00', '2011-11-03 22:18:00', '2011-11-03 22:35:00', '2011-11-03 23:13:00', '2011-11-03 23:36:00', '2011-11-04 00:11:00', '2011-11-04 19:33:00', '2011-11-04 20:40:00', '2011-11-04 22:43:00', '2011-11-05 01:00:00', '2011-11-05 03:35:00', '2011-11-05 09:24:00', '2011-11-05 10:09:00', '2011-11-05 11:21:00', '2011-11-05 15:35:00', '2011-11-05 20:38:00', '2011-11-06 01:03:00', '2011-11-06 06:35:00', '2011-11-06 09:56:00', '2011-11-06 14:47:00', '2011-11-06 16:40:00', '2011-11-07 03:10:00', '2011-11-07 09:34:00', '2011-11-07 23:28:00', '2011-11-08 08:19:00', '2011-11-08 19:28:00', '2011-11-09 02:19:00', '2011-11-10 18:31:00', '2011-11-11 12:31:00', '2011-11-11 23:34:00', '2011-11-12 07:50:00']","['C4.5', 'X1.9', 'C5.4', 'C5.8', 'C9.2', 'M2.1', 'C3.8', 'C2.9', 'M1.0', 'C4.6', 'C1.8', 'M3.7', 'C1.3', 'C1.5', 'M1.1', 'C4.2', 'M1.8', 'M1.2', 'M1.4', 'C8.8', 'C5.3', 'B9.8', 'C3.5', 'C1.4', 'C3.2', 'C2.6', 'C1.8', 'C1.9', 'C6.0', 'C1.6', 'C1.3', 'C2.5']",2011-11-03 22:12:00,2011-11-12 08:01:00
151,1041,"['2011-11-08 21:04:00', '2011-11-09 13:35:00', '2011-11-13 16:48:00']","['C1.2', 'M1.1', 'C1.2']",2011-11-08 21:00:00,2011-11-13 17:05:00
152,1075,"['2011-11-13 09:21:00', '2011-11-13 15:05:00', '2011-11-14 11:23:00', '2011-11-14 23:58:00']","['C2.6', 'C1.9', 'C2.1', 'C4.2']",2011-11-13 09:17:00,2011-11-15 00:07:00
153,1066,"['2011-11-15 12:43:00', '2011-11-16 00:07:00', '2011-11-16 13:37:00', '2011-11-16 21:43:00', '2011-11-16 23:48:00', '2011-11-17 01:33:00', '2011-11-17 07:27:00', '2011-11-18 16:43:00', '2011-11-23 13:28:00']","['M1.9', 'C1.7', 'C2.8', 'C1.6', 'C5.0', 'C2.6', 'C6.0', 'C1.1', 'C2.6']",2011-11-15 12:30:00,2011-11-23 13:30:00
154,1089,['2011-11-17 14:00:00'],['C3.1'],2011-11-17 13:53:00,2011-11-17 14:28:00
155,1092,"['2011-11-18 17:23:00', '2011-11-19 11:25:00', '2011-11-19 19:55:00', '2011-11-19 20:52:00', '2011-11-20 06:26:00', '2011-11-20 07:41:00', '2011-11-20 11:55:00', '2011-11-20 16:15:00', '2011-11-20 16:47:00', '2011-11-20 23:05:00', '2011-11-21 04:53:00', '2011-11-22 00:37:00', '2011-11-26 16:15:00']","['C2.7', 'C1.4', 'C3.9', 'C1.6', 'C2.1', 'C4.8', 'C3.0', 'C1.0', 'C6.1', 'C2.1', 'C1.8', 'C1.2', 'C1.1']",2011-11-18 17:07:00,2011-11-26 16:17:00
156,1080,"['2011-11-20 07:22:00', '2011-11-22 01:45:00', '2011-11-23 05:28:00', '2011-11-24 20:21:00']","['C1.8', 'B7.3', 'C1.0', 'C1.2']",2011-11-20 07:16:00,2011-11-24 20:39:00
157,1093,"['2011-11-20 13:32:00', '2011-11-21 16:00:00', '2011-11-21 18:28:00', '2011-11-22 04:04:00', '2011-11-22 07:29:00', '2011-11-22 09:54:00', '2011-11-22 14:53:00', '2011-11-22 17:12:00', '2011-11-22 21:38:00', '2011-11-22 23:39:00', '2011-11-23 03:11:00', '2011-11-25 17:20:00', '2011-11-26 07:10:00', '2011-11-26 08:24:00', '2011-11-27 11:02:00', '2011-11-28 21:47:00', '2011-11-29 01:15:00']","['C1.8', 'B8.0', 'C1.3', 'C4.9', 'C1.9', 'C3.2', 'C1.0', 'C1.6', 'C1.0', 'C1.9', 'C2.0', 'C1.1', 'C1.2', 'C1.5', 'C1.4', 'C1.2', 'C1.1']",2011-11-20 13:28:00,2011-11-29 01:25:00
158,1113,"['2011-11-24 18:56:00', '2011-11-26 17:19:00', '2011-11-27 12:03:00']","['B5.3', 'C1.0', 'C1.1']",2011-11-24 18:53:00,2011-11-27 12:06:00
159,1090,"['2011-11-25 03:45:00', '2011-11-25 21:58:00']","['C3.3', 'C2.4']",2011-11-25 03:38:00,2011-11-25 03:49:00
160,1119,"['2011-11-27 17:35:00', '2011-11-28 18:30:00', '2011-11-29 03:32:00', '2011-12-01 20:32:00']","['B9.6', 'C3.2', 'C2.1', 'C1.1']",2011-11-27 17:31:00,2011-12-01 20:37:00
161,1120,"['2011-11-28 23:09:00', '2011-11-29 09:00:00', '2011-11-29 15:46:00', '2011-11-30 02:10:00', '2011-12-04 16:15:00', '2011-12-05 06:54:00', '2011-12-05 13:45:00']","['C1.4', 'C2.5', 'B9.6', 'C1.2', 'C4.8', 'C1.4', 'C3.7']",2011-11-28 22:56:00,2011-12-05 13:49:00
162,1124,"['2011-11-30 00:11:00', '2011-11-30 09:17:00', '2011-12-03 05:52:00', '2011-12-03 21:19:00', '2011-12-05 15:18:00', '2011-12-05 19:07:00', '2011-12-05 23:25:00']","['C2.0', 'C1.1', 'C1.2', 'C1.3', 'C4.7', 'C2.5', 'C6.9']",2011-11-30 00:04:00,2011-12-05 23:34:00
163,1149,"['2011-12-04 19:49:00', '2011-12-05 04:52:00', '2011-12-12 23:39:00']","['C1.3', 'C1.2', 'C1.7']",2011-12-04 19:37:00,2011-12-12 23:52:00
164,1126,"['2011-12-05 03:16:00', '2011-12-07 15:39:00', '2011-12-11 11:37:00']","['C1.9', 'C1.3', 'B9.7']",2011-12-05 03:09:00,2011-12-11 11:46:00
165,1164,['2011-12-05 07:53:00'],['C2.9'],2011-12-05 07:49:00,2011-12-05 07:56:00
166,1168,"['2011-12-09 13:20:00', '2011-12-10 23:04:00', '2011-12-11 00:02:00', '2011-12-11 03:23:00', '2011-12-12 08:37:00']","['C3.1', 'C1.0', 'C1.6', 'B8.6', 'C1.2']",2011-12-09 13:05:00,2011-12-12 08:47:00
167,1171,['2011-12-10 06:31:00'],['C1.2'],2011-12-10 06:24:00,2011-12-10 06:43:00
168,1183,"['2011-12-13 22:02:00', '2011-12-16 08:20:00', '2011-12-17 05:01:00', '2011-12-17 22:55:00', '2011-12-18 02:05:00', '2011-12-18 05:04:00', '2011-12-18 07:47:00', '2011-12-18 11:45:00', '2011-12-18 13:38:00', '2011-12-19 14:13:00', '2011-12-20 03:36:00', '2011-12-20 08:49:00', '2011-12-20 11:52:00', '2011-12-20 20:36:00', '2011-12-20 22:50:00', '2011-12-21 00:59:00', '2011-12-21 20:11:00', '2011-12-21 22:43:00']","['C1.0', 'B5.0', 'C1.2', 'C3.2', 'C1.9', 'C1.8', 'B7.0', 'B7.8', 'B5.4', 'B8.1', 'B9.8', 'B9.0', 'C2.1', 'C2.9', 'C6.2', 'C1.5', 'C1.5', 'C2.0']",2011-12-13 21:59:00,2011-12-21 22:47:00
169,1210,"['2011-12-17 23:44:00', '2011-12-18 01:26:00', '2011-12-18 03:22:00', '2011-12-20 00:44:00', '2011-12-21 03:12:00', '2011-12-21 04:55:00', '2011-12-21 06:27:00', '2011-12-21 07:40:00', '2011-12-21 09:09:00', '2011-12-21 15:28:00', '2011-12-22 02:08:00', '2011-12-23 21:39:00']","['C1.2', 'B7.5', 'B4.9', 'C1.5', 'C3.1', 'C4.3', 'C3.6', 'C3.9', 'C2.2', 'C2.5', 'C5.4', 'C1.6']",2011-12-17 23:37:00,2011-12-23 21:43:00
170,1221,"['2011-12-21 06:59:00', '2011-12-21 10:38:00', '2011-12-21 11:05:00', '2011-12-21 12:35:00', '2011-12-21 13:07:00', '2011-12-23 10:14:00', '2011-12-26 11:50:00', '2011-12-28 21:07:00']","['C2.0', 'C2.5', 'C2.1', 'C1.3', 'C2.0', 'C1.5', 'C5.7', 'C2.3']",2011-12-21 11:02:00,2011-12-28 21:10:00
171,1209,"['2011-12-25 04:52:00', '2011-12-25 08:55:00', '2011-12-25 11:26:00', '2011-12-25 20:29:00', '2011-12-26 02:27:00', '2011-12-26 09:48:00', '2011-12-26 20:30:00', '2011-12-27 08:22:00', '2011-12-27 09:23:00', '2011-12-27 12:07:00', '2011-12-27 18:36:00', '2011-12-28 00:30:00', '2011-12-28 16:40:00']","['C1.6', 'C5.5', 'C8.4', 'C7.7', 'M1.5', 'C2.8', 'M2.3', 'C3.8', 'C4.0', 'C6.2', 'C2.5', 'C2.3', 'C6.4']",2011-12-25 11:20:00,2011-12-28 16:44:00
172,1237,"['2011-12-27 04:22:00', '2011-12-28 20:31:00', '2011-12-31 17:31:00']","['C8.9', 'C4.0', 'C1.2']",2011-12-27 04:11:00,2011-12-31 17:48:00
173,1256,"['2011-12-29 04:05:00', '2011-12-29 06:21:00', '2011-12-29 07:18:00', '2011-12-29 08:48:00', '2011-12-29 09:49:00', '2011-12-29 13:50:00', '2011-12-29 16:21:00', '2011-12-29 17:32:00', '2011-12-29 20:32:00', '2011-12-29 21:01:00', '2011-12-29 21:51:00', '2011-12-30 03:09:00', '2011-12-30 08:25:00', '2011-12-30 10:06:00', '2011-12-30 10:32:00', '2011-12-30 13:41:00', '2011-12-30 18:23:00', '2011-12-30 21:09:00', '2011-12-30 23:33:00', '2011-12-31 13:15:00', '2011-12-31 15:53:00', '2011-12-31 16:26:00', '2012-01-01 07:34:00', '2012-01-02 05:28:00', '2012-01-02 07:24:00', '2012-01-02 09:30:00', '2012-01-03 03:34:00', '2012-01-03 20:53:00']","['C3.0', 'C3.0', 'C7.3', 'C5.4', 'C1.5', 'M1.9', 'C2.8', 'C2.9', 'C2.3', 'C2.5', 'M2.0', 'M1.2', 'C3.4', 'C1.6', 'C8.4', 'C1.8', 'C1.8', 'C3.9', 'C1.6', 'M2.4', 'B7.2', 'M1.5', 'C3.2', 'C1.6', 'C1.5', 'B6.1', 'B6.7', 'B7.7']",2011-12-29 07:12:00,2012-01-03 20:55:00
174,1249,"['2012-01-04 02:22:00', '2012-01-05 07:22:00']","['B6.4', 'C1.9']",2012-01-04 02:19:00,2012-01-05 07:43:00
175,1271,"['2012-01-04 09:02:00', '2012-01-05 12:38:00', '2012-01-06 11:25:00', '2012-01-07 00:09:00']","['C1.5', 'C2.1', 'C2.2', 'C2.6']",2012-01-04 08:57:00,2012-01-07 00:23:00
176,1275,"['2012-01-08 03:25:00', '2012-01-08 19:18:00', '2012-01-09 10:42:00', '2012-01-10 01:53:00']","['C2.9', 'B9.2', 'C1.1', 'C1.0']",2012-01-08 03:21:00,2012-01-10 01:56:00
177,1278,"['2012-01-09 14:56:00', '2012-01-09 17:18:00', '2012-01-10 04:18:00', '2012-01-10 23:01:00']","['C1.4', 'C1.3', 'B7.1', 'C1.7']",2012-01-09 17:15:00,2012-01-10 23:12:00
178,1300,"['2012-01-09 20:13:00', '2012-01-11 01:47:00', '2012-01-11 11:12:00', '2012-01-12 00:58:00']","['C2.6', 'C1.6', 'C1.6', 'C1.5']",2012-01-09 20:01:00,2012-01-12 01:06:00
179,1309,"['2012-01-14 03:35:00', '2012-01-18 23:20:00', '2012-01-19 12:50:00']","['C2.1', 'C5.1', 'C3.2']",2012-01-14 03:19:00,2012-01-19 13:00:00
180,1321,"['2012-01-16 00:18:00', '2012-01-16 04:44:00', '2012-01-16 08:12:00', '2012-01-16 10:38:00', '2012-01-16 23:16:00', '2012-01-17 04:53:00', '2012-01-17 17:23:00', '2012-01-17 18:37:00', '2012-01-17 23:57:00', '2012-01-18 08:14:00', '2012-01-18 09:10:00', '2012-01-18 09:54:00', '2012-01-18 10:30:00', '2012-01-19 10:26:00', '2012-01-19 16:05:00', '2012-01-21 21:20:00', '2012-01-22 08:54:00', '2012-01-23 03:59:00', '2012-01-23 20:11:00', '2012-01-24 09:53:00', '2012-01-24 17:08:00', '2012-01-26 00:05:00', '2012-01-26 00:36:00', '2012-01-26 01:49:00', '2012-01-26 05:42:00']","['C2.5', 'C6.5', 'C3.9', 'C5.5', 'C3.9', 'M1.0', 'C1.4', 'C2.2', 'C1.0', 'B9.7', 'B8.6', 'C1.0', 'C2.4', 'B8.9', 'M3.2', 'C1.3', 'C2.2', 'M8.7', 'C1.4', 'C2.5', 'C1.3', 'C1.5', 'C5.8', 'C7.9', 'C6.4']",2012-01-16 00:14:00,2012-01-26 00:59:00
181,1313,['2012-01-18 01:21:00'],['B8.5'],2012-01-18 01:17:00,2012-01-18 01:26:00
182,1318,['2012-01-18 12:30:00'],['B9.6'],2012-01-18 12:10:00,2012-01-18 12:33:00
183,1350,"['2012-01-28 15:34:00', '2012-01-30 03:23:00', '2012-01-30 04:40:00', '2012-02-03 04:47:00', '2012-02-05 07:29:00', '2012-02-05 12:47:00', '2012-02-06 07:33:00', '2012-02-06 14:47:00', '2012-02-06 17:27:00', '2012-02-06 20:00:00']","['C1.0', 'B5.1', 'C1.3', 'B7.4', 'B3.1', 'B2.4', 'B9.3', 'B7.9', 'C1.2', 'M1.0']",2012-01-28 15:30:00,2012-02-06 14:52:00
184,1338,"['2012-01-31 06:24:00', '2012-01-31 14:15:00', '2012-02-01 04:41:00', '2012-02-01 09:16:00']","['B6.7', 'B9.9', 'C1.0', 'B6.4']",2012-01-31 14:04:00,2012-02-01 04:55:00
185,1367,"['2012-02-08 22:17:00', '2012-02-09 09:33:00']","['C2.9', 'C1.1']",2012-02-08 21:48:00,2012-02-09 09:50:00
186,1389,"['2012-02-09 05:09:00', '2012-02-09 12:16:00', '2012-02-10 00:27:00', '2012-02-10 04:35:00', '2012-02-10 18:31:00', '2012-02-10 23:26:00', '2012-02-10 23:52:00', '2012-02-11 10:44:00', '2012-02-11 12:14:00', '2012-02-11 15:26:00', '2012-02-14 10:23:00']","['B9.3', 'B9.9', 'B7.7', 'B8.8', 'B9.9', 'B8.4', 'B7.5', 'C1.5', 'B7.2', 'B6.0', 'B2.8']",2012-02-09 12:00:00,2012-02-14 10:27:00
187,1390,['2012-02-12 16:22:00'],['B5.5'],2012-02-12 16:18:00,2012-02-12 16:24:00
188,1396,['2012-02-14 11:43:00'],['B3.3'],2012-02-14 11:31:00,2012-02-14 11:51:00
189,1391,"['2012-02-14 18:57:00', '2012-02-14 23:24:00']","['B3.5', 'B5.4']",2012-02-14 23:07:00,2012-02-14 23:37:00
190,1405,"['2012-02-19 08:51:00', '2012-02-19 18:21:00', '2012-02-19 19:00:00', '2012-02-19 19:49:00', '2012-02-20 01:49:00', '2012-02-20 03:46:00', '2012-02-20 11:27:00', '2012-02-20 23:53:00', '2012-02-21 11:48:00', '2012-02-21 19:37:00', '2012-02-21 20:41:00']","['C1.0', 'B3.1', 'B3.6', 'B3.7', 'B7.2', 'C1.1', 'C1.1', 'B9.3', 'C1.0', 'B5.0', 'B4.5']",2012-02-19 18:18:00,2012-02-21 11:55:00
191,1410,"['2012-02-20 05:09:00', '2012-02-26 11:25:00', '2012-02-26 21:41:00']","['C4.1', 'C1.3', 'C2.3']",2012-02-20 04:41:00,2012-02-26 21:49:00
192,1422,"['2012-02-29 14:28:00', '2012-03-01 15:26:00']","['B2.4', 'C3.3']",2012-02-29 14:25:00,2012-03-01 15:36:00
193,1425,"['2012-02-29 21:22:00', '2012-02-29 22:40:00', '2012-03-01 10:10:00', '2012-03-03 03:08:00', '2012-03-04 17:31:00']","['B8.6', 'B9.2', 'B5.5', 'C1.3', 'C3.2']",2012-02-29 21:15:00,2012-03-04 17:35:00
194,1449,"['2012-03-03 19:48:00', '2012-03-04 01:45:00', '2012-03-04 02:10:00', '2012-03-04 03:33:00', '2012-03-04 06:51:00', '2012-03-04 10:52:00', '2012-03-05 00:36:00', '2012-03-05 01:06:00', '2012-03-05 04:09:00', '2012-03-05 10:32:00', '2012-03-05 12:13:00', '2012-03-05 15:04:00', '2012-03-05 15:29:00', '2012-03-05 16:22:00', '2012-03-05 16:50:00', '2012-03-05 18:37:00', '2012-03-05 19:16:00', '2012-03-05 19:30:00', '2012-03-05 20:15:00', '2012-03-05 22:34:00', '2012-03-05 22:56:00', '2012-03-05 23:20:00', '2012-03-06 00:04:00', '2012-03-06 00:28:00', '2012-03-06 01:44:00', '2012-03-06 02:33:00', '2012-03-06 03:28:00', '2012-03-06 04:05:00', '2012-03-06 05:28:00', '2012-03-06 07:43:00', '2012-03-06 07:55:00', '2012-03-06 11:17:00', '2012-03-06 12:41:00', '2012-03-06 22:53:00', '2012-03-07 00:24:00', '2012-03-07 01:14:00', '2012-03-07 16:22:00', '2012-03-08 16:23:00', '2012-03-09 03:53:00', '2012-03-09 16:17:00', '2012-03-10 02:39:00', '2012-03-10 15:52:00', '2012-03-10 17:44:00', '2012-03-11 03:23:00', '2012-03-12 01:55:00', '2012-03-13 17:41:00']","['C1.9', 'C1.4', 'B7.2', 'C2.8', 'C1.3', 'M2.0', 'C3.4', 'C4.7', 'X1.1', 'C2.3', 'C5.8', 'C5.4', 'C7.8', 'C9.8', 'C4.6', 'C6.8', 'M2.1', 'M1.8', 'C1.7', 'M1.3', 'C2.5', 'C1.6', 'C2.4', 'M1.3', 'M1.2', 'C2.4', 'C9.2', 'M1.0', 'C2.9', 'C5.3', 'M1.0', 'C2.8', 'M2.1', 'M1.0', 'X5.4', 'X1.3', 'C1.6', 'C1.1', 'M6.3', 'C2.0', 'C3.5', 'C8.0', 'M8.4', 'C2.3', 'C2.3', 'M7.9']",2012-03-03 18:13:00,2012-03-13 18:25:00
195,1447,"['2012-03-08 02:53:00', '2012-03-09 21:50:00', '2012-03-11 04:28:00']","['C7.2', 'C5.1', 'C1.6']",2012-03-08 02:49:00,2012-03-11 04:32:00
196,1461,"['2012-03-10 13:26:00', '2012-03-12 12:09:00', '2012-03-14 15:21:00', '2012-03-16 02:31:00', '2012-03-16 12:40:00', '2012-03-16 17:38:00', '2012-03-17 03:12:00', '2012-03-18 19:42:00', '2012-03-19 13:51:00']","['C1.2', 'C1.6', 'M2.8', 'C1.2', 'C1.1', 'C1.8', 'C1.0', 'B4.4', 'C1.2']",2012-03-10 13:22:00,2012-03-19 14:13:00
197,1465,"['2012-03-12 10:55:00', '2012-03-13 01:50:00', '2012-03-16 03:09:00']","['B8.8', 'C1.2', 'B9.2']",2012-03-12 10:50:00,2012-03-16 03:17:00
198,1464,"['2012-03-17 20:39:00', '2012-03-18 02:37:00', '2012-03-18 22:28:00', '2012-03-19 02:19:00', '2012-03-19 02:31:00', '2012-03-19 03:45:00', '2012-03-19 04:41:00', '2012-03-19 22:04:00']","['M1.3', 'C1.9', 'B3.0', 'B7.1', 'B5.9', 'B7.0', 'B9.8', 'C3.5']",2012-03-17 20:32:00,2012-03-19 03:48:00
199,1484,"['2012-03-21 12:52:00', '2012-03-21 13:59:00', '2012-03-21 15:50:00', '2012-03-22 17:50:00']","['C2.9', 'C1.2', 'C1.1', 'C1.1']",2012-03-21 12:38:00,2012-03-22 17:56:00
200,1492,"['2012-03-25 11:57:00', '2012-03-26 15:35:00', '2012-03-26 16:48:00', '2012-03-26 23:38:00', '2012-03-27 03:08:00', '2012-03-27 04:30:00', '2012-03-27 11:36:00', '2012-03-28 21:58:00', '2012-03-29 23:23:00', '2012-03-31 21:09:00']","['B9.0', 'B4.3', 'B4.0', 'C2.7', 'C5.3', 'C1.7', 'B6.9', 'C1.4', 'B6.2', 'B8.9']",2012-03-25 11:19:00,2012-03-31 21:20:00
201,1488,"['2012-03-25 14:58:00', '2012-03-26 02:55:00', '2012-03-27 23:45:00', '2012-03-28 19:42:00']","['B5.8', 'B5.1', 'B5.6', 'B6.8']",2012-03-25 14:37:00,2012-03-28 19:48:00
202,1497,"['2012-03-26 11:37:00', '2012-03-26 13:20:00']","['B4.0', 'B4.0']",2012-03-26 11:17:00,2012-03-26 11:41:00
203,1495,['2012-03-28 11:34:00'],['B4.7'],2012-03-28 11:31:00,2012-03-28 11:36:00
204,1527,"['2012-04-02 02:34:00', '2012-04-03 15:35:00', '2012-04-03 21:23:00', '2012-04-04 03:50:00', '2012-04-07 00:26:00', '2012-04-07 08:27:00', '2012-04-07 17:08:00', '2012-04-07 19:55:00', '2012-04-08 02:54:00', '2012-04-08 15:47:00', '2012-04-08 18:53:00', '2012-04-08 23:40:00', '2012-04-09 12:44:00']","['B7.9', 'B3.7', 'B4.3', 'B4.1', 'B3.0', 'B2.1', 'C2.4', 'B6.8', 'B3.7', 'B7.2', 'B6.8', 'B4.1', 'C3.9']",2012-04-02 02:28:00,2012-04-09 13:08:00
205,1528,"['2012-04-02 22:20:00', '2012-04-03 12:28:00', '2012-04-04 16:27:00', '2012-04-05 10:30:00', '2012-04-05 13:27:00', '2012-04-05 16:24:00', '2012-04-05 21:10:00', '2012-04-05 00:00:00', '2012-04-06 04:09:00', '2012-04-07 09:36:00', '2012-04-08 11:29:00', '2012-04-08 14:24:00']","['B4.9', 'B4.2', 'C1.2', 'B6.9', 'B9.8', 'C3.1', 'C1.5', 'C1.1', 'B5.7', 'B7.4', 'B7.1', 'B2.7']",2012-04-02 21:53:00,2012-04-08 11:32:00
206,1549,"['2012-04-11 10:30:00', '2012-04-12 08:48:00', '2012-04-12 09:32:00', '2012-04-13 05:07:00', '2012-04-13 14:38:00', '2012-04-14 00:47:00', '2012-04-14 08:11:00', '2012-04-17 11:29:00']","['B2.7', 'B5.1', 'B4.7', 'B5.6', 'B3.1', 'B9.8', 'B5.1', 'B7.6']",2012-04-11 10:23:00,2012-04-17 11:50:00
207,1574,"['2012-04-17 20:30:00', '2012-04-21 20:14:00', '2012-04-22 16:39:00', '2012-04-22 20:56:00', '2012-04-23 15:41:00', '2012-04-25 02:24:00']","['B7.0', 'C1.8', 'C1.2', 'C1.9', 'B8.9', 'C1.3']",2012-04-17 20:25:00,2012-04-25 02:31:00
208,1558,"['2012-04-18 03:07:00', '2012-04-18 08:01:00', '2012-04-18 11:44:00', '2012-04-18 12:39:00', '2012-04-19 03:01:00', '2012-04-20 02:02:00']","['C3.1', 'B7.7', 'C1.5', 'C8.9', 'C2.9', 'B9.0']",2012-04-18 11:28:00,2012-04-20 02:09:00
209,1573,"['2012-04-18 09:43:00', '2012-04-20 03:22:00', '2012-04-21 11:14:00']","['B8.9', 'C1.1', 'C1.0']",2012-04-18 09:38:00,2012-04-21 11:24:00
210,1578,"['2012-04-19 00:11:00', '2012-04-21 01:32:00', '2012-04-22 21:10:00']","['C1.4', 'C2.4', 'C1.7']",2012-04-19 00:00:00,2012-04-22 21:17:00
211,1596,"['2012-04-20 15:01:00', '2012-04-20 16:47:00', '2012-04-20 17:26:00', '2012-04-20 20:07:00', '2012-04-20 20:48:00', '2012-04-20 22:35:00', '2012-04-21 12:15:00', '2012-04-22 07:08:00', '2012-04-22 21:48:00', '2012-04-23 02:01:00', '2012-04-23 07:22:00', '2012-04-26 17:23:00', '2012-04-27 11:02:00', '2012-04-29 05:52:00']","['C1.6', 'C3.3', 'C1.6', 'C1.0', 'C1.6', 'C1.4', 'B9.2', 'C1.3', 'C2.4', 'C2.0', 'B7.9', 'C1.2', 'C2.4', 'B9.4']",2012-04-20 20:00:00,2012-04-29 05:54:00
212,1582,"['2012-04-22 09:15:00', '2012-04-22 09:28:00', '2012-04-23 12:13:00', '2012-04-23 17:51:00']","['B9.9', 'C1.0', 'C1.0', 'C2.0']",2012-04-22 09:11:00,2012-04-23 12:15:00
213,1611,"['2012-04-24 13:10:00', '2012-04-24 16:44:00', '2012-04-27 02:02:00', '2012-04-28 09:01:00', '2012-04-29 14:32:00', '2012-05-01 22:50:00', '2012-05-02 14:41:00', '2012-05-02 20:50:00', '2012-05-03 11:06:00', '2012-05-04 02:55:00', '2012-05-04 04:54:00']","['C1.1', 'C2.6', 'C1.0', 'C1.7', 'C1.1', 'C1.2', 'B7.5', 'C1.9', 'C1.0', 'B7.6', 'C1.3']",2012-04-24 13:06:00,2012-05-04 04:58:00
214,1603,"['2012-04-27 00:11:00', '2012-04-27 05:01:00', '2012-04-27 08:24:00', '2012-04-28 12:15:00', '2012-04-28 14:14:00', '2012-04-29 00:55:00']","['C1.8', 'B9.5', 'M1.0', 'B7.3', 'C1.1', 'C1.7']",2012-04-26 23:56:00,2012-04-29 00:57:00
215,1613,"['2012-04-27 13:22:00', '2012-04-28 20:13:00', '2012-04-28 22:14:00']","['C2.0', 'C1.1', 'C1.1']",2012-04-27 13:18:00,2012-04-28 22:24:00
216,1621,"['2012-04-29 14:08:00', '2012-04-30 02:59:00', '2012-04-30 09:17:00', '2012-04-30 10:26:00', '2012-04-30 14:36:00', '2012-05-01 04:43:00', '2012-05-01 17:14:00', '2012-05-03 05:26:00', '2012-05-04 14:50:00', '2012-05-04 19:28:00', '2012-05-06 03:25:00', '2012-05-07 10:33:00', '2012-05-07 14:31:00']","['C1.0', 'C2.4', 'C2.4', 'C5.6', 'C1.2', 'C3.9', 'B5.7', 'B7.6', 'C1.5', 'C1.8', 'C2.9', 'C1.1', 'M1.9']",2012-04-29 13:58:00,2012-05-07 14:52:00
217,1634,['2012-05-03 16:56:00'],['C2.3'],2012-05-03 16:39:00,2012-05-03 17:23:00
218,1632,"['2012-05-04 21:02:00', '2012-05-08 08:04:00', '2012-05-10 00:51:00']","['C1.6', 'B7.3', 'B8.5']",2012-05-04 20:58:00,2012-05-10 00:53:00
219,1638,"['2012-05-06 13:42:00', '2012-05-06 17:35:00', '2012-05-06 17:47:00', '2012-05-06 19:26:00', '2012-05-06 20:15:00', '2012-05-06 22:31:00', '2012-05-06 23:14:00', '2012-05-07 00:36:00', '2012-05-07 02:50:00', '2012-05-07 03:25:00', '2012-05-07 03:42:00', '2012-05-07 03:52:00', '2012-05-07 07:03:00', '2012-05-07 11:08:00', '2012-05-07 17:26:00', '2012-05-08 08:36:00', '2012-05-08 09:28:00', '2012-05-08 10:39:00', '2012-05-08 13:08:00', '2012-05-09 00:30:00', '2012-05-09 02:23:00', '2012-05-09 04:15:00', '2012-05-09 07:20:00', '2012-05-09 09:50:00', '2012-05-09 11:39:00', '2012-05-09 12:32:00', '2012-05-09 14:08:00', '2012-05-09 16:42:00', '2012-05-09 20:52:00', '2012-05-09 21:05:00', '2012-05-09 23:01:00', '2012-05-10 00:01:00', '2012-05-10 00:14:00', '2012-05-10 01:48:00', '2012-05-10 02:13:00', '2012-05-10 04:18:00', '2012-05-10 05:10:00', '2012-05-10 05:22:00', '2012-05-10 06:22:00', '2012-05-10 07:35:00', '2012-05-10 08:11:00', '2012-05-10 10:35:00', '2012-05-10 12:15:00', '2012-05-10 12:37:00', '2012-05-10 13:15:00', '2012-05-10 13:40:00', '2012-05-10 13:57:00', '2012-05-10 16:59:00', '2012-05-10 20:26:00', '2012-05-11 03:42:00', '2012-05-11 04:35:00', '2012-05-11 05:27:00', '2012-05-11 07:05:00', '2012-05-11 07:43:00', '2012-05-11 08:16:00', '2012-05-11 08:35:00', '2012-05-11 09:46:00', '2012-05-11 12:16:00', '2012-05-11 13:10:00', '2012-05-11 14:23:00', '2012-05-11 17:16:00', '2012-05-11 17:38:00', '2012-05-11 18:56:00', '2012-05-11 20:16:00', '2012-05-11 23:44:00', '2012-05-12 04:39:00', '2012-05-12 05:17:00', '2012-05-12 06:55:00', '2012-05-12 09:24:00', '2012-05-12 12:48:00', '2012-05-12 13:25:00', '2012-05-13 02:02:00', '2012-05-13 04:08:00', '2012-05-13 08:14:00', '2012-05-13 22:32:00', '2012-05-14 00:45:00', '2012-05-14 04:29:00', '2012-05-14 07:38:00', '2012-05-14 09:39:00', '2012-05-14 15:48:00', '2012-05-14 16:15:00', '2012-05-14 18:45:00', '2012-05-14 22:09:00', '2012-05-15 00:03:00', '2012-05-15 09:45:00', '2012-05-15 19:57:00', '2012-05-15 22:16:00', '2012-05-16 09:21:00', '2012-05-16 12:26:00']","['C1.4', 'C2.6', 'M1.3', 'C2.3', 'C4.3', 'C1.1', 'C1.1', 'C1.3', 'C7.1', 'C2.7', 'C1.2', 'C1.2', 'C4.0', 'C7.9', 'C7.4', 'C1.9', 'C1.7', 'C1.8', 'M1.4', 'B4.7', 'B5.3', 'B7.4', 'B8.7', 'C1.3', 'B9.4', 'M4.7', 'M1.8', 'C2.1', 'C9.1', 'M4.1', 'C1.0', 'B7.7', 'C1.4', 'C2.4', 'C1.2', 'M5.7', 'C7.9', 'C8.3', 'C3.6', 'C1.4', 'B8.9', 'C1.0', 'C1.1', 'C2.2', 'C1.9', 'C4.7', 'C4.2', 'C3.3', 'M1.7', 'C3.1', 'C1.9', 'C1.1', 'C1.2', 'C1.2', 'C1.7', 'C2.8', 'C2.3', 'C1.5', 'C4.3', 'C3.5', 'C2.1', 'C6.1', 'C1.6', 'C4.1', 'C3.2', 'C1.3', 'C1.9', 'C1.7', 'C1.4', 'C1.4', 'C2.5', 'C1.1', 'C4.4', 'C7.0', 'B9.9', 'C1.0', 'B8.0', 'C4.1', 'C2.5', 'B7.0', 'C3.2', 'B9.2', 'B9.6', 'C1.5', 'C1.7', 'C1.0', 'C3.0', 'C2.5', 'C1.0']",2012-05-06 20:05:00,2012-05-16 12:30:00
220,1658,"['2012-05-14 13:38:00', '2012-05-14 19:26:00']","['C1.0', 'C1.7']",2012-05-14 19:22:00,2012-05-14 13:42:00
221,1662,"['2012-05-14 20:23:00', '2012-05-16 00:18:00', '2012-05-22 07:35:00', '2012-05-23 00:27:00', '2012-05-23 11:08:00']","['B8.1', 'C1.7', 'B5.9', 'C1.2', 'B7.1']",2012-05-14 20:20:00,2012-05-23 00:35:00
222,1653,"['2012-05-15 19:45:00', '2012-05-18 04:51:00', '2012-05-19 01:23:00', '2012-05-19 12:18:00']","['B9.0', 'B7.7', 'C1.1', 'C1.0']",2012-05-15 19:41:00,2012-05-19 12:31:00
223,1669,['2012-05-22 04:04:00'],['B4.8'],2012-05-22 04:00:00,2012-05-22 04:10:00
224,1688,"['2012-05-23 01:45:00', '2012-05-24 20:09:00', '2012-05-30 02:26:00']","['B9.7', 'C3.9', 'B9.3']",2012-05-23 01:40:00,2012-05-30 02:54:00
225,1705,"['2012-05-26 09:14:00', '2012-05-26 16:10:00', '2012-05-27 05:52:00', '2012-05-29 04:55:00']","['C1.5', 'C2.7', 'C3.1', 'B3.5']",2012-05-26 09:05:00,2012-05-29 05:00:00
226,1677,"['2012-05-26 18:29:00', '2012-05-28 12:49:00']","['B5.7', 'B7.4']",2012-05-26 18:26:00,2012-05-28 13:10:00
227,1701,"['2012-05-26 21:29:00', '2012-05-28 05:32:00', '2012-05-28 11:47:00', '2012-05-28 14:19:00']","['B5.5', 'B5.2', 'B6.1', 'B6.8']",2012-05-26 21:26:00,2012-05-28 11:50:00
228,1722,"['2012-06-01 17:10:00', '2012-06-02 01:05:00', '2012-06-02 04:31:00', '2012-06-03 12:09:00', '2012-06-04 09:36:00', '2012-06-04 16:58:00', '2012-06-05 11:57:00', '2012-06-05 20:59:00', '2012-06-06 16:20:00', '2012-06-06 21:32:00', '2012-06-06 22:36:00', '2012-06-07 00:15:00', '2012-06-07 01:58:00', '2012-06-07 02:39:00', '2012-06-07 03:29:00', '2012-06-07 13:03:00', '2012-06-07 13:40:00', '2012-06-07 14:28:00', '2012-06-07 15:43:00', '2012-06-07 19:32:00', '2012-06-07 19:42:00', '2012-06-08 07:16:00', '2012-06-09 03:08:00', '2012-06-09 10:32:00', '2012-06-11 04:27:00', '2012-06-11 21:05:00']","['C2.4', 'C2.2', 'C1.5', 'C1.6', 'C1.0', 'C1.1', 'C1.5', 'C4.2', 'C1.2', 'C1.2', 'C1.1', 'C1.6', 'C1.0', 'C1.2', 'C1.0', 'C1.1', 'C1.1', 'C2.7', 'C9.1', 'C1.1', 'C1.8', 'C4.8', 'C1.5', 'C1.5', 'C1.1', 'C1.5']",2012-06-01 17:02:00,2012-06-11 04:43:00
229,1724,"['2012-06-04 15:42:00', '2012-06-05 07:55:00', '2012-06-06 17:06:00', '2012-06-06 20:06:00', '2012-06-06 23:04:00', '2012-06-07 00:41:00', '2012-06-08 03:07:00']","['B9.9', 'C1.1', 'C1.0', 'M2.1', 'C1.1', 'C1.2', 'C7.7']",2012-06-04 15:35:00,2012-06-08 03:22:00
230,1750,"['2012-06-10 04:51:00', '2012-06-10 06:45:00', '2012-06-10 19:51:00', '2012-06-10 23:21:00', '2012-06-12 06:43:00', '2012-06-12 07:14:00', '2012-06-12 09:10:00', '2012-06-12 12:18:00', '2012-06-14 01:47:00', '2012-06-14 07:37:00', '2012-06-14 10:50:00', '2012-06-14 11:12:00', '2012-06-14 12:37:00', '2012-06-14 14:35:00', '2012-06-14 20:52:00', '2012-06-15 00:52:00', '2012-06-15 13:24:00', '2012-06-15 15:50:00', '2012-06-16 00:48:00', '2012-06-16 01:25:00', '2012-06-16 14:53:00', '2012-06-17 17:28:00', '2012-06-17 17:40:00', '2012-06-17 19:57:00', '2012-06-17 21:39:00', '2012-06-17 22:18:00', '2012-06-17 23:42:00', '2012-06-18 00:59:00', '2012-06-19 04:45:00', '2012-06-19 13:35:00', '2012-06-19 14:18:00', '2012-06-20 02:03:00', '2012-06-20 04:21:00', '2012-06-20 06:40:00']","['C1.1', 'M1.3', 'C2.3', 'C1.1', 'C2.0', 'C1.3', 'C1.6', 'C1.1', 'C1.3', 'C2.0', 'C2.5', 'C5.0', 'C2.6', 'M1.9', 'C4.0', 'C3.0', 'C3.4', 'C1.1', 'C2.4', 'B8.8', 'C1.8', 'C1.0', 'C3.9', 'C1.0', 'C1.8', 'C1.1', 'C1.2', 'C1.6', 'C1.1', 'C1.2', 'C1.0', 'C1.2', 'C1.0', 'B6.7']",2012-06-10 23:16:00,2012-06-20 06:45:00
231,1744,"['2012-06-11 11:29:00', '2012-06-11 12:37:00', '2012-06-11 14:47:00', '2012-06-11 15:42:00', '2012-06-11 17:04:00', '2012-06-11 19:03:00', '2012-06-12 17:32:00', '2012-06-14 00:02:00', '2012-06-18 07:14:00', '2012-06-18 21:36:00']","['C1.1', 'B9.8', 'C1.0', 'C1.5', 'C1.5', 'C1.5', 'C1.4', 'C1.2', 'C1.0', 'B6.5']",2012-06-11 17:01:00,2012-06-18 21:39:00
232,1756,"['2012-06-12 02:17:00', '2012-06-12 02:38:00', '2012-06-12 03:15:00', '2012-06-12 04:20:00', '2012-06-12 05:16:00', '2012-06-12 05:33:00']","['C1.0', 'C1.1', 'C2.1', 'C1.0', 'B8.5', 'C1.0']",2012-06-12 03:11:00,2012-06-12 02:49:00
233,1795,"['2012-06-25 11:50:00', '2012-06-25 20:59:00', '2012-06-26 19:44:00', '2012-06-27 08:08:00', '2012-06-28 01:54:00', '2012-06-28 04:52:00', '2012-06-28 09:23:00', '2012-06-29 05:14:00', '2012-06-29 18:44:00']","['B3.2', 'C1.4', 'C1.2', 'C3.2', 'C1.0', 'C4.2', 'B8.8', 'B6.3', 'C1.1']",2012-06-25 11:45:00,2012-06-29 18:50:00
234,1806,"['2012-06-28 02:14:00', '2012-06-28 11:16:00', '2012-06-28 16:06:00', '2012-06-28 16:12:00', '2012-06-28 19:42:00', '2012-06-29 00:38:00', '2012-06-29 01:25:00', '2012-06-29 09:20:00', '2012-06-29 23:38:00', '2012-06-30 09:53:00', '2012-06-30 12:52:00', '2012-06-30 18:32:00', '2012-07-01 01:07:00', '2012-07-01 07:16:00', '2012-07-01 19:18:00', '2012-07-02 00:35:00', '2012-07-02 02:42:00', '2012-07-02 04:51:00', '2012-07-02 14:46:00', '2012-07-02 23:39:00', '2012-07-03 14:41:00', '2012-07-03 20:45:00', '2012-07-04 16:39:00', '2012-07-07 04:19:00', '2012-07-08 00:09:00']","['C2.6', 'B7.2', 'B6.4', 'M2.4', 'C1.7', 'C1.4', 'C6.7', 'M2.2', 'C1.8', 'C1.6', 'M1.0', 'M1.6', 'C1.3', 'C5.4', 'M2.8', 'M1.1', 'C1.5', 'C1.0', 'C1.7', 'C6.5', 'C8.2', 'C9.3', 'M1.8', 'C6.7', 'C8.4']",2012-06-28 02:10:00,2012-07-08 00:16:00
235,1807,"['2012-06-28 03:23:00', '2012-06-29 04:14:00', '2012-06-29 06:47:00', '2012-06-29 08:22:00', '2012-06-30 04:38:00', '2012-06-30 08:30:00', '2012-06-30 10:11:00', '2012-06-30 10:57:00', '2012-07-01 10:23:00', '2012-07-01 15:32:00', '2012-07-01 15:45:00', '2012-07-02 02:54:00', '2012-07-02 05:08:00', '2012-07-02 07:07:00', '2012-07-02 08:55:00', '2012-07-02 10:37:00', '2012-07-02 10:52:00', '2012-07-02 12:28:00', '2012-07-02 16:44:00', '2012-07-02 17:50:00', '2012-07-02 19:43:00', '2012-07-02 20:07:00', '2012-07-02 21:36:00', '2012-07-02 22:12:00', '2012-07-02 23:56:00', '2012-07-03 00:47:00', '2012-07-03 00:57:00', '2012-07-03 02:41:00', '2012-07-03 03:42:00', '2012-07-03 04:18:00', '2012-07-03 12:15:00', '2012-07-03 13:06:00', '2012-07-03 13:59:00', '2012-07-03 15:22:00', '2012-07-03 17:02:00', '2012-07-03 20:17:00', '2012-07-03 21:51:00', '2012-07-03 23:30:00', '2012-07-04 01:45:00', '2012-07-04 04:10:00', '2012-07-04 04:37:00', '2012-07-04 09:06:00', '2012-07-04 09:55:00', '2012-07-04 12:24:00', '2012-07-04 14:13:00', '2012-07-04 14:40:00', '2012-07-04 14:49:00', '2012-07-04 15:50:00', '2012-07-04 16:12:00', '2012-07-04 19:34:00', '2012-07-04 21:27:00', '2012-07-04 22:09:00', '2012-07-04 22:45:00', '2012-07-04 23:55:00', '2012-07-05 01:10:00', '2012-07-05 02:05:00', '2012-07-05 02:42:00', '2012-07-05 03:36:00', '2012-07-05 06:58:00', '2012-07-05 09:08:00', '2012-07-05 09:20:00', '2012-07-05 10:48:00', '2012-07-05 11:44:00', '2012-07-05 13:18:00', '2012-07-05 13:52:00', '2012-07-05 14:18:00', '2012-07-05 14:45:00', '2012-07-05 15:59:00', '2012-07-05 18:20:00', '2012-07-05 19:44:00', '2012-07-05 20:14:00', '2012-07-05 21:45:00', '2012-07-05 23:39:00', '2012-07-06 00:21:00', '2012-07-06 02:31:00', '2012-07-06 02:51:00', '2012-07-06 04:33:00', '2012-07-06 04:59:00', '2012-07-06 07:07:00', '2012-07-06 08:23:00', '2012-07-06 09:18:00', '2012-07-06 10:29:00', '2012-07-06 13:30:00', '2012-07-06 16:05:00', '2012-07-06 17:43:00', '2012-07-06 18:55:00', '2012-07-06 23:08:00', '2012-07-07 03:15:00', '2012-07-07 10:44:00', '2012-07-07 11:03:00', '2012-07-07 13:06:00', '2012-07-07 13:14:00', '2012-07-07 13:49:00', '2012-07-07 14:36:00', '2012-07-08 02:09:00', '2012-07-08 03:32:00', '2012-07-08 04:19:00']","['B6.2', 'C4.6', 'C6.2', 'C2.9', 'C1.0', 'C4.4', 'B8.6', 'C2.7', 'C1.3', 'C2.4', 'C8.2', 'B9.5', 'C3.5', 'C2.1', 'C2.4', 'C2.9', 'M5.6', 'C1.8', 'C2.0', 'C3.7', 'C2.5', 'M3.8', 'C1.9', 'C3.4', 'M2.0', 'C1.9', 'C2.6', 'C2.7', 'C9.9', 'C2.4', 'C2.0', 'C2.2', 'C4.2', 'C4.1', 'C9.0', 'C3.5', 'C2.9', 'C4.9', 'C5.1', 'C6.1', 'M2.3', 'C6.7', 'M5.3', 'M2.3', 'C5.6', 'M1.3', 'C8.2', 'C6.4', 'C6.9', 'C2.9', 'C9.5', 'M4.6', 'C7.4', 'M1.2', 'M2.4', 'C7.0', 'M2.2', 'M4.7', 'M1.1', 'C5.0', 'C5.8', 'M1.8', 'M6.1', 'M1.2', 'C7.4', 'C4.0', 'C8.3', 'C6.2', 'C6.1', 'C4.8', 'M1.6', 'M1.6', 'C5.0', 'C6.8', 'C5.0', 'M1.0', 'C5.8', 'C7.7', 'C7.4', 'M1.5', 'C3.8', 'M1.8', 'M1.2', 'C5.0', 'C7.2', 'M1.3', 'X1.1', 'M1.2', 'C6.4', 'M2.6', 'C3.2', 'C3.9', 'C3.7', 'C3.0', 'C3.6', 'C4.4', 'C6.6']",2012-06-28 03:18:00,2012-07-08 03:35:00
236,1834,"['2012-07-07 08:28:00', '2012-07-08 13:02:00', '2012-07-08 17:34:00', '2012-07-08 19:24:00', '2012-07-09 22:17:00', '2012-07-09 23:07:00', '2012-07-10 03:43:00', '2012-07-10 04:39:00', '2012-07-10 05:14:00', '2012-07-10 06:27:00', '2012-07-10 08:34:00', '2012-07-10 09:04:00', '2012-07-10 12:24:00', '2012-07-10 12:44:00', '2012-07-10 13:45:00', '2012-07-10 20:14:00', '2012-07-11 05:33:00', '2012-07-11 08:31:00', '2012-07-11 14:42:00', '2012-07-11 16:02:00', '2012-07-11 22:27:00', '2012-07-12 01:09:00', '2012-07-12 01:36:00', '2012-07-12 07:27:00', '2012-07-12 08:05:00', '2012-07-12 16:49:00', '2012-07-13 06:29:00', '2012-07-13 11:11:00', '2012-07-13 12:19:00', '2012-07-13 19:04:00', '2012-07-13 22:10:00', '2012-07-13 22:35:00', '2012-07-14 04:58:00', '2012-07-14 07:34:00', '2012-07-14 10:39:00', '2012-07-14 14:16:00', '2012-07-14 15:44:00', '2012-07-15 14:36:00', '2012-07-15 18:47:00', '2012-07-15 19:51:00', '2012-07-15 20:46:00', '2012-07-15 21:49:00', '2012-07-15 23:59:00', '2012-07-16 13:10:00', '2012-07-16 18:36:00', '2012-07-16 20:03:00']","['M1.0', 'C6.1', 'C8.8', 'C6.6', 'C2.2', 'M1.1', 'C3.9', 'C7.0', 'M1.7', 'M2.0', 'C4.5', 'C4.1', 'C5.5', 'C4.6', 'C8.2', 'C3.2', 'C3.4', 'C9.9', 'C1.7', 'C1.9', 'C5.6', 'C1.3', 'C4.0', 'C1.0', 'C3.1', 'X1.4', 'C2.4', 'C1.5', 'C1.5', 'C1.3', 'C2.4', 'C2.1', 'M1.0', 'C2.0', 'C3.2', 'C2.4', 'C2.5', 'C1.1', 'C3.8', 'C2.8', 'C1.2', 'C3.5', 'C2.4', 'C2.2', 'C1.8', 'C7.5']",2012-07-07 08:18:00,2012-07-16 20:43:00
237,1866,"['2012-07-19 00:09:00', '2012-07-19 01:37:00', '2012-07-19 18:36:00', '2012-07-19 21:48:00', '2012-07-20 21:37:00', '2012-07-20 22:22:00']","['C2.4', 'C1.3', 'C1.5', 'C1.1', 'B5.0', 'B4.2']",2012-07-19 00:00:00,2012-07-20 21:45:00
238,1873,"['2012-07-21 23:24:00', '2012-07-30 23:18:00']","['C1.4', 'C1.8']",2012-07-21 23:19:00,2012-07-30 23:28:00
239,1877,"['2012-07-26 10:02:00', '2012-07-27 04:02:00', '2012-07-30 00:54:00', '2012-07-30 04:24:00', '2012-07-30 08:26:00', '2012-07-31 22:05:00', '2012-08-01 09:50:00']","['B6.8', 'C5.0', 'C1.5', 'C2.4', 'C2.1', 'C2.4', 'C1.5']",2012-07-26 09:59:00,2012-08-01 10:03:00
240,1879,"['2012-07-26 19:53:00', '2012-07-26 23:05:00', '2012-07-27 03:36:00', '2012-07-27 14:02:00', '2012-07-27 17:26:00', '2012-07-27 20:27:00', '2012-07-28 07:29:00', '2012-07-28 20:56:00', '2012-07-29 03:18:00', '2012-07-29 06:22:00', '2012-07-29 12:03:00', '2012-07-29 15:08:00', '2012-07-30 01:53:00', '2012-07-30 11:07:00', '2012-07-30 14:03:00', '2012-07-30 15:48:00', '2012-07-31 01:51:00', '2012-07-31 03:34:00', '2012-07-31 15:15:00', '2012-07-31 17:27:00', '2012-07-31 23:59:00', '2012-08-01 06:22:00', '2012-08-01 18:46:00', '2012-08-02 04:56:00', '2012-08-05 02:30:00']","['C1.3', 'B9.5', 'C1.3', 'C1.5', 'M2.7', 'C2.1', 'C1.7', 'M6.1', 'C2.3', 'M2.3', 'C3.1', 'C2.2', 'C1.1', 'C1.5', 'C8.8', 'M1.1', 'C1.8', 'C1.0', 'C1.6', 'C4.0', 'C1.3', 'C1.0', 'C1.8', 'C1.5', 'C1.8']",2012-07-26 23:01:00,2012-08-05 02:33:00
241,1886,"['2012-07-27 00:24:00', '2012-07-27 02:29:00']","['C1.3', 'C1.7']",2012-07-27 00:17:00,2012-07-27 02:31:00
242,1903,"['2012-07-31 09:40:00', '2012-07-31 11:30:00', '2012-07-31 19:30:00', '2012-08-01 12:52:00', '2012-08-01 23:45:00', '2012-08-03 21:27:00', '2012-08-04 01:30:00', '2012-08-04 04:18:00']","['C1.1', 'C5.7', 'C1.2', 'C2.3', 'C1.2', 'C3.0', 'C1.3', 'C2.7']",2012-07-31 19:25:00,2012-08-04 01:34:00
243,1907,"['2012-08-03 04:56:00', '2012-08-03 08:11:00', '2012-08-03 16:27:00', '2012-08-04 15:00:00', '2012-08-05 06:25:00', '2012-08-08 04:06:00', '2012-08-08 22:21:00', '2012-08-09 00:14:00', '2012-08-09 05:33:00', '2012-08-09 07:10:00', '2012-08-09 16:58:00', '2012-08-09 21:52:00', '2012-08-10 17:40:00', '2012-08-11 01:19:00', '2012-08-11 12:20:00']","['B8.7', 'C1.4', 'C1.4', 'C3.5', 'C1.1', 'C1.7', 'C1.1', 'C2.7', 'C3.2', 'C1.1', 'C1.1', 'C1.1', 'C2.7', 'C1.1', 'M1.0']",2012-08-03 16:05:00,2012-08-11 12:57:00
244,1930,"['2012-08-07 18:50:00', '2012-08-07 21:37:00', '2012-08-07 23:18:00', '2012-08-07 23:49:00', '2012-08-08 07:31:00', '2012-08-08 10:09:00', '2012-08-08 11:32:00', '2012-08-08 14:46:00', '2012-08-08 16:21:00', '2012-08-09 02:24:00', '2012-08-09 11:47:00', '2012-08-09 19:21:00', '2012-08-09 22:47:00', '2012-08-10 04:16:00', '2012-08-10 05:02:00', '2012-08-10 06:40:00', '2012-08-10 19:13:00', '2012-08-11 06:38:00', '2012-08-11 07:22:00', '2012-08-11 16:42:00', '2012-08-12 13:34:00', '2012-08-12 13:51:00', '2012-08-14 03:03:00', '2012-08-14 22:32:00', '2012-08-15 14:54:00', '2012-08-16 02:07:00']","['C3.0', 'C1.2', 'C1.1', 'C2.1', 'C1.3', 'B9.0', 'C4.9', 'C1.5', 'C1.9', 'C1.9', 'C8.4', 'C1.4', 'C1.4', 'C4.2', 'C2.4', 'B8.2', 'C1.4', 'B5.5', 'B7.2', 'C2.0', 'B8.1', 'B7.9', 'C1.1', 'C1.6', 'B6.8', 'B6.0']",2012-08-07 23:14:00,2012-08-16 02:22:00
245,1931,"['2012-08-10 15:47:00', '2012-08-14 00:31:00', '2012-08-14 11:37:00', '2012-08-15 03:46:00', '2012-08-16 13:16:00', '2012-08-17 06:58:00', '2012-08-17 15:32:00', '2012-08-17 16:11:00']","['B8.8', 'C3.5', 'C1.1', 'B8.5', 'C3.6', 'B4.2', 'C1.3', 'C1.5']",2012-08-10 15:44:00,2012-08-17 15:42:00
246,1946,"['2012-08-20 03:28:00', '2012-08-20 06:43:00', '2012-08-22 16:58:00', '2012-08-23 05:36:00']","['B4.6', 'B6.7', 'B6.9', 'B2.8']",2012-08-20 03:10:00,2012-08-23 05:43:00
247,1951,['2012-08-22 01:45:00'],['B3.3'],2012-08-22 01:32:00,2012-08-22 01:56:00
248,1962,"['2012-08-25 02:36:00', '2012-08-26 01:06:00', '2012-08-29 09:44:00', '2012-08-30 01:52:00', '2012-08-30 04:45:00', '2012-08-30 09:12:00']","['C1.7', 'B5.1', 'B8.2', 'C3.4', 'B9.8', 'C7.6']",2012-08-25 02:24:00,2012-08-30 01:58:00
249,1970,"['2012-08-27 19:15:00', '2012-08-28 19:58:00', '2012-08-28 21:10:00', '2012-08-28 22:48:00', '2012-08-28 23:54:00']","['B3.7', 'B3.9', 'B9.5', 'B6.4', 'B8.3']",2012-08-27 19:11:00,2012-08-28 23:58:00
250,1959,"['2012-08-29 23:44:00', '2012-09-01 17:37:00', '2012-09-01 19:45:00', '2012-09-02 10:21:00', '2012-09-02 13:42:00']","['C1.1', 'C1.5', 'C1.9', 'C3.1', 'C1.1']",2012-08-29 23:40:00,2012-09-02 13:48:00
251,1996,"['2012-08-30 21:44:00', '2012-08-31 04:51:00', '2012-08-31 11:27:00']","['C3.8', 'C1.7', 'C1.3']",2012-08-30 21:34:00,2012-08-31 04:55:00
252,1993,"['2012-08-31 04:12:00', '2012-08-31 07:21:00', '2012-08-31 10:04:00', '2012-09-02 01:58:00', '2012-09-03 00:47:00', '2012-09-03 16:35:00', '2012-09-03 18:29:00', '2012-09-03 20:27:00', '2012-09-05 02:34:00', '2012-09-05 16:18:00', '2012-09-05 23:56:00', '2012-09-06 01:14:00', '2012-09-06 02:06:00', '2012-09-06 03:16:00', '2012-09-06 04:13:00', '2012-09-06 09:56:00', '2012-09-06 11:58:00', '2012-09-06 15:21:00']","['C1.5', 'C2.9', 'C1.9', 'C2.9', 'C1.2', 'C1.3', 'B9.6', 'C1.3', 'C1.5', 'C1.1', 'C1.1', 'C1.2', 'C1.9', 'C1.8', 'M1.6', 'C1.3', 'C1.0', 'C8.0']",2012-08-31 04:08:00,2012-09-06 15:30:00
253,1990,"['2012-08-31 20:43:00', '2012-09-07 17:11:00']","['C8.4', 'C1.3']",2012-08-31 19:45:00,2012-09-07 17:16:00
254,1999,"['2012-09-01 19:02:00', '2012-09-02 22:30:00', '2012-09-03 01:52:00', '2012-09-03 02:47:00', '2012-09-03 13:18:00', '2012-09-03 22:12:00', '2012-09-04 06:42:00', '2012-09-04 09:47:00', '2012-09-05 03:47:00', '2012-09-05 05:51:00', '2012-09-05 08:06:00', '2012-09-06 02:41:00', '2012-09-06 07:51:00', '2012-09-06 17:31:00', '2012-09-07 20:51:00', '2012-09-07 22:50:00', '2012-09-08 22:22:00', '2012-09-09 19:20:00', '2012-09-09 21:28:00', '2012-09-09 22:36:00', '2012-09-10 12:55:00', '2012-09-10 21:31:00', '2012-09-10 23:56:00']","['C2.2', 'C2.1', 'C1.8', 'C4.0', 'C2.7', 'C2.3', 'C1.7', 'C1.5', 'C6.1', 'C1.9', 'C7.2', 'C2.4', 'C3.0', 'C1.4', 'C1.8', 'C2.1', 'C1.8', 'B8.9', 'B8.9', 'M1.2', 'C3.1', 'C2.2', 'C6.0']",2012-09-01 18:54:00,2012-09-11 00:08:00
255,2007,"['2012-09-04 07:15:00', '2012-09-04 07:34:00']","['C2.3', 'C1.2']",2012-09-04 07:09:00,2012-09-04 07:38:00
256,2017,['2012-09-09 14:58:00'],['C1.7'],2012-09-09 14:51:00,2012-09-09 15:05:00
257,2026,"['2012-09-11 01:11:00', '2012-09-12 22:41:00', '2012-09-12 23:24:00', '2012-09-13 01:23:00', '2012-09-13 08:34:00', '2012-09-13 09:52:00', '2012-09-13 14:32:00', '2012-09-13 16:01:00', '2012-09-13 16:44:00', '2012-09-13 17:18:00', '2012-09-13 22:56:00', '2012-09-14 13:23:00']","['C3.5', 'B7.4', 'B9.7', 'B6.5', 'C2.6', 'B8.6', 'B7.5', 'C1.7', 'B6.5', 'B5.8', 'B6.9', 'B3.9']",2012-09-11 01:00:00,2012-09-14 13:28:00
258,2011,['2012-09-14 23:41:00'],['B3.0'],2012-09-14 23:24:00,2012-09-14 23:51:00
259,2044,"['2012-09-19 15:12:00', '2012-09-19 16:42:00', '2012-09-28 21:18:00']","['C2.6', 'C1.2', 'B8.5']",2012-09-19 15:04:00,2012-09-28 21:20:00
260,2039,['2012-09-20 09:22:00'],['B7.7'],2012-09-20 09:18:00,2012-09-20 09:26:00
261,2040,"['2012-09-24 09:49:00', '2012-09-25 02:47:00', '2012-09-25 04:35:00', '2012-09-27 23:57:00', '2012-09-29 07:53:00', '2012-09-29 07:53:00', '2012-09-29 08:57:00', '2012-09-29 13:39:00', '2012-09-29 15:47:00', '2012-09-29 17:19:00', '2012-09-29 17:38:00', '2012-09-29 18:47:00', '2012-09-29 20:58:00', '2012-09-30 00:10:00', '2012-09-30 00:45:00', '2012-09-30 01:11:00', '2012-09-30 04:33:00', '2012-09-30 06:45:00', '2012-09-30 14:26:00', '2012-09-30 15:10:00', '2012-09-30 22:06:00', '2012-09-30 22:43:00', '2012-09-30 23:39:00', '2012-10-01 01:35:00', '2012-10-01 01:47:00', '2012-10-01 03:51:00']","['B9.6', 'C1.7', 'C3.6', 'C3.7', 'C1.2', 'C1.2', 'C1.2', 'C1.1', 'C1.6', 'C1.4', 'C1.2', 'C1.2', 'C1.3', 'C1.0', 'C1.0', 'B8.5', 'M1.3', 'C2.9', 'C2.3', 'C2.5', 'C2.8', 'C1.9', 'C9.9', 'C1.7', 'C4.8', 'C1.6']",2012-09-24 09:44:00,2012-10-01 03:54:00
262,2047,['2012-09-24 15:42:00'],['C1.6'],2012-09-24 15:39:00,2012-09-24 15:45:00
263,2037,['2012-09-25 22:08:00'],['B9.3'],2012-09-25 22:05:00,2012-09-25 22:11:00
264,2059,['2012-09-27 17:20:00'],['C4.4'],2012-09-27 17:04:00,2012-09-27 17:30:00
265,2061,['2012-09-29 10:30:00'],['C1.2'],2012-09-29 10:24:00,2012-09-29 10:36:00
266,2069,"['2012-10-02 09:04:00', '2012-10-05 07:30:00']","['C1.1', 'B7.8']",2012-10-02 09:00:00,2012-10-05 10:46:00
267,2098,"['2012-10-03 13:38:00', '2012-10-03 14:22:00', '2012-10-06 05:30:00', '2012-10-06 07:13:00', '2012-10-06 11:24:00', '2012-10-07 03:33:00', '2012-10-07 12:46:00', '2012-10-10 14:31:00']","['B3.4', 'B4.3', 'B4.0', 'B3.2', 'B5.3', 'B4.5', 'B4.9', 'C2.1']",2012-10-03 14:18:00,2012-10-10 14:34:00
268,2123,"['2012-10-16 23:10:00', '2012-10-17 12:21:00', '2012-10-19 18:51:00', '2012-10-25 07:34:00', '2012-10-25 09:35:00']","['C1.0', 'C1.3', 'C1.7', 'C1.0', 'B7.9']",2012-10-16 23:06:00,2012-10-25 09:37:00
269,2109,"['2012-10-17 00:49:00', '2012-10-19 01:15:00', '2012-10-19 05:19:00']","['C1.1', 'C1.3', 'C1.8']",2012-10-17 00:44:00,2012-10-19 05:36:00
270,2131,['2012-10-19 04:41:00'],['B8.6'],2012-10-19 04:37:00,2012-10-19 04:51:00
271,2130,"['2012-10-20 20:10:00', '2012-10-21 11:09:00', '2012-10-21 13:16:00', '2012-10-26 04:00:00', '2012-10-26 10:32:00', '2012-10-29 03:02:00']","['C2.7', 'C1.1', 'C1.8', 'C1.3', 'C1.5', 'B6.9']",2012-10-20 20:02:00,2012-10-29 03:05:00
272,2137,"['2012-10-23 03:17:00', '2012-10-23 13:15:00', '2012-10-23 15:00:00', '2012-10-23 19:58:00', '2012-10-24 05:38:00', '2012-10-24 07:10:00', '2012-10-24 09:28:00', '2012-10-24 13:23:00', '2012-10-24 14:19:00', '2012-10-24 15:26:00', '2012-10-24 20:54:00', '2012-10-25 03:42:00', '2012-10-25 10:21:00', '2012-10-26 16:07:00', '2012-10-27 12:35:00', '2012-10-30 01:37:00', '2012-10-31 11:39:00', '2012-10-31 13:11:00', '2012-11-01 14:04:00']","['X1.8', 'C2.3', 'C2.8', 'C1.1', 'C4.2', 'C1.7', 'C2.9', 'C1.3', 'C1.4', 'C1.0', 'B7.2', 'B9.0', 'B7.4', 'C1.1', 'B9.7', 'B8.4', 'C1.1', 'B3.9', 'B4.3']",2012-10-23 03:13:00,2012-11-01 14:12:00
273,2117,"['2012-10-23 08:21:00', '2012-10-24 01:26:00', '2012-10-25 04:22:00', '2012-10-26 06:43:00', '2012-10-26 11:04:00']","['C3.0', 'C2.4', 'C2.5', 'C1.5', 'C1.8']",2012-10-23 07:40:00,2012-10-26 11:20:00
274,2169,['2012-11-04 22:41:00'],['B2.6'],2012-11-04 22:38:00,2012-11-04 22:43:00
275,2176,['2012-11-06 00:21:00'],['B3.0'],2012-11-06 00:17:00,2012-11-06 00:28:00
276,2181,"['2012-11-08 23:38:00', '2012-11-09 23:53:00', '2012-11-11 19:06:00', '2012-11-12 08:10:00', '2012-11-12 10:22:00', '2012-11-12 12:14:00', '2012-11-14 18:29:00', '2012-11-15 03:34:00', '2012-11-15 04:37:00', '2012-11-17 05:22:00']","['B6.2', 'B7.5', 'C1.2', 'C1.1', 'C2.9', 'C2.1', 'B9.0', 'B8.2', 'C6.3', 'B9.1']",2012-11-08 23:34:00,2012-11-17 05:44:00
277,2173,['2012-11-09 01:51:00'],['C1.0'],2012-11-09 00:12:00,2012-11-09 02:41:00
278,2177,['2012-11-10 05:04:00'],['C2.0'],2012-11-10 04:22:00,2012-11-10 05:47:00
279,2186,"['2012-11-10 11:03:00', '2012-11-15 22:14:00']","['C1.3', 'B8.3']",2012-11-10 10:53:00,2012-11-15 22:47:00
280,2193,"['2012-11-12 14:33:00', '2012-11-13 08:06:00', '2012-11-14 02:25:00', '2012-11-14 13:27:00', '2012-11-14 13:45:00', '2012-11-14 17:04:00', '2012-11-15 12:54:00', '2012-11-17 03:08:00', '2012-11-18 04:07:00']","['C1.0', 'C2.2', 'C1.6', 'C1.3', 'C4.3', 'B9.5', 'C3.2', 'C1.7', 'C5.7']",2012-11-12 14:27:00,2012-11-18 04:15:00
281,2191,"['2012-11-12 18:51:00', '2012-11-12 21:39:00', '2012-11-12 22:41:00', '2012-11-12 23:28:00', '2012-11-13 00:22:00', '2012-11-13 01:18:00', '2012-11-13 02:04:00', '2012-11-13 04:34:00', '2012-11-13 05:50:00', '2012-11-13 06:56:00', '2012-11-13 10:12:00', '2012-11-13 17:43:00', '2012-11-13 20:54:00', '2012-11-14 03:16:00', '2012-11-14 04:04:00', '2012-11-14 05:02:00', '2012-11-14 23:41:00', '2012-11-15 08:02:00', '2012-11-15 14:30:00', '2012-11-15 20:21:00', '2012-11-17 04:08:00', '2012-11-18 08:15:00']","['C2.0', 'C2.5', 'C1.2', 'M2.0', 'C4.3', 'C3.5', 'M6.0', 'C1.0', 'M2.5', 'C3.4', 'C3.1', 'C1.8', 'M2.8', 'C1.7', 'M1.1', 'C1.0', 'C1.3', 'C2.8', 'C2.1', 'C1.0', 'C1.2', 'C1.0']",2012-11-12 23:13:00,2012-11-18 08:18:00
282,2220,"['2012-11-17 16:06:00', '2012-11-18 15:32:00', '2012-11-18 21:23:00', '2012-11-19 02:28:00', '2012-11-20 02:07:00', '2012-11-20 04:10:00', '2012-11-20 06:33:00', '2012-11-20 13:51:00', '2012-11-20 15:29:00', '2012-11-20 17:43:00', '2012-11-20 19:28:00', '2012-11-21 06:56:00', '2012-11-21 08:57:00', '2012-11-21 09:41:00', '2012-11-21 15:30:00', '2012-11-21 21:16:00', '2012-11-21 23:12:00', '2012-11-22 07:53:00', '2012-11-22 15:46:00', '2012-11-23 23:57:00', '2012-11-24 13:40:00', '2012-11-26 02:13:00']","['C1.3', 'C1.3', 'C1.0', 'C7.0', 'C3.0', 'C1.3', 'C3.9', 'C1.6', 'C3.1', 'B9.9', 'M1.6', 'M1.4', 'C1.2', 'C4.1', 'M3.5', 'C2.5', 'C1.1', 'B6.3', 'B9.5', 'C1.0', 'C3.3', 'C1.0']",2012-11-17 15:58:00,2012-11-26 02:15:00
283,2203,"['2012-11-18 11:07:00', '2012-11-18 13:07:00', '2012-11-19 00:12:00']","['B7.6', 'C4.3', 'C1.1']",2012-11-18 11:03:00,2012-11-19 00:25:00
284,2227,"['2012-11-25 22:18:00', '2012-11-26 00:42:00', '2012-11-26 08:50:00', '2012-11-26 11:43:00', '2012-11-26 12:12:00', '2012-11-26 12:37:00', '2012-11-26 13:14:00', '2012-11-26 14:32:00', '2012-11-26 15:06:00', '2012-11-26 15:26:00', '2012-11-26 19:53:00', '2012-11-26 21:24:00', '2012-11-26 22:53:00', '2012-11-27 00:17:00', '2012-11-27 02:15:00', '2012-11-27 04:58:00', '2012-11-27 08:04:00', '2012-11-27 11:31:00', '2012-11-27 13:32:00', '2012-11-27 15:16:00', '2012-11-27 17:03:00', '2012-11-27 21:26:00', '2012-11-27 23:24:00', '2012-11-28 01:48:00', '2012-11-28 08:58:00', '2012-11-28 09:55:00', '2012-11-28 11:38:00', '2012-11-28 12:24:00', '2012-11-28 23:12:00', '2012-11-29 01:03:00', '2012-11-29 07:10:00', '2012-11-29 08:49:00']","['C1.4', 'C1.9', 'C1.5', 'C1.8', 'C1.9', 'C1.9', 'B9.9', 'B9.0', 'C1.7', 'C2.3', 'C1.2', 'C2.1', 'C1.3', 'B9.8', 'C5.9', 'C1.7', 'C1.0', 'C1.6', 'C1.9', 'C1.0', 'C1.3', 'M1.0', 'C7.1', 'B7.9', 'B8.1', 'C1.1', 'C1.1', 'C4.8', 'C1.1', 'B7.0', 'C3.7', 'C1.1']",2012-11-25 22:14:00,2012-11-29 08:51:00
285,2245,"['2012-11-29 01:16:00', '2012-11-29 02:37:00', '2012-11-29 11:18:00', '2012-11-29 12:05:00', '2012-11-29 17:50:00', '2012-11-29 18:38:00', '2012-11-29 19:06:00', '2012-11-29 20:41:00', '2012-11-29 21:50:00', '2012-11-29 22:44:00', '2012-12-01 08:36:00', '2012-12-01 16:01:00', '2012-12-01 22:59:00', '2012-12-02 14:01:00', '2012-12-03 10:31:00', '2012-12-03 11:38:00', '2012-12-03 18:56:00', '2012-12-03 23:41:00', '2012-12-04 02:12:00', '2012-12-04 03:15:00', '2012-12-04 04:27:00', '2012-12-04 04:49:00', '2012-12-04 08:24:00', '2012-12-04 10:39:00', '2012-12-04 14:23:00', '2012-12-06 03:37:00', '2012-12-06 04:20:00', '2012-12-08 00:47:00']","['C1.0', 'C1.9', 'C2.0', 'C5.8', 'B7.3', 'C1.4', 'C2.8', 'C1.3', 'C1.5', 'C1.0', 'C1.3', 'B7.1', 'B9.4', 'B2.8', 'B3.3', 'B3.9', 'B2.7', 'B2.2', 'B7.0', 'B2.1', 'B2.3', 'B3.2', 'B4.8', 'B3.6', 'B2.9', 'B2.6', 'B3.3', 'B2.8']",2012-11-29 01:12:00,2012-12-08 00:51:00
286,2240,['2012-12-05 17:51:00'],['B8.6'],2012-12-05 17:39:00,2012-12-05 18:05:00
287,2262,"['2012-12-06 22:23:00', '2012-12-08 04:25:00', '2012-12-08 05:20:00', '2012-12-08 10:22:00', '2012-12-08 11:38:00', '2012-12-08 13:28:00', '2012-12-08 15:10:00', '2012-12-08 17:03:00', '2012-12-08 18:37:00', '2012-12-09 21:00:00', '2012-12-12 01:09:00', '2012-12-12 07:27:00', '2012-12-12 13:35:00', '2012-12-12 18:47:00', '2012-12-13 12:02:00', '2012-12-13 13:50:00', '2012-12-14 22:24:00', '2012-12-15 13:05:00']","['B2.5', 'B9.5', 'B3.1', 'B8.4', 'B3.2', 'B3.7', 'B4.5', 'B2.5', 'B5.2', 'B7.9', 'B4.7', 'C5.7', 'B9.5', 'B7.9', 'B4.6', 'B4.5', 'B9.0', 'B5.5']",2012-12-06 21:54:00,2012-12-15 13:08:00
288,2270,"['2012-12-09 01:56:00', '2012-12-09 17:47:00', '2012-12-09 19:18:00', '2012-12-09 20:08:00', '2012-12-09 20:47:00', '2012-12-10 00:52:00', '2012-12-10 03:38:00', '2012-12-10 09:35:00', '2012-12-11 00:46:00', '2012-12-11 03:10:00', '2012-12-11 23:46:00', '2012-12-12 00:11:00']","['B1.9', 'C1.4', 'B3.8', 'B7.4', 'B6.6', 'B6.3', 'B4.7', 'B3.6', 'B5.7', 'B5.6', 'B5.7', 'B5.7']",2012-12-09 19:14:00,2012-12-12 00:18:00
289,2291,"['2012-12-13 19:22:00', '2012-12-15 09:11:00', '2012-12-15 11:51:00', '2012-12-15 12:24:00', '2012-12-15 19:47:00', '2012-12-15 22:23:00', '2012-12-16 15:21:00', '2012-12-16 21:03:00', '2012-12-16 22:11:00', '2012-12-16 23:23:00', '2012-12-17 00:27:00', '2012-12-17 01:21:00', '2012-12-17 08:12:00']","['C1.2', 'B7.8', 'B5.8', 'B6.2', 'C1.2', 'B7.7', 'B5.3', 'C1.1', 'C1.0', 'B6.5', 'C1.3', 'C1.0', 'B6.7']",2012-12-13 19:11:00,2012-12-17 00:29:00
290,2306,"['2012-12-16 14:55:00', '2012-12-17 07:37:00', '2012-12-18 16:42:00', '2012-12-18 20:03:00', '2012-12-19 04:47:00', '2012-12-20 16:34:00', '2012-12-22 01:30:00', '2012-12-22 17:26:00', '2012-12-22 17:32:00', '2012-12-22 20:47:00', '2012-12-22 22:20:00', '2012-12-22 23:04:00', '2012-12-23 00:20:00', '2012-12-23 03:07:00', '2012-12-23 05:50:00', '2012-12-24 22:26:00']","['B5.4', 'B7.4', 'C1.3', 'B9.5', 'B5.8', 'B4.4', 'B6.8', 'B8.6', 'C1.4', 'C1.1', 'C1.9', 'C1.0', 'C1.1', 'B8.2', 'C1.3', 'C1.2']",2012-12-16 14:52:00,2012-12-24 22:34:00
291,2314,"['2012-12-19 22:42:00', '2012-12-20 07:22:00', '2012-12-20 09:46:00', '2012-12-21 04:54:00', '2012-12-21 12:20:00', '2012-12-21 14:12:00', '2012-12-21 15:08:00', '2012-12-21 17:08:00', '2012-12-21 19:34:00', '2012-12-21 20:41:00', '2012-12-21 22:33:00', '2012-12-21 23:55:00', '2012-12-22 04:05:00', '2012-12-22 09:30:00', '2012-12-22 14:07:00', '2012-12-23 02:30:00', '2012-12-23 12:56:00', '2012-12-23 14:29:00', '2012-12-23 16:17:00', '2012-12-23 20:44:00', '2012-12-24 09:44:00', '2012-12-24 16:14:00', '2012-12-25 00:46:00', '2012-12-25 02:45:00', '2012-12-25 04:01:00', '2012-12-25 05:04:00', '2012-12-25 05:35:00', '2012-12-25 06:43:00', '2012-12-25 09:05:00', '2012-12-25 13:04:00', '2012-12-26 04:30:00', '2012-12-26 04:55:00', '2012-12-26 09:11:00', '2012-12-26 11:25:00', '2012-12-26 13:53:00', '2012-12-26 16:48:00', '2012-12-26 17:14:00', '2012-12-26 20:48:00', '2012-12-27 02:24:00', '2012-12-27 13:20:00', '2012-12-27 21:43:00', '2012-12-28 11:10:00']","['B4.4', 'B4.1', 'B4.9', 'B6.0', 'B4.3', 'B3.8', 'B3.0', 'B5.4', 'B6.5', 'B6.4', 'B5.9', 'C1.9', 'C1.9', 'B5.2', 'B8.0', 'C1.5', 'B4.4', 'B7.5', 'B4.2', 'B9.3', 'B3.9', 'C1.7', 'B4.6', 'B6.7', 'B4.4', 'C1.1', 'B7.2', 'C1.8', 'B5.7', 'C4.1', 'B9.4', 'C3.9', 'C1.5', 'C1.6', 'C1.0', 'B8.4', 'C1.6', 'C1.2', 'C1.6', 'B9.4', 'B4.1', 'B3.5']",2012-12-19 22:39:00,2012-12-28 11:18:00
292,2322,['2012-12-25 15:56:00'],['B6.6'],2012-12-25 15:47:00,2012-12-25 16:02:00
293,2331,"['2012-12-29 12:09:00', '2012-12-29 19:33:00', '2013-01-07 09:54:00']","['B6.3', 'C1.5', 'C1.1']",2012-12-29 12:03:00,2013-01-07 10:00:00
294,2337,"['2012-12-31 19:03:00', '2012-12-31 22:17:00', '2013-01-01 09:06:00', '2013-01-01 15:58:00', '2013-01-01 22:58:00', '2013-01-03 04:15:00', '2013-01-03 21:08:00', '2013-01-03 21:38:00', '2013-01-04 00:53:00', '2013-01-04 02:12:00']","['B5.5', 'B8.9', 'C1.2', 'B6.2', 'B4.7', 'B5.7', 'B9.4', 'C1.7', 'C1.2', 'B8.2']",2012-12-31 22:12:00,2013-01-04 02:17:00
295,2342,['2013-01-02 09:25:00'],['B5.6'],2013-01-02 09:21:00,2013-01-02 09:34:00
296,2329,['2013-01-04 09:18:00'],['C1.3'],2013-01-04 08:22:00,2013-01-04 10:34:00
297,2353,"['2013-01-05 16:22:00', '2013-01-07 01:02:00']","['C1.3', 'C1.1']",2013-01-05 16:19:00,2013-01-07 01:10:00
298,2366,"['2013-01-06 17:03:00', '2013-01-06 22:41:00', '2013-01-07 03:54:00', '2013-01-07 04:52:00', '2013-01-07 07:47:00', '2013-01-08 05:42:00']","['C1.2', 'B9.1', 'C1.0', 'B8.0', 'C1.3', 'C1.1']",2013-01-06 22:34:00,2013-01-08 05:48:00
299,2362,"['2013-01-08 07:23:00', '2013-01-08 14:02:00', '2013-01-12 17:52:00', '2013-01-12 19:52:00', '2013-01-12 21:58:00', '2013-01-13 00:50:00', '2013-01-13 06:58:00', '2013-01-13 08:38:00', '2013-01-13 15:52:00', '2013-01-13 16:20:00', '2013-01-13 17:18:00', '2013-01-13 17:42:00', '2013-01-13 18:37:00', '2013-01-14 01:22:00', '2013-01-14 06:32:00']","['C1.8', 'C1.3', 'C1.5', 'C1.1', 'C3.1', 'M1.0', 'C2.7', 'M1.7', 'C2.7', 'C2.0', 'C2.4', 'C2.7', 'C2.3', 'C6.5', 'C1.3']",2013-01-08 07:18:00,2013-01-14 06:36:00
300,2344,['2013-01-08 16:04:00'],['C1.4'],2013-01-08 16:01:00,2013-01-08 16:07:00
301,2372,"['2013-01-10 03:26:00', '2013-01-10 04:04:00', '2013-01-10 09:33:00', '2013-01-10 12:29:00', '2013-01-10 16:05:00', '2013-01-10 17:46:00', '2013-01-10 19:55:00', '2013-01-10 21:38:00', '2013-01-10 23:24:00', '2013-01-10 23:47:00', '2013-01-11 00:51:00', '2013-01-11 02:49:00', '2013-01-11 04:02:00', '2013-01-11 05:36:00', '2013-01-11 06:41:00', '2013-01-11 08:16:00', '2013-01-11 09:11:00', '2013-01-11 14:24:00', '2013-01-11 15:07:00', '2013-01-11 18:46:00', '2013-01-11 19:46:00', '2013-01-11 21:08:00', '2013-01-12 02:24:00', '2013-01-12 03:35:00', '2013-01-12 04:25:00', '2013-01-12 15:54:00', '2013-01-12 17:10:00', '2013-01-12 19:33:00', '2013-01-12 21:39:00', '2013-01-13 01:48:00', '2013-01-13 11:39:00', '2013-01-13 11:53:00', '2013-01-13 16:06:00', '2013-01-14 07:43:00', '2013-01-14 15:46:00', '2013-01-14 17:20:00', '2013-01-15 12:10:00', '2013-01-15 22:55:00', '2013-01-16 02:18:00', '2013-01-18 13:14:00', '2013-01-18 17:07:00', '2013-01-18 17:47:00', '2013-01-19 06:24:00', '2013-01-19 09:00:00', '2013-01-19 17:11:00']","['C2.2', 'C1.7', 'C2.3', 'C1.5', 'C3.0', 'C8.0', 'C3.7', 'C1.7', 'C1.4', 'C1.4', 'C1.7', 'C4.3', 'C1.8', 'C3.5', 'C3.8', 'C1.5', 'M1.2', 'C1.5', 'M1.0', 'C1.6', 'C4.5', 'C2.9', 'C5.3', 'C2.7', 'C2.1', 'C2.0', 'C2.3', 'C3.9', 'C2.8', 'C1.9', 'C1.6', 'C1.7', 'C2.0', 'B8.7', 'C3.4', 'C1.3', 'C1.2', 'C1.8', 'B7.1', 'C1.0', 'C5.8', 'C2.3', 'C1.0', 'B6.8', 'B4.6']",2013-01-10 04:01:00,2013-01-19 06:28:00
302,2371,"['2013-01-14 04:17:00', '2013-01-14 04:54:00']","['C1.5', 'C1.8']",2013-01-14 04:13:00,2013-01-14 04:56:00
303,2360,"['2013-01-14 18:50:00', '2013-01-15 06:59:00', '2013-01-15 07:33:00']","['B8.0', 'C1.1', 'C1.0']",2013-01-14 18:45:00,2013-01-15 07:38:00
304,2401,['2013-01-18 14:17:00'],['B4.6'],2013-01-18 14:13:00,2013-01-18 14:25:00
305,2400,"['2013-01-18 22:12:00', '2013-01-18 23:33:00', '2013-01-19 03:51:00', '2013-01-22 10:33:00', '2013-01-22 21:20:00', '2013-01-25 08:28:00']","['B6.2', 'B9.4', 'C1.1', 'B7.7', 'B5.8', 'B2.3']",2013-01-18 22:08:00,2013-01-25 08:33:00
306,2387,['2013-01-21 09:30:00'],['B4.7'],2013-01-21 09:26:00,2013-01-21 09:32:00
307,2411,"['2013-01-24 16:21:00', '2013-01-25 19:41:00', '2013-01-25 20:31:00']","['B6.6', 'B2.4', 'B5.9']",2013-01-24 16:16:00,2013-01-25 19:45:00
308,2433,"['2013-01-30 10:02:00', '2013-01-30 10:27:00', '2013-02-01 03:42:00', '2013-02-01 13:49:00', '2013-02-02 05:11:00']","['B1.7', 'B2.3', 'B6.9', 'B3.6', 'C1.2']",2013-01-30 10:20:00,2013-02-02 05:15:00
309,2420,"['2013-01-31 04:34:00', '2013-01-31 05:10:00', '2013-01-31 05:40:00']","['C1.1', 'B3.0', 'B2.1']",2013-01-31 05:06:00,2013-01-31 05:48:00
310,2450,"['2013-02-04 20:42:00', '2013-02-05 08:19:00', '2013-02-05 10:31:00']","['C1.9', 'C6.3', 'B7.8']",2013-02-04 20:35:00,2013-02-05 10:33:00
311,2460,"['2013-02-08 08:50:00', '2013-02-08 15:08:00', '2013-02-11 06:25:00', '2013-02-11 16:12:00', '2013-02-12 19:56:00', '2013-02-13 00:45:00', '2013-02-13 10:46:00', '2013-02-14 04:02:00', '2013-02-14 04:30:00', '2013-02-15 02:01:00']","['B4.5', 'B4.7', 'B5.4', 'B5.8', 'B4.3', 'B8.0', 'B4.6', 'B3.2', 'C1.0', 'B5.1']",2013-02-08 15:03:00,2013-02-15 02:08:00
312,2491,"['2013-02-16 23:02:00', '2013-02-16 23:41:00', '2013-02-17 00:36:00', '2013-02-17 04:31:00', '2013-02-17 10:38:00', '2013-02-17 15:40:00', '2013-02-17 15:50:00', '2013-02-17 20:00:00', '2013-02-17 20:20:00', '2013-02-17 21:25:00', '2013-02-18 02:41:00']","['B4.7', 'B5.3', 'C1.0', 'B5.6', 'B3.8', 'C2.5', 'M1.9', 'C1.0', 'B5.5', 'B6.3', 'C1.0']",2013-02-16 23:37:00,2013-02-18 02:44:00
313,2489,"['2013-02-18 04:27:00', '2013-02-24 20:20:00']","['B4.0', 'B9.8']",2013-02-18 04:23:00,2013-02-24 20:33:00
314,2469,"['2013-02-19 07:45:00', '2013-02-19 10:51:00', '2013-02-19 20:07:00', '2013-02-20 05:36:00', '2013-02-20 11:11:00', '2013-02-20 13:35:00', '2013-02-20 14:19:00', '2013-02-20 14:56:00', '2013-02-20 21:58:00', '2013-02-21 03:10:00', '2013-02-21 04:09:00', '2013-02-21 05:05:00', '2013-02-21 08:59:00']","['B8.7', 'C2.1', 'B8.8', 'B6.1', 'C8.2', 'B5.3', 'B7.2', 'C3.0', 'C1.7', 'C1.9', 'C2.0', 'C2.5', 'B9.9']",2013-02-19 10:09:00,2013-02-21 05:17:00
315,2501,"['2013-02-26 03:45:00', '2013-02-27 03:32:00', '2013-02-28 14:58:00', '2013-02-28 16:01:00', '2013-03-01 10:14:00']","['B3.5', 'B8.3', 'B5.4', 'B7.9', 'B6.8']",2013-02-26 03:41:00,2013-03-01 10:17:00
316,2502,"['2013-02-27 00:36:00', '2013-03-02 11:52:00']","['B6.4', 'B6.0']",2013-02-27 00:29:00,2013-03-02 12:14:00
317,2504,['2013-02-28 08:30:00'],['B4.7'],2013-02-28 08:24:00,2013-02-28 08:34:00
318,2519,"['2013-03-05 01:54:00', '2013-03-05 05:23:00', '2013-03-05 15:55:00', '2013-03-05 20:44:00', '2013-03-06 02:26:00', '2013-03-06 04:44:00', '2013-03-06 10:30:00']","['B5.2', 'B6.8', 'B8.3', 'C1.1', 'B4.9', 'B6.5', 'B8.9']",2013-03-05 05:18:00,2013-03-06 04:47:00
319,2522,"['2013-03-07 01:30:00', '2013-03-11 16:25:00', '2013-03-11 23:53:00', '2013-03-13 04:34:00', '2013-03-13 19:41:00']","['B7.3', 'B9.9', 'B6.7', 'C1.1', 'B6.5']",2013-03-07 01:18:00,2013-03-13 19:44:00
320,2541,"['2013-03-10 03:31:00', '2013-03-10 03:31:00', '2013-03-10 03:31:00', '2013-03-10 05:38:00', '2013-03-13 23:40:00', '2013-03-14 10:33:00', '2013-03-14 19:44:00', '2013-03-15 04:32:00']","['B6.7', 'B6.7', 'B6.7', 'B4.9', 'B6.6', 'B6.7', 'B6.8', 'B5.0']",2013-03-10 03:19:00,2013-03-15 04:35:00
321,2533,['2013-03-12 11:07:00'],['C2.0'],2013-03-12 10:17:00,2013-03-12 12:25:00
322,2557,"['2013-03-12 14:16:00', '2013-03-17 14:49:00', '2013-03-19 14:23:00', '2013-03-22 13:48:00']","['C1.0', 'C1.0', 'C1.5', 'B6.5']",2013-03-12 14:10:00,2013-03-22 13:54:00
323,2546,"['2013-03-12 22:46:00', '2013-03-13 00:17:00', '2013-03-16 18:53:00', '2013-03-19 16:51:00', '2013-03-19 18:50:00', '2013-03-19 20:51:00', '2013-03-19 23:15:00', '2013-03-20 11:42:00', '2013-03-20 18:41:00', '2013-03-20 19:32:00', '2013-03-20 22:22:00']","['C3.6', 'C1.8', 'B8.0', 'C1.2', 'B9.7', 'C1.0', 'B6.3', 'B4.5', 'B5.0', 'C1.0', 'B8.4']",2013-03-12 23:16:00,2013-03-20 18:46:00
324,2560,"['2013-03-13 16:20:00', '2013-03-15 10:44:00', '2013-03-15 15:17:00']","['C1.4', 'C2.2', 'C1.0']",2013-03-13 16:15:00,2013-03-15 10:46:00
325,2543,"['2013-03-16 04:28:00', '2013-03-16 05:39:00', '2013-03-16 08:36:00', '2013-03-17 02:04:00', '2013-03-17 10:22:00', '2013-03-17 12:53:00']","['C2.6', 'C2.8', 'C1.5', 'B7.3', 'B7.9', 'C1.0']",2013-03-16 04:20:00,2013-03-17 12:56:00
326,2571,"['2013-03-18 01:32:00', '2013-03-18 12:27:00', '2013-03-26 13:06:00']","['B9.5', 'B8.1', 'B2.7']",2013-03-18 01:17:00,2013-03-26 13:37:00
327,2583,['2013-03-23 12:22:00'],['B6.8'],2013-03-23 12:15:00,2013-03-23 12:27:00
328,2587,"['2013-03-25 00:09:00', '2013-03-25 13:08:00', '2013-03-25 17:48:00', '2013-03-27 17:30:00', '2013-04-01 23:49:00', '2013-04-02 10:19:00']","['B4.1', 'B2.6', 'B4.4', 'B2.0', 'B7.4', 'B4.9']",2013-03-24 22:48:00,2013-04-02 10:24:00
329,2599,"['2013-03-30 10:24:00', '2013-04-02 00:54:00']","['B8.8', 'B5.0']",2013-03-30 10:16:00,2013-04-02 01:12:00
330,2597,"['2013-04-02 02:29:00', '2013-04-02 13:21:00', '2013-04-02 15:15:00', '2013-04-03 17:17:00', '2013-04-04 08:14:00', '2013-04-04 09:57:00', '2013-04-07 16:58:00', '2013-04-08 04:02:00', '2013-04-08 17:16:00', '2013-04-08 23:48:00', '2013-04-09 00:21:00']","['B5.7', 'B4.5', 'B9.6', 'B9.6', 'B5.5', 'C1.2', 'C1.6', 'B9.1', 'B8.1', 'C1.5', 'C2.2']",2013-04-02 15:10:00,2013-04-09 00:30:00
331,2605,"['2013-04-03 18:45:00', '2013-04-05 03:52:00', '2013-04-11 00:28:00']","['C1.7', 'B6.0', 'C1.4']",2013-04-03 18:34:00,2013-04-11 00:35:00
332,2636,"['2013-04-06 06:46:00', '2013-04-06 08:02:00', '2013-04-06 09:44:00', '2013-04-06 11:42:00', '2013-04-06 12:27:00', '2013-04-06 23:36:00', '2013-04-07 16:00:00', '2013-04-07 19:06:00', '2013-04-08 14:42:00', '2013-04-09 07:24:00', '2013-04-09 08:59:00', '2013-04-09 11:41:00', '2013-04-09 13:32:00', '2013-04-09 20:38:00', '2013-04-10 02:16:00', '2013-04-10 09:41:00', '2013-04-11 12:47:00', '2013-04-11 16:55:00', '2013-04-12 04:14:00', '2013-04-12 17:24:00', '2013-04-12 18:48:00', '2013-04-12 20:38:00', '2013-04-13 03:34:00', '2013-04-13 19:53:00', '2013-04-14 05:24:00', '2013-04-14 21:01:00']","['C1.0', 'B9.7', 'C1.1', 'C1.7', 'C1.4', 'C1.0', 'C3.1', 'B8.3', 'B8.9', 'C2.2', 'C2.9', 'C1.6', 'C1.5', 'C1.1', 'C1.8', 'C1.2', 'C2.2', 'C1.0', 'C2.2', 'C1.4', 'C2.1', 'M3.3', 'C1.9', 'C1.4', 'B6.8', 'B7.0']",2013-04-06 11:15:00,2013-04-14 05:27:00
333,2626,['2013-04-06 19:57:00'],['C1.2'],2013-04-06 19:35:00,2013-04-06 20:12:00
334,2635,"['2013-04-06 21:30:00', '2013-04-07 01:06:00', '2013-04-10 16:51:00', '2013-04-11 07:16:00', '2013-04-13 01:42:00', '2013-04-16 16:46:00', '2013-04-16 18:24:00', '2013-04-16 21:32:00']","['C1.7', 'C1.6', 'C1.1', 'M6.5', 'C1.5', 'C1.7', 'C1.6', 'C3.5']",2013-04-06 21:17:00,2013-04-16 21:54:00
335,2619,['2013-04-08 15:50:00'],['C1.6'],2013-04-08 15:42:00,2013-04-08 16:17:00
336,2651,"['2013-04-10 12:58:00', '2013-04-11 10:13:00']","['C1.2', 'C4.2']",2013-04-10 12:54:00,2013-04-11 10:15:00
337,2663,"['2013-04-15 14:03:00', '2013-04-16 04:30:00', '2013-04-16 07:37:00', '2013-04-20 01:46:00', '2013-04-21 20:15:00']","['C1.2', 'C1.5', 'C1.3', 'B8.1', 'C2.7']",2013-04-15 13:58:00,2013-04-21 20:32:00
338,2673,"['2013-04-19 23:12:00', '2013-04-20 00:36:00', '2013-04-20 02:31:00', '2013-04-20 03:48:00', '2013-04-20 08:02:00', '2013-04-20 12:37:00', '2013-04-20 17:16:00', '2013-04-20 22:13:00', '2013-04-20 22:29:00', '2013-04-20 22:52:00', '2013-04-21 01:09:00', '2013-04-21 02:29:00', '2013-04-21 02:51:00', '2013-04-21 03:00:00', '2013-04-21 05:14:00', '2013-04-21 07:10:00', '2013-04-21 07:34:00', '2013-04-21 09:23:00', '2013-04-21 10:24:00', '2013-04-21 10:55:00', '2013-04-21 12:03:00', '2013-04-21 14:20:00', '2013-04-21 16:03:00', '2013-04-21 18:39:00', '2013-04-21 23:50:00', '2013-04-22 00:58:00', '2013-04-22 02:37:00', '2013-04-22 10:29:00', '2013-04-22 22:48:00', '2013-04-23 04:21:00', '2013-04-23 13:11:00', '2013-04-23 13:21:00', '2013-04-23 14:14:00', '2013-04-23 14:59:00', '2013-04-23 15:07:00', '2013-04-23 15:18:00', '2013-04-23 19:34:00', '2013-04-23 23:13:00', '2013-04-23 23:25:00', '2013-04-24 00:21:00', '2013-04-24 03:28:00', '2013-04-25 00:21:00', '2013-04-25 03:41:00']","['B6.3', 'C1.5', 'C1.4', 'C1.1', 'C1.4', 'B4.1', 'C1.0', 'C1.1', 'C1.1', 'C1.3', 'C3.6', 'B7.0', 'B8.4', 'C1.0', 'C1.4', 'B8.7', 'C1.3', 'C2.5', 'C1.8', 'C1.0', 'C1.0', 'C2.2', 'C2.9', 'C4.5', 'B7.8', 'B9.6', 'B7.7', 'M1.0', 'C1.5', 'C1.1', 'B8.9', 'B8.8', 'C8.2', 'C1.2', 'C1.5', 'C2.5', 'C1.8', 'C1.7', 'C2.5', 'C1.4', 'C1.4', 'C2.6', 'C1.5']",2013-04-19 23:09:00,2013-04-25 03:51:00
339,2672,['2013-04-22 04:46:00'],['B6.3'],2013-04-22 04:43:00,2013-04-22 04:51:00
340,2661,['2013-04-22 21:56:00'],['C1.2'],2013-04-22 21:50:00,2013-04-22 22:02:00
341,2693,"['2013-04-27 13:27:00', '2013-04-28 14:38:00', '2013-04-28 14:56:00', '2013-04-28 15:44:00', '2013-04-28 15:55:00', '2013-04-28 17:02:00', '2013-04-28 21:03:00', '2013-04-28 21:40:00', '2013-04-28 23:31:00', '2013-04-29 00:05:00', '2013-04-29 03:17:00', '2013-04-29 22:01:00', '2013-04-30 00:12:00', '2013-04-30 03:17:00', '2013-05-01 06:55:00', '2013-05-01 11:49:00', '2013-05-01 12:03:00', '2013-05-01 14:14:00', '2013-05-01 16:12:00', '2013-05-01 20:32:00', '2013-05-02 05:10:00', '2013-05-02 16:16:00', '2013-05-03 12:08:00', '2013-05-03 16:55:00', '2013-05-04 13:23:00', '2013-05-04 16:22:00', '2013-05-04 18:21:00', '2013-05-05 20:59:00']","['C1.1', 'C1.1', 'C1.9', 'C1.8', 'C3.7', 'C1.8', 'C1.5', 'C1.3', 'C3.1', 'C1.7', 'C3.0', 'C3.9', 'C1.3', 'C1.0', 'C2.0', 'C1.1', 'C1.8', 'C6.6', 'C2.5', 'C4.6', 'M1.1', 'C1.4', 'C1.7', 'M1.3', 'C1.4', 'C2.0', 'C1.6', 'C1.1']",2013-04-27 13:24:00,2013-05-05 21:01:00
342,2677,"['2013-04-28 20:17:00', '2013-04-29 19:32:00']","['C4.4', 'C4.0']",2013-04-28 20:10:00,2013-04-29 19:36:00
343,2691,"['2013-04-29 20:32:00', '2013-04-30 01:59:00', '2013-04-30 08:45:00', '2013-04-30 19:59:00', '2013-04-30 20:48:00', '2013-05-01 01:26:00', '2013-05-01 01:55:00', '2013-05-01 07:29:00', '2013-05-01 18:51:00', '2013-05-02 17:07:00', '2013-05-03 00:36:00', '2013-05-03 01:19:00']","['C5.9', 'C2.2', 'C1.8', 'C3.6', 'C2.6', 'C9.6', 'C4.1', 'C5.5', 'C2.3', 'C1.0', 'C1.7', 'C1.7']",2013-04-29 20:22:00,2013-05-03 00:40:00
344,2696,"['2013-05-01 01:04:00', '2013-05-01 04:15:00', '2013-05-01 20:06:00', '2013-05-02 20:46:00', '2013-05-02 21:57:00', '2013-05-02 23:09:00', '2013-05-03 15:03:00', '2013-05-03 21:11:00', '2013-05-04 03:18:00', '2013-05-04 23:28:00', '2013-05-05 03:57:00', '2013-05-05 16:11:00', '2013-05-07 08:23:00', '2013-05-07 11:22:00', '2013-05-07 19:16:00']","['C1.4', 'C2.7', 'C1.4', 'C2.8', 'C2.3', 'C1.7', 'C1.7', 'C1.4', 'C2.4', 'C1.3', 'B9.3', 'C3.2', 'C1.6', 'B9.0', 'B7.8']",2013-05-01 04:09:00,2013-05-07 11:35:00
345,2716,"['2013-05-04 07:34:00', '2013-05-04 08:00:00', '2013-05-04 12:36:00', '2013-05-04 19:37:00', '2013-05-04 23:49:00', '2013-05-05 00:49:00', '2013-05-05 03:11:00', '2013-05-05 05:15:00', '2013-05-05 06:44:00', '2013-05-05 08:56:00', '2013-05-05 09:33:00', '2013-05-05 10:28:00', '2013-05-05 20:02:00', '2013-05-06 00:13:00', '2013-05-06 01:07:00', '2013-05-06 02:05:00', '2013-05-07 22:18:00', '2013-05-08 00:22:00', '2013-05-10 16:43:00', '2013-05-11 19:16:00']","['C1.0', 'C3.7', 'C5.6', 'C2.2', 'C1.7', 'C8.0', 'C1.2', 'C1.6', 'C8.4', 'C1.1', 'C2.3', 'B9.3', 'C8.3', 'C2.3', 'C1.0', 'C2.4', 'C1.3', 'C2.9', 'C2.5', 'C2.8']",2013-05-04 12:23:00,2013-05-11 19:23:00
346,2718,['2013-05-06 01:46:00'],['C1.0'],2013-05-06 01:41:00,2013-05-06 01:51:00
347,2733,"['2013-05-09 20:31:00', '2013-05-10 05:09:00', '2013-05-12 09:03:00', '2013-05-12 10:23:00', '2013-05-14 22:54:00', '2013-05-18 05:18:00']","['C1.3', 'C1.2', 'C1.6', 'C1.6', 'C2.0', 'C1.2']",2013-05-09 20:28:00,2013-05-18 05:31:00
348,2735,"['2013-05-10 02:44:00', '2013-05-10 03:01:00', '2013-05-11 02:56:00', '2013-05-12 03:27:00', '2013-05-12 03:41:00', '2013-05-12 06:19:00', '2013-05-16 12:17:00', '2013-05-17 04:41:00']","['C3.1', 'C2.1', 'C1.3', 'C1.1', 'C1.2', 'C1.3', 'C1.2', 'C5.0']",2013-05-10 02:40:00,2013-05-17 04:43:00
349,2737,"['2013-05-12 04:36:00', '2013-05-21 00:12:00', '2013-05-21 07:48:00']","['C2.2', 'C1.5', 'C1.1']",2013-05-12 04:11:00,2013-05-21 07:54:00
350,2739,"['2013-05-12 05:27:00', '2013-05-12 06:27:00', '2013-05-12 08:26:00', '2013-05-12 16:01:00', '2013-05-13 08:38:00', '2013-05-13 22:05:00', '2013-05-15 13:30:00', '2013-05-21 10:40:00', '2013-05-22 02:56:00']","['C1.2', 'C1.3', 'C1.5', 'C2.0', 'C4.5', 'C8.3', 'C1.4', 'C1.2', 'C1.9']",2013-05-12 05:18:00,2013-05-22 03:08:00
351,2748,"['2013-05-14 22:04:00', '2013-05-15 01:48:00', '2013-05-15 12:37:00', '2013-05-15 22:31:00', '2013-05-16 18:35:00', '2013-05-16 19:24:00', '2013-05-16 21:53:00', '2013-05-17 08:57:00', '2013-05-18 03:45:00', '2013-05-18 18:22:00', '2013-05-20 00:47:00', '2013-05-20 14:28:00', '2013-05-20 15:06:00', '2013-05-20 16:26:00', '2013-05-20 19:18:00', '2013-05-20 22:30:00', '2013-05-21 15:25:00']","['C4.3', 'X1.2', 'C1.6', 'C1.1', 'C1.1', 'C4.8', 'M1.3', 'M3.2', 'C6.0', 'C1.1', 'C4.0', 'C2.7', 'C9.6', 'C6.0', 'C1.3', 'C1.3', 'B8.9']",2013-05-14 21:56:00,2013-05-21 15:27:00
352,2754,"['2013-05-16 15:49:00', '2013-05-18 06:56:00', '2013-05-19 08:38:00']","['C1.1', 'C1.3', 'C1.2']",2013-05-16 15:37:00,2013-05-19 08:40:00
353,2750,"['2013-05-19 09:15:00', '2013-05-19 11:50:00', '2013-05-19 12:25:00', '2013-05-19 14:20:00', '2013-05-19 15:15:00', '2013-05-19 21:21:00']","['C3.4', 'C1.1', 'C1.4', 'C1.1', 'C6.3', 'C4.7']",2013-05-19 09:08:00,2013-05-19 11:57:00
354,2758,"['2013-05-21 22:37:00', '2013-05-22 00:27:00', '2013-05-22 00:54:00', '2013-05-22 20:09:00', '2013-05-23 14:50:00', '2013-05-23 15:33:00', '2013-05-23 18:27:00', '2013-05-23 18:47:00', '2013-05-24 16:35:00', '2013-05-25 01:33:00', '2013-05-25 04:40:00', '2013-05-25 16:52:00', '2013-05-26 00:32:00', '2013-05-26 01:53:00', '2013-05-26 09:57:00', '2013-05-26 21:47:00', '2013-05-27 02:11:00', '2013-05-27 21:42:00', '2013-05-29 04:44:00', '2013-05-29 17:01:00']","['C2.9', 'C1.1', 'C2.3', 'C2.4', 'C3.9', 'C2.6', 'C1.8', 'C3.4', 'C2.1', 'C1.6', 'C1.1', 'B6.2', 'B7.7', 'B6.1', 'C3.8', 'C1.7', 'B8.1', 'B6.8', 'B4.5', 'B5.6']",2013-05-21 22:32:00,2013-05-29 04:46:00
355,2760,"['2013-05-23 09:14:00', '2013-05-23 12:29:00', '2013-05-24 20:59:00', '2013-05-25 10:49:00', '2013-05-25 20:29:00', '2013-05-28 04:47:00', '2013-05-29 07:36:00', '2013-05-29 09:01:00']","['C1.4', 'C1.3', 'B9.0', 'C2.1', 'C1.6', 'B9.6', 'C1.2', 'B8.6']",2013-05-23 09:09:00,2013-05-29 07:58:00
356,2779,"['2013-05-29 03:25:00', '2013-05-30 13:03:00', '2013-05-31 05:36:00']","['B5.4', 'B9.4', 'B4.6']",2013-05-29 03:12:00,2013-05-31 05:43:00
357,2809,"['2013-05-29 21:02:00', '2013-05-29 22:36:00', '2013-05-30 02:33:00', '2013-05-30 05:12:00', '2013-05-30 10:56:00', '2013-05-30 14:32:00', '2013-05-30 17:34:00', '2013-05-31 20:00:00', '2013-06-01 07:17:00', '2013-06-02 14:51:00', '2013-06-02 16:20:00']","['B4.7', 'C2.9', 'B5.7', 'B4.4', 'B4.4', 'B8.7', 'B5.0', 'M1.0', 'B5.1', 'B3.7', 'B4.4']",2013-05-29 22:30:00,2013-06-02 14:55:00
358,2790,"['2013-05-31 11:24:00', '2013-06-01 13:46:00', '2013-06-02 05:20:00', '2013-06-02 15:48:00', '2013-06-03 06:25:00', '2013-06-03 07:25:00', '2013-06-03 17:44:00', '2013-06-04 00:52:00', '2013-06-04 04:20:00', '2013-06-04 08:32:00', '2013-06-05 08:57:00', '2013-06-06 04:18:00']","['C1.1', 'B6.6', 'C1.8', 'B4.8', 'B5.1', 'C9.5', 'C1.8', 'B8.8', 'B5.7', 'B7.0', 'M1.3', 'B4.3']",2013-05-31 11:11:00,2013-06-06 04:21:00
359,2825,"['2013-06-06 23:11:00', '2013-06-08 07:43:00', '2013-06-09 10:18:00', '2013-06-10 09:51:00', '2013-06-10 10:52:00', '2013-06-10 12:18:00', '2013-06-10 12:40:00', '2013-06-10 12:54:00', '2013-06-10 13:41:00', '2013-06-10 15:57:00', '2013-06-10 17:33:00', '2013-06-10 18:39:00']","['B5.6', 'B4.4', 'B4.1', 'B3.4', 'B2.3', 'B4.6', 'B3.6', 'B2.2', 'B7.9', 'B2.3', 'B2.2', 'B2.7']",2013-06-06 23:08:00,2013-06-10 15:59:00
360,2832,"['2013-06-13 09:27:00', '2013-06-13 10:06:00', '2013-06-13 21:10:00', '2013-06-14 01:55:00', '2013-06-16 02:37:00']","['B7.2', 'B9.3', 'B3.6', 'B7.2', 'B6.9']",2013-06-13 21:06:00,2013-06-16 02:46:00
361,2852,"['2013-06-15 04:00:00', '2013-06-15 04:00:00', '2013-06-15 09:33:00', '2013-06-15 20:20:00', '2013-06-15 23:06:00', '2013-06-16 02:13:00', '2013-06-16 05:52:00', '2013-06-16 05:52:00', '2013-06-16 10:20:00', '2013-06-16 17:52:00', '2013-06-16 17:52:00', '2013-06-16 21:25:00', '2013-06-17 03:47:00', '2013-06-17 03:47:00', '2013-06-17 04:52:00', '2013-06-17 04:52:00', '2013-06-17 08:12:00', '2013-06-17 22:38:00', '2013-06-18 05:40:00', '2013-06-18 05:40:00', '2013-06-18 07:18:00', '2013-06-18 15:21:00', '2013-06-18 15:57:00', '2013-06-18 16:54:00', '2013-06-18 19:07:00', '2013-06-20 14:05:00', '2013-06-20 16:02:00', '2013-06-20 20:27:00', '2013-06-21 09:18:00', '2013-06-21 10:33:00', '2013-06-21 12:05:00', '2013-06-21 12:22:00', '2013-06-21 22:17:00', '2013-06-21 23:27:00', '2013-06-22 00:45:00', '2013-06-22 05:06:00', '2013-06-22 09:10:00', '2013-06-22 10:33:00', '2013-06-23 12:32:00', '2013-06-24 16:41:00', '2013-06-24 20:50:00', '2013-06-25 11:54:00']","['C1.0', 'C1.0', 'B7.1', 'B5.2', 'B9.8', 'B7.0', 'B6.9', 'B6.9', 'C1.0', 'B6.2', 'B6.2', 'B7.6', 'C1.2', 'C1.2', 'C1.0', 'C1.0', 'C1.7', 'C1.2', 'C1.3', 'C1.3', 'C2.2', 'B9.4', 'C1.1', 'B9.4', 'B6.0', 'C1.3', 'C1.3', 'C1.3', 'C1.6', 'C1.3', 'C1.3', 'C1.1', 'C2.1', 'C1.5', 'B9.9', 'C1.3', 'C1.1', 'B7.6', 'B8.0', 'C2.0', 'C3.0', 'B6.6']",2013-06-15 23:00:00,2013-06-25 11:58:00
362,2875,"['2013-06-18 20:40:00', '2013-06-19 01:01:00', '2013-06-19 07:29:00', '2013-06-19 17:09:00', '2013-06-20 10:47:00', '2013-06-20 11:37:00', '2013-06-20 19:57:00']","['B9.9', 'C2.3', 'C3.5', 'C1.0', 'B7.9', 'B7.8', 'B9.2']",2013-06-18 20:20:00,2013-06-20 19:59:00
363,2861,"['2013-06-19 11:56:00', '2013-06-22 17:36:00']","['C1.5', 'C1.5']",2013-06-19 11:49:00,2013-06-22 17:46:00
364,2887,"['2013-06-23 20:56:00', '2013-06-24 08:24:00', '2013-06-24 11:32:00', '2013-06-24 16:17:00', '2013-06-27 08:14:00', '2013-06-27 09:43:00', '2013-06-27 12:00:00', '2013-06-28 03:37:00', '2013-06-28 17:05:00', '2013-06-30 05:20:00', '2013-06-30 09:18:00', '2013-06-30 20:55:00']","['M2.9', 'C3.5', 'C9.9', 'B9.1', 'C1.2', 'B8.5', 'C1.2', 'C7.3', 'C1.6', 'B4.1', 'C1.5', 'C1.3']",2013-06-23 20:48:00,2013-06-30 09:27:00
365,2878,"['2013-06-27 20:29:00', '2013-06-28 01:59:00', '2013-06-30 15:17:00', '2013-06-30 16:33:00', '2013-06-30 16:47:00']","['B4.3', 'C4.4', 'C2.7', 'C1.3', 'C2.0']",2013-06-27 19:47:00,2013-06-30 16:50:00
366,2912,"['2013-06-29 02:25:00', '2013-06-29 03:04:00', '2013-06-29 16:09:00', '2013-06-29 17:50:00', '2013-06-30 02:55:00']","['B4.0', 'B3.4', 'C1.1', 'B7.3', 'B6.2']",2013-06-29 03:00:00,2013-06-30 02:58:00
367,2920,"['2013-07-03 12:05:00', '2013-07-03 13:12:00', '2013-07-03 14:03:00', '2013-07-03 15:15:00', '2013-07-03 16:36:00', '2013-07-03 19:11:00', '2013-07-03 20:04:00', '2013-07-04 00:08:00', '2013-07-04 02:04:00', '2013-07-04 05:03:00', '2013-07-04 05:23:00', '2013-07-04 11:41:00', '2013-07-04 15:53:00', '2013-07-04 18:54:00', '2013-07-04 19:44:00', '2013-07-04 21:25:00', '2013-07-04 23:22:00', '2013-07-05 00:57:00', '2013-07-05 02:50:00', '2013-07-05 03:49:00', '2013-07-05 04:26:00', '2013-07-05 07:03:00', '2013-07-05 08:48:00', '2013-07-05 09:07:00', '2013-07-05 11:26:00', '2013-07-05 13:01:00', '2013-07-05 15:42:00', '2013-07-05 19:42:00', '2013-07-05 21:35:00', '2013-07-05 23:00:00', '2013-07-06 01:17:00', '2013-07-06 02:33:00', '2013-07-06 07:13:00', '2013-07-06 08:10:00', '2013-07-06 15:38:00', '2013-07-07 00:58:00', '2013-07-07 02:10:00', '2013-07-07 03:19:00', '2013-07-07 04:02:00', '2013-07-07 12:13:00', '2013-07-07 13:40:00', '2013-07-07 22:50:00', '2013-07-08 01:22:00', '2013-07-08 16:28:00', '2013-07-08 22:19:00', '2013-07-08 22:52:00', '2013-07-09 02:44:00', '2013-07-09 03:29:00', '2013-07-09 07:35:00', '2013-07-09 13:32:00', '2013-07-09 21:45:00', '2013-07-10 01:28:00', '2013-07-10 06:40:00', '2013-07-10 22:46:00', '2013-07-11 00:06:00', '2013-07-11 09:09:00', '2013-07-11 17:15:00', '2013-07-11 20:37:00', '2013-07-12 00:01:00', '2013-07-12 17:33:00', '2013-07-12 22:33:00']","['C2.6', 'C1.4', 'C1.1', 'B8.9', 'C1.6', 'C1.1', 'C6.0', 'C8.9', 'C3.0', 'C1.0', 'C3.9', 'C1.8', 'C1.0', 'C5.9', 'C6.8', 'C2.7', 'C1.1', 'C3.8', 'C3.3', 'C1.5', 'C1.8', 'C1.9', 'C1.5', 'C1.2', 'C2.8', 'C8.5', 'C3.6', 'C4.9', 'C3.5', 'B9.6', 'C2.3', 'C4.1', 'C2.9', 'C1.0', 'B7.6', 'C6.1', 'C1.2', 'C1.5', 'C1.1', 'C1.7', 'B8.3', 'C1.0', 'C9.7', 'B9.5', 'C4.5', 'B9.2', 'C2.8', 'B9.4', 'C2.0', 'C2.3', 'C1.1', 'C1.3', 'C4.9', 'B8.1', 'C2.0', 'C1.0', 'C1.4', 'B8.1', 'C1.3', 'C3.5', 'C1.6']",2013-07-03 14:00:00,2013-07-12 17:55:00
368,2922,['2013-07-06 17:38:00'],['C1.1'],2013-07-06 17:31:00,2013-07-06 17:50:00
369,2952,"['2013-07-13 05:44:00', '2013-07-15 03:44:00', '2013-07-15 10:55:00', '2013-07-15 17:00:00', '2013-07-16 01:10:00', '2013-07-16 10:16:00', '2013-07-16 23:43:00', '2013-07-17 10:10:00', '2013-07-19 21:59:00']","['C1.4', 'C3.0', 'C3.6', 'C1.0', 'C2.1', 'C1.9', 'B6.4', 'B5.8', 'B9.8']",2013-07-13 05:36:00,2013-07-19 22:06:00
370,2954,['2013-07-15 02:57:00'],['C1.1'],2013-07-15 02:33:00,2013-07-15 03:03:00
371,2968,"['2013-07-16 22:33:00', '2013-07-17 21:04:00', '2013-07-20 03:38:00', '2013-07-21 06:45:00', '2013-07-21 12:19:00', '2013-07-21 14:59:00', '2013-07-24 01:24:00', '2013-07-25 01:32:00']","['B5.7', 'B6.9', 'C2.1', 'B8.0', 'B8.3', 'B6.2', 'B4.9', 'B5.0']",2013-07-16 22:28:00,2013-07-25 01:36:00
372,2981,"['2013-07-20 23:38:00', '2013-07-21 03:08:00', '2013-07-21 05:25:00', '2013-07-21 08:44:00', '2013-07-24 03:06:00', '2013-07-24 20:54:00', '2013-07-24 21:43:00', '2013-07-25 22:44:00', '2013-07-26 04:37:00', '2013-07-26 14:47:00', '2013-07-26 16:45:00', '2013-07-26 21:49:00', '2013-07-26 22:22:00', '2013-07-27 00:02:00', '2013-07-27 12:39:00', '2013-07-28 03:10:00', '2013-07-28 06:18:00', '2013-07-28 11:05:00', '2013-07-28 12:21:00', '2013-07-28 16:01:00', '2013-07-28 16:27:00', '2013-07-28 20:03:00', '2013-07-28 21:11:00', '2013-07-29 13:25:00', '2013-07-29 16:51:00']","['C1.0', 'C1.0', 'B5.7', 'C3.1', 'B4.3', 'B5.8', 'C1.8', 'C2.1', 'B7.1', 'B6.5', 'B5.3', 'C1.8', 'C1.3', 'B8.3', 'C1.0', 'C1.7', 'C2.3', 'B7.0', 'C3.2', 'C1.4', 'C1.5', 'C1.6', 'C1.0', 'B7.4', 'C2.9']",2013-07-20 23:33:00,2013-07-29 13:31:00
373,2999,['2013-07-30 01:15:00'],['C1.1'],2013-07-30 01:10:00,2013-07-30 01:20:00
374,3022,['2013-07-30 21:04:00'],['B8.7'],2013-07-30 20:59:00,2013-07-30 21:13:00
375,3028,"['2013-08-01 22:57:00', '2013-08-02 07:27:00', '2013-08-02 20:47:00']","['B8.4', 'B4.3', 'B7.2']",2013-08-01 22:53:00,2013-08-02 07:30:00
376,3019,['2013-08-02 08:00:00'],['B5.7'],2013-08-02 07:57:00,2013-08-02 08:02:00
377,3012,['2013-08-02 11:15:00'],['B9.7'],2013-08-02 11:08:00,2013-08-02 11:24:00
378,3031,"['2013-08-03 03:52:00', '2013-08-03 05:51:00', '2013-08-05 19:05:00', '2013-08-07 03:48:00', '2013-08-07 14:58:00', '2013-08-08 19:24:00', '2013-08-10 09:27:00']","['B3.7', 'B3.6', 'B3.6', 'B4.2', 'B4.8', 'B4.1', 'B4.3']",2013-08-03 03:48:00,2013-08-10 10:04:00
379,3049,['2013-08-08 16:17:00'],['B5.5'],2013-08-08 16:14:00,2013-08-08 16:19:00
380,3048,"['2013-08-10 12:27:00', '2013-08-10 23:52:00', '2013-08-11 01:30:00', '2013-08-11 05:30:00', '2013-08-11 12:31:00', '2013-08-11 14:34:00', '2013-08-11 16:48:00', '2013-08-11 19:32:00', '2013-08-11 21:31:00', '2013-08-11 21:58:00', '2013-08-12 10:41:00', '2013-08-14 10:37:00', '2013-08-14 16:55:00', '2013-08-14 17:53:00', '2013-08-14 22:55:00', '2013-08-15 18:35:00', '2013-08-15 22:16:00', '2013-08-17 12:30:00']","['B4.6', 'C1.4', 'C1.3', 'C1.1', 'B7.1', 'C2.0', 'C1.2', 'C2.1', 'C6.7', 'C8.4', 'M1.5', 'C1.5', 'C3.6', 'C1.5', 'C1.6', 'C1.2', 'C2.9', 'B6.3']",2013-08-10 12:16:00,2013-08-17 12:44:00
381,3056,"['2013-08-13 15:53:00', '2013-08-13 23:14:00', '2013-08-15 00:47:00', '2013-08-15 17:15:00', '2013-08-16 12:47:00', '2013-08-16 13:18:00', '2013-08-16 14:38:00', '2013-08-17 03:04:00', '2013-08-17 03:30:00', '2013-08-17 10:19:00', '2013-08-17 10:57:00', '2013-08-17 18:24:00', '2013-08-17 19:33:00', '2013-08-19 11:35:00', '2013-08-20 01:29:00', '2013-08-20 10:00:00']","['C1.5', 'C1.0', 'B6.3', 'C1.0', 'C1.3', 'C2.6', 'B9.0', 'B6.7', 'C1.3', 'B8.9', 'B8.7', 'M3.3', 'M1.4', 'C1.0', 'C1.8', 'C1.6']",2013-08-13 23:11:00,2013-08-20 01:32:00
382,3068,"['2013-08-19 22:03:00', '2013-08-21 02:07:00']","['C1.0', 'B7.7']",2013-08-19 21:58:00,2013-08-21 02:09:00
383,3082,['2013-08-21 04:06:00'],['C1.3'],2013-08-21 03:36:00,2013-08-21 04:08:00
384,3113,['2013-08-21 05:00:00'],['C1.6'],2013-08-21 04:54:00,2013-08-21 05:03:00
385,3103,"['2013-08-21 07:43:00', '2013-08-22 11:55:00', '2013-08-22 20:27:00', '2013-08-22 22:07:00']","['C2.2', 'C1.4', 'C1.4', 'C1.9']",2013-08-21 07:25:00,2013-08-22 22:34:00
386,3097,['2013-08-22 00:49:00'],['C1.0'],2013-08-22 00:40:00,2013-08-22 01:22:00
387,3066,"['2013-08-22 05:06:00', '2013-08-22 19:18:00', '2013-08-23 00:31:00', '2013-08-23 15:33:00', '2013-08-23 15:57:00', '2013-08-23 17:00:00', '2013-08-23 21:31:00']","['C4.1', 'C1.5', 'C1.9', 'B8.8', 'C1.4', 'C1.0', 'B9.2']",2013-08-22 19:08:00,2013-08-23 21:33:00
388,3098,['2013-08-23 06:46:00'],['C1.1'],2013-08-23 06:42:00,2013-08-23 06:50:00
389,3119,"['2013-08-27 08:35:00', '2013-08-29 06:47:00', '2013-08-31 15:35:00', '2013-08-31 22:26:00', '2013-09-01 14:20:00', '2013-09-01 17:03:00', '2013-09-02 14:01:00', '2013-09-03 10:52:00', '2013-09-03 14:21:00', '2013-09-03 17:51:00']","['B7.7', 'B5.3', 'B5.4', 'B5.4', 'C1.7', 'B6.7', 'B5.3', 'B6.6', 'B8.8', 'C1.3']",2013-08-27 08:26:00,2013-09-03 10:58:00
390,3129,"['2013-08-29 04:34:00', '2013-08-29 13:14:00', '2013-08-30 02:46:00', '2013-08-31 09:40:00', '2013-08-31 17:36:00', '2013-09-03 03:01:00', '2013-09-04 15:17:00', '2013-09-04 21:35:00', '2013-09-05 19:54:00']","['C1.2', 'B5.8', 'C8.3', 'B7.3', 'C2.6', 'B5.9', 'B7.8', 'C1.3', 'C1.5']",2013-08-29 13:07:00,2013-09-05 20:00:00
391,3149,"['2013-09-03 21:33:00', '2013-09-03 23:22:00', '2013-09-04 00:03:00', '2013-09-04 00:48:00', '2013-09-04 02:51:00', '2013-09-04 04:28:00', '2013-09-04 05:40:00', '2013-09-04 08:41:00', '2013-09-04 10:17:00', '2013-09-04 11:49:00', '2013-09-04 12:15:00', '2013-09-05 22:21:00']","['B6.9', 'B7.4', 'B8.5', 'B6.5', 'C1.1', 'C3.6', 'C2.9', 'C2.6', 'B8.9', 'B9.4', 'B7.3', 'C1.4']",2013-09-03 23:18:00,2013-09-05 22:32:00
392,3154,"['2013-09-08 15:38:00', '2013-09-08 16:35:00', '2013-09-10 10:54:00']","['B7.5', 'B4.1', 'B2.9']",2013-09-08 16:29:00,2013-09-10 11:03:00
393,3176,['2013-09-12 11:06:00'],['B2.6'],2013-09-12 10:58:00,2013-09-12 11:16:00
394,3192,['2013-09-18 09:56:00'],['B4.1'],2013-09-18 09:51:00,2013-09-18 10:09:00
395,3194,"['2013-09-18 14:43:00', '2013-09-18 22:37:00', '2013-09-19 00:21:00', '2013-09-23 21:54:00', '2013-09-24 22:56:00']","['B5.1', 'B3.7', 'B5.0', 'B4.8', 'C1.1']",2013-09-18 14:32:00,2013-09-24 23:03:00
396,3199,"['2013-09-21 01:45:00', '2013-09-21 02:04:00', '2013-09-22 02:47:00', '2013-09-23 19:38:00', '2013-09-23 22:39:00', '2013-09-24 02:09:00', '2013-09-24 17:12:00', '2013-09-24 23:29:00', '2013-09-25 22:43:00', '2013-09-26 03:18:00', '2013-09-26 14:16:00', '2013-09-27 11:33:00', '2013-09-27 12:58:00', '2013-09-27 15:06:00', '2013-09-29 05:25:00', '2013-10-01 00:28:00']","['C1.0', 'B8.3', 'B6.0', 'B3.2', 'B6.8', 'B8.1', 'B5.6', 'B6.6', 'B7.3', 'B7.0', 'B5.4', 'B6.7', 'B4.2', 'B5.1', 'C1.6', 'B4.3']",2013-09-21 02:01:00,2013-10-01 00:32:00
397,3247,"['2013-10-03 20:23:00', '2013-10-04 21:10:00', '2013-10-05 04:41:00', '2013-10-06 00:51:00']","['C1.8', 'B4.9', 'B5.5', 'B8.7']",2013-10-03 19:44:00,2013-10-06 01:03:00
398,3248,"['2013-10-04 03:32:00', '2013-10-06 11:25:00', '2013-10-07 04:14:00', '2013-10-07 15:40:00', '2013-10-09 05:28:00']","['C2.5', 'C1.0', 'C6.2', 'C2.3', 'B9.5']",2013-10-04 03:17:00,2013-10-09 05:38:00
399,3258,"['2013-10-08 02:41:00', '2013-10-08 11:00:00', '2013-10-10 07:08:00', '2013-10-10 11:01:00', '2013-10-10 15:45:00', '2013-10-10 16:23:00', '2013-10-10 16:44:00', '2013-10-10 19:38:00', '2013-10-11 00:09:00', '2013-10-11 03:27:00', '2013-10-11 04:10:00', '2013-10-11 05:49:00', '2013-10-11 09:18:00', '2013-10-11 14:54:00', '2013-10-11 16:57:00', '2013-10-11 18:45:00', '2013-10-11 20:14:00', '2013-10-11 22:03:00', '2013-10-11 23:07:00', '2013-10-12 00:51:00', '2013-10-12 02:00:00', '2013-10-12 03:47:00', '2013-10-12 06:28:00', '2013-10-12 08:16:00', '2013-10-12 12:14:00', '2013-10-12 17:08:00', '2013-10-12 22:16:00', '2013-10-14 00:22:00', '2013-10-14 21:27:00', '2013-10-14 23:03:00', '2013-10-15 01:46:00', '2013-10-15 04:21:00', '2013-10-15 10:29:00', '2013-10-15 17:11:00', '2013-10-16 06:40:00', '2013-10-16 09:20:00', '2013-10-16 14:02:00', '2013-10-16 16:38:00', '2013-10-16 23:28:00', '2013-10-17 03:28:00', '2013-10-17 10:32:00', '2013-10-17 12:04:00']","['B6.9', 'B9.3', 'C1.2', 'C1.6', 'B8.7', 'C1.4', 'C1.2', 'C1.1', 'C3.0', 'C1.7', 'C5.5', 'C1.4', 'C5.4', 'C4.7', 'C2.3', 'C1.6', 'C4.0', 'C2.4', 'C6.3', 'C1.5', 'C5.2', 'C5.4', 'C2.0', 'C2.0', 'C2.4', 'C1.8', 'C2.9', 'C1.8', 'C3.4', 'C7.4', 'C2.4', 'C1.5', 'C2.9', 'C1.8', 'B7.8', 'C1.8', 'C1.4', 'C1.6', 'C1.4', 'C4.7', 'C5.8', 'C4.8']",2013-10-08 02:31:00,2013-10-17 10:37:00
400,3263,"['2013-10-09 01:48:00', '2013-10-10 16:59:00', '2013-10-10 17:52:00', '2013-10-10 20:24:00', '2013-10-11 12:28:00', '2013-10-12 10:46:00', '2013-10-13 00:43:00', '2013-10-13 21:35:00', '2013-10-14 00:02:00', '2013-10-14 13:15:00', '2013-10-15 03:33:00', '2013-10-15 05:07:00', '2013-10-15 08:01:00', '2013-10-15 08:16:00', '2013-10-15 08:38:00', '2013-10-15 14:21:00', '2013-10-15 14:57:00', '2013-10-15 15:36:00', '2013-10-15 20:13:00', '2013-10-15 23:36:00', '2013-10-16 14:32:00', '2013-10-16 15:20:00']","['M2.8', 'C1.6', 'C1.3', 'C1.0', 'C6.2', 'C1.5', 'M1.7', 'C1.2', 'C1.1', 'C8.0', 'C1.9', 'C9.5', 'C2.8', 'C2.8', 'M1.8', 'C2.2', 'C4.4', 'C6.5', 'C3.3', 'M1.3', 'C8.9', 'C1.8']",2013-10-09 01:23:00,2013-10-16 14:40:00
401,3273,"['2013-10-14 01:01:00', '2013-10-14 03:24:00', '2013-10-20 08:40:00', '2013-10-20 12:45:00']","['C1.5', 'C1.1', 'C2.9', 'C2.0']",2013-10-14 03:17:00,2013-10-20 12:50:00
402,3267,['2013-10-16 17:43:00'],['C1.9'],2013-10-16 17:39:00,2013-10-16 17:46:00
403,3291,"['2013-10-18 08:21:00', '2013-10-18 10:54:00', '2013-10-20 22:57:00', '2013-10-21 08:13:00', '2013-10-21 16:10:00', '2013-10-21 20:34:00', '2013-10-21 21:00:00', '2013-10-21 22:46:00', '2013-10-21 23:11:00', '2013-10-22 00:22:00', '2013-10-22 01:35:00', '2013-10-22 02:03:00', '2013-10-22 03:37:00', '2013-10-22 04:21:00', '2013-10-22 04:44:00', '2013-10-22 09:14:00', '2013-10-22 11:14:00', '2013-10-22 12:58:00', '2013-10-22 13:30:00', '2013-10-22 15:20:00', '2013-10-22 21:20:00', '2013-10-23 05:12:00', '2013-10-23 11:17:00', '2013-10-23 15:43:00', '2013-10-23 17:20:00', '2013-10-23 19:30:00', '2013-10-23 20:53:00', '2013-10-23 22:04:00', '2013-10-23 23:43:00', '2013-10-24 00:08:00', '2013-10-24 03:43:00', '2013-10-24 04:15:00', '2013-10-24 05:07:00', '2013-10-24 05:27:00', '2013-10-24 10:09:00', '2013-10-24 10:33:00', '2013-10-24 19:39:00', '2013-10-24 21:14:00', '2013-10-25 06:27:00', '2013-10-25 07:01:00', '2013-10-25 13:37:00', '2013-10-25 23:00:00', '2013-10-26 01:43:00', '2013-10-26 02:50:00', '2013-10-26 03:07:00', '2013-10-27 03:30:00', '2013-10-27 07:55:00', '2013-10-27 09:36:00', '2013-10-27 12:48:00', '2013-10-27 17:53:00', '2013-10-28 01:30:00', '2013-10-28 02:03:00', '2013-10-28 04:41:00', '2013-10-28 09:22:00', '2013-10-28 14:05:00']","['C2.2', 'C4.7', 'C1.0', 'C1.6', 'C2.4', 'C1.6', 'C1.5', 'C2.0', 'C2.7', 'M1.0', 'C1.4', 'C1.7', 'C4.3', 'C4.0', 'C2.1', 'C1.1', 'C1.6', 'C1.4', 'C1.8', 'M1.0', 'M4.2', 'C3.3', 'C6.5', 'C1.8', 'C3.6', 'C2.2', 'M2.7', 'C4.1', 'M1.4', 'M3.1', 'C3.1', 'C2.1', 'C3.4', 'C3.0', 'M2.5', 'M3.5', 'C2.4', 'C3.3', 'C3.4', 'C3.2', 'C2.3', 'C3.2', 'C1.7', 'C4.5', 'C2.3', 'C4.3', 'C1.9', 'C3.5', 'M3.5', 'C9.1', 'C3.5', 'X1.0', 'M5.1', 'C5.2', 'M2.8']",2013-10-18 08:16:00,2013-10-28 04:46:00
404,3288,"['2013-10-20 18:48:00', '2013-10-26 15:49:00']","['C1.7', 'C2.0']",2013-10-20 18:09:00,2013-10-26 15:53:00
405,3295,"['2013-10-21 09:22:00', '2013-10-21 14:44:00', '2013-10-23 09:53:00', '2013-10-23 22:26:00', '2013-10-24 00:30:00', '2013-10-24 09:50:00', '2013-10-24 22:10:00', '2013-10-26 08:46:00', '2013-10-26 08:55:00', '2013-10-26 13:21:00', '2013-10-26 17:15:00', '2013-10-26 19:20:00', '2013-10-27 01:44:00', '2013-10-27 13:47:00', '2013-10-28 11:53:00']","['C1.0', 'C1.1', 'C1.3', 'C8.7', 'M9.3', 'C2.4', 'C5.7', 'C5.2', 'C4.4', 'C2.8', 'C8.8', 'C7.7', 'C1.5', 'C4.0', 'M1.4']",2013-10-21 09:19:00,2013-10-28 12:39:00
406,3311,"['2013-10-25 14:38:00', '2013-10-25 15:03:00', '2013-10-25 17:09:00', '2013-10-25 19:21:00', '2013-10-25 20:58:00', '2013-10-25 23:17:00', '2013-10-26 00:32:00', '2013-10-26 00:54:00', '2013-10-26 03:46:00', '2013-10-26 09:37:00', '2013-10-26 11:17:00', '2013-10-26 17:32:00', '2013-10-26 18:38:00', '2013-10-26 19:53:00', '2013-10-28 15:01:00', '2013-10-28 15:15:00', '2013-10-29 12:10:00']","['C7.9', 'X2.1', 'M1.3', 'M2.3', 'M1.9', 'C3.6', 'C2.3', 'C1.9', 'C4.0', 'M1.5', 'M1.8', 'C6.5', 'C2.1', 'M1.0', 'M2.7', 'M4.4', 'C2.0']",2013-10-25 17:02:00,2013-10-29 12:22:00
407,3321,"['2013-10-29 02:27:00', '2013-10-30 07:14:00', '2013-10-31 06:51:00', '2013-10-31 22:21:00', '2013-10-31 23:15:00', '2013-11-01 00:09:00', '2013-11-01 07:38:00', '2013-11-01 09:55:00', '2013-11-01 10:08:00', '2013-11-01 15:22:00', '2013-11-01 18:40:00', '2013-11-01 19:53:00', '2013-11-02 04:46:00', '2013-11-02 10:40:00', '2013-11-02 13:07:00', '2013-11-02 15:27:00', '2013-11-02 21:32:00', '2013-11-02 22:21:00', '2013-11-03 05:22:00', '2013-11-04 05:44:00', '2013-11-04 15:01:00', '2013-11-05 09:18:00']","['C2.1', 'C1.5', 'C1.0', 'C1.4', 'C1.2', 'C6.2', 'C1.5', 'C1.1', 'C3.5', 'C1.8', 'C1.1', 'M6.3', 'C8.2', 'C1.4', 'C4.3', 'C1.1', 'C3.6', 'M1.6', 'M5.0', 'C3.2', 'B9.3', 'C3.5']",2013-10-29 02:17:00,2013-11-05 09:22:00
408,3336,"['2013-11-02 20:24:00', '2013-11-06 08:37:00', '2013-11-06 17:31:00']","['C1.6', 'C1.9', 'C3.0']",2013-11-02 20:20:00,2013-11-06 17:38:00
409,3341,"['2013-11-04 11:14:00', '2013-11-04 13:23:00', '2013-11-04 23:46:00', '2013-11-05 08:18:00', '2013-11-05 11:58:00', '2013-11-05 17:15:00', '2013-11-05 21:13:00', '2013-11-05 22:12:00', '2013-11-06 00:31:00', '2013-11-06 01:53:00', '2013-11-06 08:51:00', '2013-11-06 09:43:00', '2013-11-06 10:00:00', '2013-11-06 11:51:00', '2013-11-06 13:46:00', '2013-11-06 19:38:00', '2013-11-06 21:27:00', '2013-11-06 22:18:00', '2013-11-07 01:53:00', '2013-11-07 03:40:00', '2013-11-07 10:53:00', '2013-11-07 12:29:00', '2013-11-07 14:25:00', '2013-11-07 15:47:00', '2013-11-07 16:07:00', '2013-11-07 16:26:00', '2013-11-07 16:47:00', '2013-11-07 19:23:00', '2013-11-08 04:26:00', '2013-11-09 06:38:00', '2013-11-09 15:07:00', '2013-11-10 05:14:00', '2013-11-10 09:27:00', '2013-11-10 12:52:00', '2013-11-10 17:25:00', '2013-11-11 00:32:00', '2013-11-11 00:48:00', '2013-11-11 13:37:00', '2013-11-11 16:17:00', '2013-11-11 17:01:00', '2013-11-12 05:27:00', '2013-11-12 21:13:00', '2013-11-12 21:40:00', '2013-11-13 03:58:00', '2013-11-13 04:42:00', '2013-11-13 09:13:00', '2013-11-13 10:35:00']","['C2.6', 'C1.0', 'C1.7', 'M2.5', 'C8.0', 'C3.1', 'C6.9', 'X3.3', 'C1.5', 'C4.7', 'C8.6', 'C2.4', 'C3.8', 'C1.8', 'M3.8', 'C1.2', 'C2.9', 'C1.6', 'C4.1', 'M2.3', 'C2.1', 'C5.9', 'M2.4', 'C1.6', 'C1.6', 'C6.0', 'C1.3', 'C1.2', 'X1.1', 'C2.6', 'C1.6', 'X1.1', 'C3.2', 'C3.1', 'C1.3', 'C6.4', 'C7.8', 'C4.8', 'C1.9', 'C5.0', 'C3.3', 'C2.1', 'C3.1', 'C6.5', 'C2.6', 'C2.4', 'C3.5']",2013-11-04 13:17:00,2013-11-13 10:39:00
410,3344,"['2013-11-07 02:11:00', '2013-11-07 08:23:00', '2013-11-08 02:40:00', '2013-11-08 07:57:00', '2013-11-08 09:28:00']","['C3.7', 'C4.3', 'C5.7', 'C1.4', 'M2.3']",2013-11-07 02:08:00,2013-11-08 02:46:00
411,3330,"['2013-11-07 23:29:00', '2013-11-08 18:21:00', '2013-11-08 22:39:00', '2013-11-09 17:07:00']","['C1.3', 'C1.1', 'B9.5', 'C1.7']",2013-11-07 23:02:00,2013-11-09 17:20:00
412,3364,"['2013-11-09 00:19:00', '2013-11-09 15:33:00', '2013-11-09 15:52:00', '2013-11-14 22:50:00', '2013-11-15 05:46:00', '2013-11-15 20:09:00', '2013-11-16 02:22:00', '2013-11-16 04:53:00', '2013-11-16 07:49:00', '2013-11-16 13:49:00', '2013-11-16 14:19:00', '2013-11-16 17:47:00', '2013-11-16 19:51:00', '2013-11-16 22:48:00', '2013-11-16 23:31:00', '2013-11-17 01:07:00', '2013-11-17 02:17:00', '2013-11-17 05:10:00', '2013-11-17 05:27:00', '2013-11-17 08:01:00', '2013-11-17 10:47:00', '2013-11-18 00:46:00', '2013-11-18 01:39:00', '2013-11-18 02:23:00', '2013-11-18 02:57:00', '2013-11-18 06:42:00', '2013-11-18 08:38:00', '2013-11-18 14:15:00', '2013-11-18 21:20:00']","['C1.7', 'C1.6', 'C1.4', 'C1.7', 'C1.6', 'C3.1', 'C2.2', 'M1.2', 'M1.6', 'C2.7', 'C2.5', 'C2.5', 'C2.1', 'C2.6', 'C5.2', 'C3.5', 'C3.2', 'M1.0', 'C3.3', 'C4.9', 'C2.8', 'C1.6', 'C1.4', 'C1.2', 'C1.2', 'C1.4', 'C1.8', 'C7.0', 'C1.6']",2013-11-09 00:00:00,2013-11-18 21:51:00
413,3362,['2013-11-09 16:27:00'],['C1.6'],2013-11-09 16:14:00,2013-11-09 16:48:00
414,3366,"['2013-11-11 21:46:00', '2013-11-12 02:11:00', '2013-11-12 06:24:00', '2013-11-12 14:17:00', '2013-11-12 15:01:00', '2013-11-12 16:48:00', '2013-11-12 17:28:00', '2013-11-12 19:42:00', '2013-11-12 23:08:00', '2013-11-13 03:10:00', '2013-11-13 13:17:00', '2013-11-13 15:20:00', '2013-11-13 20:42:00', '2013-11-14 01:12:00', '2013-11-14 01:40:00', '2013-11-14 03:48:00', '2013-11-14 08:00:00', '2013-11-14 09:06:00', '2013-11-14 18:50:00', '2013-11-14 20:31:00', '2013-11-15 02:59:00', '2013-11-15 11:09:00', '2013-11-16 02:05:00', '2013-11-16 05:38:00', '2013-11-16 06:21:00', '2013-11-17 15:12:00', '2013-11-17 19:06:00', '2013-11-17 20:21:00', '2013-11-17 21:19:00', '2013-11-18 04:15:00', '2013-11-18 07:04:00', '2013-11-18 12:08:00', '2013-11-19 00:36:00', '2013-11-20 05:36:00', '2013-11-20 11:29:00', '2013-11-20 17:22:00', '2013-11-21 09:08:00']","['C4.3', 'C2.0', 'C3.2', 'C2.0', 'C1.3', 'C1.2', 'C1.3', 'C4.5', 'C9.8', 'C1.8', 'C2.6', 'M1.4', 'C5.9', 'C2.3', 'C3.2', 'C1.7', 'C4.9', 'C3.0', 'C2.2', 'C1.9', 'C1.7', 'C1.5', 'C2.5', 'C2.9', 'C8.6', 'C3.0', 'C3.0', 'C3.4', 'C1.5', 'C2.8', 'C1.8', 'C1.6', 'C1.8', 'C1.5', 'C4.6', 'C6.4', 'C1.8']",2013-11-11 21:34:00,2013-11-21 09:15:00
415,3376,"['2013-11-13 22:59:00', '2013-11-13 23:08:00', '2013-11-14 04:47:00', '2013-11-14 06:46:00', '2013-11-14 12:49:00', '2013-11-14 14:45:00', '2013-11-14 23:22:00', '2013-11-15 02:29:00', '2013-11-17 14:14:00', '2013-11-23 02:32:00', '2013-11-23 03:39:00', '2013-11-23 04:42:00', '2013-11-23 10:30:00', '2013-11-23 12:28:00', '2013-11-23 12:57:00', '2013-11-23 17:29:00', '2013-11-23 23:40:00', '2013-11-24 00:46:00', '2013-11-24 02:31:00']","['C2.3', 'C3.1', 'C1.5', 'C3.5', 'C2.3', 'C1.6', 'C3.2', 'M1.0', 'C1.7', 'M1.1', 'C3.1', 'C1.5', 'C3.9', 'C5.4', 'M1.0', 'C2.4', 'C1.0', 'C1.4', 'C3.2']",2013-11-13 23:05:00,2013-11-24 00:55:00
416,3415,"['2013-11-28 09:37:00', '2013-11-29 10:06:00', '2013-12-02 01:47:00', '2013-12-02 10:20:00', '2013-12-02 12:12:00', '2013-12-02 14:44:00', '2013-12-03 22:24:00']","['C1.0', 'C1.5', 'B9.7', 'C1.1', 'B9.9', 'C2.5', 'C1.2']",2013-11-28 09:33:00,2013-12-03 22:41:00
417,3432,"['2013-11-28 12:02:00', '2013-11-28 12:32:00', '2013-11-28 16:04:00', '2013-11-29 06:42:00']","['B8.5', 'B9.0', 'C1.2', 'B7.3']",2013-11-28 12:28:00,2013-11-29 06:50:00
418,3437,"['2013-11-30 11:21:00', '2013-11-30 14:29:00', '2013-11-30 14:59:00', '2013-11-30 21:58:00', '2013-12-05 17:43:00', '2013-12-06 06:48:00', '2013-12-07 07:29:00']","['B6.7', 'B8.6', 'B8.7', 'C1.0', 'C6.7', 'C2.7', 'M1.2']",2013-11-30 11:16:00,2013-12-07 07:49:00
419,3448,"['2013-12-05 06:43:00', '2013-12-07 04:36:00', '2013-12-07 05:26:00', '2013-12-10 20:07:00']","['C1.9', 'C3.3', 'C1.7', 'C2.3']",2013-12-05 06:38:00,2013-12-10 20:12:00
420,3473,"['2013-12-09 11:30:00', '2013-12-11 23:06:00', '2013-12-12 06:59:00', '2013-12-12 11:39:00', '2013-12-12 16:43:00', '2013-12-13 01:38:00', '2013-12-13 03:15:00', '2013-12-14 11:24:00', '2013-12-14 15:37:00', '2013-12-15 10:28:00', '2013-12-16 03:30:00', '2013-12-16 03:30:00', '2013-12-16 08:42:00', '2013-12-17 21:34:00', '2013-12-18 05:35:00']","['C2.9', 'C2.7', 'C3.4', 'C2.3', 'C2.6', 'C2.2', 'C4.8', 'C2.3', 'C1.6', 'C1.3', 'C3.6', 'C3.6', 'C1.9', 'C1.9', 'C1.5']",2013-12-09 11:15:00,2013-12-18 05:38:00
421,3457,['2013-12-12 03:36:00'],['C4.6'],2013-12-12 03:11:00,2013-12-12 03:58:00
422,3483,"['2013-12-12 22:14:00', '2013-12-13 22:58:00', '2013-12-15 08:19:00', '2013-12-19 08:28:00', '2013-12-19 10:26:00']","['C5.9', 'C1.2', 'C1.3', 'C1.4', 'C1.6']",2013-12-12 22:05:00,2013-12-19 08:49:00
423,3497,"['2013-12-14 09:40:00', '2013-12-14 21:59:00', '2013-12-19 09:18:00', '2013-12-19 15:35:00', '2013-12-20 15:04:00', '2013-12-20 15:33:00', '2013-12-20 16:30:00', '2013-12-20 17:14:00', '2013-12-21 00:13:00', '2013-12-21 03:03:00', '2013-12-21 10:36:00', '2013-12-21 14:52:00', '2013-12-21 19:29:00', '2013-12-21 23:20:00', '2013-12-22 03:47:00', '2013-12-22 04:46:00', '2013-12-22 08:11:00', '2013-12-22 08:37:00', '2013-12-22 11:26:00', '2013-12-22 15:12:00', '2013-12-22 19:09:00', '2013-12-22 20:34:00', '2013-12-22 22:08:00', '2013-12-22 22:44:00', '2013-12-23 00:03:00', '2013-12-23 01:14:00', '2013-12-23 01:46:00', '2013-12-23 02:02:00']","['C1.1', 'C1.4', 'C1.8', 'C2.2', 'C3.2', 'C8.5', 'C5.4', 'C2.3', 'C3.0', 'C3.5', 'C9.2', 'C1.7', 'C7.5', 'C2.3', 'C5.1', 'C4.7', 'M1.9', 'M1.1', 'C3.7', 'M3.3', 'C8.8', 'C6.1', 'M1.6', 'C8.2', 'M1.3', 'C2.7', 'C4.5', 'C4.4']",2013-12-14 09:26:00,2013-12-23 01:55:00
424,3515,"['2013-12-18 15:10:00', '2013-12-18 23:03:00', '2013-12-19 07:21:00']","['C1.8', 'C1.3', 'C1.8']",2013-12-18 15:07:00,2013-12-19 07:33:00
425,3520,"['2013-12-20 11:11:00', '2013-12-20 11:57:00', '2013-12-22 09:32:00', '2013-12-22 14:38:00', '2013-12-23 04:29:00', '2013-12-25 17:34:00', '2013-12-26 07:02:00', '2013-12-27 09:38:00', '2013-12-27 11:22:00', '2013-12-27 13:40:00', '2013-12-27 15:29:00', '2013-12-27 23:36:00', '2013-12-28 07:25:00', '2013-12-28 13:15:00']","['C2.2', 'M1.6', 'C6.4', 'M1.6', 'C1.7', 'C1.3', 'C2.2', 'C1.7', 'C2.0', 'C1.7', 'B7.8', 'C2.3', 'C1.2', 'C2.6']",2013-12-20 11:05:00,2013-12-28 07:38:00
426,3535,"['2013-12-24 16:55:00', '2013-12-24 20:28:00', '2013-12-25 07:11:00', '2013-12-25 16:35:00', '2013-12-26 08:42:00', '2013-12-27 07:34:00', '2013-12-27 12:13:00', '2013-12-27 22:08:00', '2013-12-28 09:06:00', '2013-12-28 11:18:00', '2013-12-28 12:47:00', '2013-12-29 00:17:00', '2013-12-29 05:12:00', '2013-12-29 05:52:00', '2013-12-29 07:56:00', '2013-12-29 09:00:00', '2013-12-29 11:51:00', '2013-12-29 14:46:00', '2013-12-29 16:41:00', '2013-12-29 18:57:00', '2013-12-29 19:30:00', '2013-12-30 15:17:00', '2013-12-30 16:43:00', '2013-12-31 02:40:00', '2013-12-31 07:40:00', '2013-12-31 18:25:00', '2013-12-31 18:59:00', '2013-12-31 21:58:00', '2014-01-01 07:26:00', '2014-01-01 18:52:00', '2014-01-02 23:43:00']","['C1.5', 'B7.2', 'C1.0', 'C1.7', 'C1.3', 'C1.1', 'C4.4', 'C1.2', 'C1.4', 'C1.2', 'C3.0', 'C2.2', 'C2.8', 'C3.1', 'M3.1', 'C3.8', 'C1.8', 'C5.1', 'C1.9', 'C1.1', 'C5.4', 'C2.3', 'C2.4', 'C5.6', 'C2.2', 'C1.8', 'C4.0', 'M6.4', 'C3.2', 'M9.9', 'C2.5']",2013-12-24 20:25:00,2014-01-02 23:51:00
427,3542,"['2013-12-31 05:32:00', '2013-12-31 16:49:00', '2014-01-03 18:35:00']","['C2.0', 'C2.0', 'C4.0']",2013-12-31 05:21:00,2014-01-03 18:40:00
428,3563,"['2014-01-03 08:18:00', '2014-01-03 10:15:00', '2014-01-03 10:42:00', '2014-01-03 11:44:00', '2014-01-03 12:50:00', '2014-01-03 15:35:00', '2014-01-03 21:14:00', '2014-01-04 02:43:00', '2014-01-04 06:40:00', '2014-01-04 09:51:00', '2014-01-04 09:51:00', '2014-01-04 10:25:00', '2014-01-04 10:25:00', '2014-01-04 15:41:00', '2014-01-05 02:28:00', '2014-01-05 15:18:00', '2014-01-06 00:19:00', '2014-01-06 09:34:00', '2014-01-06 16:12:00', '2014-01-07 02:34:00', '2014-01-07 04:11:00', '2014-01-07 04:53:00', '2014-01-07 08:09:00', '2014-01-07 10:13:00', '2014-01-07 11:53:00', '2014-01-07 18:32:00', '2014-01-08 03:11:00', '2014-01-08 10:29:00', '2014-01-08 12:59:00', '2014-01-08 16:54:00', '2014-01-10 07:27:00', '2014-01-11 08:35:00', '2014-01-11 10:24:00', '2014-01-11 13:10:00', '2014-01-11 18:38:00', '2014-01-11 19:01:00', '2014-01-12 00:05:00', '2014-01-12 02:06:00']","['C3.6', 'C3.3', 'C5.9', 'C1.9', 'M1.0', 'C6.9', 'M1.1', 'C3.6', 'C5.6', 'C2.9', 'C2.9', 'M1.3', 'M1.3', 'C9.4', 'C4.5', 'C6.6', 'C7.1', 'C2.6', 'C2.0', 'C2.6', 'C2.7', 'C2.4', 'C2.3', 'M7.2', 'C2.6', 'X1.2', 'C3.1', 'C1.9', 'C2.4', 'C3.4', 'C1.4', 'C4.4', 'C2.1', 'C6.5', 'C1.0', 'C1.6', 'C6.0', 'C3.9']",2014-01-03 10:07:00,2014-01-12 02:18:00
429,3580,"['2014-01-07 03:53:00', '2014-01-07 07:05:00', '2014-01-09 02:16:00', '2014-01-10 18:49:00']","['M1.0', 'C3.4', 'C1.4', 'C1.4']",2014-01-07 03:49:00,2014-01-10 18:51:00
430,3604,"['2014-01-10 06:33:00', '2014-01-11 20:09:00', '2014-01-11 20:46:00']","['C1.1', 'C1.3', 'C1.7']",2014-01-10 06:23:00,2014-01-11 20:55:00
431,3608,"['2014-01-13 16:33:00', '2014-01-16 14:15:00', '2014-01-17 02:31:00']","['C1.8', 'C1.0', 'C3.1']",2014-01-13 16:03:00,2014-01-17 02:59:00
432,3631,"['2014-01-18 08:06:00', '2014-01-22 10:16:00', '2014-01-24 04:42:00']","['C1.1', 'B8.2', 'B6.1']",2014-01-18 08:01:00,2014-01-24 04:55:00
433,3647,"['2014-01-20 05:03:00', '2014-01-20 06:31:00', '2014-01-20 22:49:00', '2014-01-21 22:36:00', '2014-01-22 17:43:00', '2014-01-24 23:44:00', '2014-01-26 10:13:00', '2014-01-27 05:22:00']","['C1.4', 'C2.8', 'C3.6', 'C1.2', 'B8.3', 'C1.5', 'C6.1', 'C2.3']",2014-01-20 06:21:00,2014-01-27 05:25:00
434,3648,"['2014-01-24 05:19:00', '2014-01-25 13:41:00']","['B6.0', 'B7.0']",2014-01-24 05:16:00,2014-01-25 13:48:00
435,3686,"['2014-01-29 23:16:00', '2014-01-30 00:07:00', '2014-01-30 00:40:00', '2014-01-30 06:39:00', '2014-01-30 08:11:00', '2014-01-30 10:02:00', '2014-01-30 11:12:00', '2014-01-30 23:04:00', '2014-01-31 05:05:00', '2014-01-31 07:44:00', '2014-01-31 09:32:00', '2014-01-31 10:49:00', '2014-02-01 00:18:00', '2014-02-01 01:25:00', '2014-02-01 05:49:00', '2014-02-01 07:23:00', '2014-02-01 10:46:00', '2014-02-01 13:56:00', '2014-02-01 16:05:00', '2014-02-01 20:46:00', '2014-02-02 04:14:00', '2014-02-02 08:20:00', '2014-02-02 09:31:00', '2014-02-02 11:49:00', '2014-02-02 14:06:00', '2014-02-02 22:04:00', '2014-02-03 00:59:00', '2014-02-03 05:35:00', '2014-02-03 06:25:00', '2014-02-03 11:01:00', '2014-02-03 12:54:00', '2014-02-03 15:44:00', '2014-02-03 19:37:00', '2014-02-04 04:00:00', '2014-02-04 05:49:00', '2014-02-04 09:25:00', '2014-02-04 09:49:00', '2014-02-04 12:20:00', '2014-02-04 13:53:00', '2014-02-04 14:36:00', '2014-02-04 16:02:00', '2014-02-04 19:41:00', '2014-02-04 20:20:00', '2014-02-04 21:35:00', '2014-02-05 12:50:00', '2014-02-05 14:46:00', '2014-02-05 16:20:00', '2014-02-05 18:44:00', '2014-02-05 20:02:00', '2014-02-06 11:56:00', '2014-02-06 14:44:00', '2014-02-06 16:20:00', '2014-02-06 23:05:00', '2014-02-07 00:19:00', '2014-02-07 04:56:00', '2014-02-07 10:06:00', '2014-02-07 14:52:00', '2014-02-08 02:15:00', '2014-02-08 06:44:00', '2014-02-08 12:30:00', '2014-02-08 12:52:00', '2014-02-08 18:33:00', '2014-02-09 05:17:00']","['C2.0', 'C2.3', 'C1.9', 'M2.1', 'M1.1', 'C3.4', 'C4.1', 'C4.8', 'C3.4', 'C2.3', 'C1.6', 'C2.4', 'C6.3', 'M1.0', 'C5.5', 'M3.0', 'C3.5', 'C3.9', 'C2.3', 'C3.4', 'C3.3', 'M2.2', 'M4.4', 'C9.7', 'M1.3', 'M1.3', 'C2.3', 'C4.9', 'C5.7', 'C4.4', 'C7.9', 'C4.6', 'C6.9', 'M5.2', 'C3.3', 'C7.4', 'M1.4', 'C5.9', 'C7.7', 'C6.4', 'M1.5', 'C5.4', 'C4.4', 'C5.5', 'C5.2', 'C3.3', 'M1.3', 'C8.6', 'C4.9', 'C3.0', 'C4.0', 'C2.2', 'M1.5', 'C4.3', 'M2.0', 'C3.1', 'C3.0', 'C1.7', 'C1.7', 'C3.2', 'C1.5', 'C8.6', 'C2.4']",2014-01-29 23:12:00,2014-02-09 05:22:00
436,3688,"['2014-01-31 15:42:00', '2014-02-02 01:18:00', '2014-02-02 05:02:00', '2014-02-02 06:34:00', '2014-02-02 20:07:00', '2014-02-02 22:31:00', '2014-02-02 23:57:00', '2014-02-03 00:42:00', '2014-02-04 01:23:00', '2014-02-04 22:03:00', '2014-02-04 22:47:00', '2014-02-04 23:30:00', '2014-02-05 07:50:00', '2014-02-05 09:56:00', '2014-02-05 10:22:00', '2014-02-06 00:38:00', '2014-02-06 04:31:00', '2014-02-06 08:01:00', '2014-02-07 08:38:00', '2014-02-07 09:00:00', '2014-02-07 10:29:00', '2014-02-08 00:36:00']","['M1.1', 'C6.5', 'C3.3', 'M2.6', 'C4.5', 'C8.4', 'C2.3', 'C3.7', 'M3.8', 'C6.5', 'C7.5', 'C3.8', 'C3.6', 'C3.9', 'C4.4', 'C5.4', 'C7.0', 'C1.9', 'C2.7', 'C2.5', 'M1.9', 'C2.5']",2014-01-31 15:32:00,2014-02-08 00:51:00
437,3721,"['2014-02-09 12:07:00', '2014-02-10 02:58:00', '2014-02-11 03:31:00', '2014-02-11 13:57:00', '2014-02-11 16:51:00', '2014-02-11 22:15:00', '2014-02-12 04:25:00', '2014-02-12 06:58:00', '2014-02-12 19:51:00', '2014-02-12 21:30:00', '2014-02-12 22:22:00', '2014-02-12 23:16:00', '2014-02-13 02:18:00', '2014-02-13 02:29:00', '2014-02-13 02:51:00', '2014-02-13 05:36:00', '2014-02-13 08:12:00', '2014-02-13 10:48:00', '2014-02-13 12:42:00', '2014-02-13 19:55:00', '2014-02-13 21:38:00', '2014-02-14 01:53:00', '2014-02-14 02:57:00', '2014-02-14 04:18:00', '2014-02-14 04:30:00', '2014-02-14 06:46:00', '2014-02-14 07:38:00', '2014-02-14 09:05:00', '2014-02-14 10:12:00', '2014-02-14 10:41:00', '2014-02-14 12:40:00', '2014-02-14 13:28:00', '2014-02-14 16:39:00', '2014-02-14 17:24:00', '2014-02-14 19:35:00', '2014-02-15 02:03:00', '2014-02-15 05:53:00', '2014-02-15 08:28:00', '2014-02-16 02:07:00', '2014-02-16 06:46:00']","['C2.3', 'C2.5', 'M1.7', 'C8.4', 'M1.8', 'C5.9', 'M3.7', 'M2.3', 'C4.8', 'C5.9', 'C2.6', 'C5.9', 'C5.4', 'C7.4', 'M1.0', 'C2.8', 'M1.0', 'C8.4', 'C3.0', 'C6.6', 'C2.7', 'C2.2', 'M2.3', 'C1.7', 'C6.6', 'C3.8', 'C3.3', 'C2.2', 'C2.6', 'C7.2', 'M1.6', 'M1.1', 'M1.0', 'C6.6', 'C1.7', 'C2.1', 'C2.2', 'C1.3', 'C1.2', 'C1.5']",2014-02-09 11:51:00,2014-02-16 06:51:00
438,3740,"['2014-02-13 07:10:00', '2014-02-16 09:26:00', '2014-02-16 14:00:00', '2014-02-16 19:25:00', '2014-02-17 03:04:00', '2014-02-17 15:31:00', '2014-02-17 21:12:00']","['C3.6', 'M1.1', 'C3.4', 'C1.7', 'C6.6', 'C2.4', 'C1.8']",2014-02-13 07:04:00,2014-02-17 15:33:00
439,3719,"['2014-02-15 03:18:00', '2014-02-15 21:41:00', '2014-02-15 22:44:00']","['C2.3', 'C1.7', 'C1.6']",2014-02-15 03:10:00,2014-02-15 21:51:00
440,3730,"['2014-02-18 01:33:00', '2014-02-18 06:23:00', '2014-02-19 02:44:00', '2014-02-19 22:24:00', '2014-02-20 07:56:00']","['C4.7', 'C1.9', 'C2.2', 'C1.4', 'M3.0']",2014-02-18 06:19:00,2014-02-20 08:25:00
441,3766,"['2014-02-18 09:59:00', '2014-02-18 13:25:00', '2014-02-18 20:33:00', '2014-02-19 02:01:00', '2014-02-19 07:26:00', '2014-02-20 00:04:00', '2014-02-20 03:35:00', '2014-02-22 09:18:00', '2014-02-23 16:18:00', '2014-02-23 19:27:00', '2014-02-24 03:13:00', '2014-02-24 04:30:00', '2014-02-24 14:49:00', '2014-02-25 23:34:00', '2014-02-26 03:59:00', '2014-02-26 10:54:00', '2014-02-26 15:01:00', '2014-02-27 17:18:00', '2014-02-27 22:12:00']","['C3.3', 'C1.7', 'C1.8', 'C3.0', 'C2.0', 'C4.6', 'C3.3', 'C1.7', 'C1.0', 'C1.6', 'C1.5', 'C2.3', 'C5.0', 'C2.2', 'C3.0', 'C1.9', 'M1.1', 'C1.5', 'C4.2']",2014-02-18 13:18:00,2014-02-27 22:37:00
442,3784,"['2014-02-25 04:32:00', '2014-02-28 04:02:00', '2014-02-28 17:12:00', '2014-02-28 22:33:00', '2014-03-01 00:59:00', '2014-03-01 16:00:00', '2014-03-02 16:45:00', '2014-03-03 02:24:00', '2014-03-03 13:22:00', '2014-03-03 15:58:00', '2014-03-06 03:57:00']","['C5.0', 'C2.2', 'C2.7', 'C2.2', 'C4.3', 'C3.1', 'C2.5', 'C2.0', 'C1.4', 'M1.2', 'C1.5']",2014-02-25 04:27:00,2014-03-06 04:02:00
443,3779,"['2014-02-25 06:20:00', '2014-02-25 15:10:00', '2014-02-27 00:53:00']","['C4.5', 'C5.7', 'C2.0']",2014-02-25 15:04:00,2014-02-27 01:11:00
444,3804,"['2014-02-27 02:41:00', '2014-02-27 10:45:00', '2014-02-27 15:39:00', '2014-02-28 00:48:00', '2014-03-01 04:36:00', '2014-03-02 12:05:00', '2014-03-03 10:53:00', '2014-03-04 04:55:00', '2014-03-04 10:25:00', '2014-03-04 21:51:00', '2014-03-05 00:16:00', '2014-03-05 01:58:00', '2014-03-05 02:10:00', '2014-03-08 05:44:00']","['C1.5', 'C5.7', 'C1.8', 'M1.1', 'C1.9', 'C2.4', 'C2.0', 'C8.3', 'C4.4', 'C3.2', 'C4.8', 'C2.8', 'M1.0', 'C1.6']",2014-02-27 02:37:00,2014-03-08 05:47:00
445,3793,"['2014-02-27 09:56:00', '2014-03-02 12:53:00', '2014-03-03 09:57:00', '2014-03-05 13:01:00', '2014-03-05 23:09:00']","['C3.1', 'C2.5', 'C2.9', 'C2.0', 'C1.3']",2014-02-27 09:00:00,2014-03-05 23:15:00
446,3813,"['2014-03-05 17:40:00', '2014-03-09 10:20:00', '2014-03-09 12:41:00', '2014-03-10 11:42:00', '2014-03-10 18:25:00', '2014-03-10 21:14:00', '2014-03-10 23:00:00', '2014-03-11 03:50:00', '2014-03-11 21:56:00']","['C1.6', 'C2.1', 'C1.3', 'C6.0', 'C5.6', 'C3.5', 'M1.4', 'M3.5', 'C6.9']",2014-03-05 17:32:00,2014-03-11 03:56:00
447,3836,"['2014-03-08 23:41:00', '2014-03-09 00:46:00', '2014-03-09 03:17:00', '2014-03-09 04:48:00', '2014-03-09 10:45:00', '2014-03-09 13:32:00', '2014-03-09 13:58:00', '2014-03-09 14:42:00', '2014-03-09 16:43:00', '2014-03-09 18:18:00', '2014-03-09 20:28:00', '2014-03-09 22:10:00', '2014-03-09 22:42:00', '2014-03-09 23:51:00', '2014-03-10 00:26:00', '2014-03-10 01:47:00', '2014-03-10 04:08:00', '2014-03-10 10:43:00', '2014-03-10 13:50:00', '2014-03-10 15:28:00', '2014-03-11 16:27:00', '2014-03-11 23:57:00', '2014-03-12 02:51:00', '2014-03-15 00:26:00', '2014-03-16 21:20:00', '2014-03-17 03:10:00']","['M1.4', 'C2.8', 'C3.0', 'C6.5', 'C1.9', 'C7.1', 'M1.0', 'C7.7', 'C2.1', 'C1.6', 'M1.0', 'C2.6', 'C5.2', 'C2.7', 'M1.1', 'C3.7', 'M1.0', 'C6.1', 'C2.8', 'M1.7', 'C9.7', 'C2.2', 'C1.4', 'C3.1', 'C1.4', 'C1.7']",2014-03-08 23:26:00,2014-03-17 03:13:00
448,3845,"['2014-03-13 13:44:00', '2014-03-13 17:15:00', '2014-03-14 05:52:00', '2014-03-15 02:56:00', '2014-03-15 03:21:00', '2014-03-15 05:13:00']","['C1.7', 'C1.7', 'C4.7', 'C1.5', 'C1.3', 'C1.3']",2014-03-13 17:09:00,2014-03-15 03:30:00
449,3824,['2014-03-15 14:37:00'],['C1.2'],2014-03-15 14:31:00,2014-03-15 14:44:00
450,3856,"['2014-03-17 13:00:00', '2014-03-17 23:12:00', '2014-03-18 05:06:00', '2014-03-18 15:33:00', '2014-03-18 22:52:00', '2014-03-19 03:44:00', '2014-03-19 11:12:00', '2014-03-19 11:26:00', '2014-03-19 18:44:00', '2014-03-21 16:05:00', '2014-03-21 22:24:00', '2014-03-22 13:03:00', '2014-03-22 17:24:00', '2014-03-22 19:48:00', '2014-03-22 20:10:00', '2014-03-23 09:05:00', '2014-03-23 10:57:00', '2014-03-23 13:11:00', '2014-03-23 20:12:00', '2014-03-23 22:39:00', '2014-03-24 02:47:00', '2014-03-25 05:29:00', '2014-03-25 08:08:00', '2014-03-26 00:54:00', '2014-03-26 10:01:00', '2014-03-26 21:23:00', '2014-03-26 22:06:00', '2014-03-27 00:37:00']","['C1.2', 'C1.8', 'C3.4', 'C4.7', 'C4.7', 'C1.8', 'C1.2', 'C4.2', 'C2.2', 'C1.0', 'C1.5', 'C1.4', 'C1.9', 'C1.1', 'C1.3', 'C2.9', 'C1.5', 'C1.1', 'C1.5', 'C1.5', 'C3.5', 'C1.4', 'C1.1', 'C1.1', 'C1.1', 'C1.2', 'C1.1', 'C1.3']",2014-03-17 23:03:00,2014-03-27 00:41:00
451,3879,"['2014-03-20 16:06:00', '2014-03-21 11:37:00', '2014-03-21 12:19:00', '2014-03-22 21:10:00', '2014-03-23 02:37:00', '2014-03-23 03:48:00', '2014-03-23 11:19:00', '2014-03-24 00:10:00', '2014-03-24 12:24:00', '2014-03-24 13:46:00', '2014-03-24 14:45:00', '2014-03-26 11:02:00', '2014-03-29 22:48:00', '2014-03-30 07:18:00', '2014-03-30 07:31:00']","['C1.2', 'C1.8', 'C1.3', 'C1.5', 'C3.1', 'C5.0', 'C2.3', 'C4.5', 'C2.3', 'C2.0', 'C1.9', 'C1.5', 'C2.1', 'C1.0', 'C1.0']",2014-03-20 16:03:00,2014-03-30 07:35:00
452,3874,['2014-03-21 10:38:00'],['C2.7'],2014-03-21 09:51:00,2014-03-21 11:06:00
453,3877,['2014-03-22 07:02:00'],['M1.1'],2014-03-22 06:58:00,2014-03-22 07:05:00
454,3848,['2014-03-22 09:25:00'],['C4.8'],2014-03-22 08:50:00,2014-03-22 10:04:00
455,3894,"['2014-03-23 01:26:00', '2014-03-23 01:45:00', '2014-03-23 05:47:00', '2014-03-23 14:48:00', '2014-03-23 18:41:00', '2014-03-28 13:12:00', '2014-03-28 13:12:00', '2014-03-28 16:10:00', '2014-03-28 17:41:00', '2014-03-28 19:18:00', '2014-03-28 23:24:00', '2014-03-28 23:51:00', '2014-03-29 08:00:00', '2014-03-29 10:00:00', '2014-03-29 10:59:00', '2014-03-29 12:48:00', '2014-03-29 13:19:00', '2014-03-29 14:32:00', '2014-03-29 16:24:00', '2014-03-29 17:48:00', '2014-03-30 11:55:00', '2014-03-30 21:15:00', '2014-03-31 22:49:00']","['C1.7', 'C1.4', 'C2.6', 'C1.3', 'C1.3', 'C1.1', 'C1.1', 'C1.0', 'C1.2', 'M2.0', 'C1.0', 'M2.6', 'C2.1', 'C1.4', 'C1.7', 'C1.5', 'C1.0', 'C3.3', 'C1.1', 'X1.0', 'M2.1', 'C7.6', 'C1.2']",2014-03-23 01:20:00,2014-03-31 22:56:00
456,3907,['2014-03-29 02:11:00'],['C2.4'],2014-03-29 01:54:00,2014-03-29 02:45:00
457,3926,"['2014-04-01 00:50:00', '2014-04-01 19:38:00']","['C3.3', 'C2.7']",2014-04-01 00:43:00,2014-04-01 19:48:00
458,3942,"['2014-04-01 17:15:00', '2014-04-01 23:35:00', '2014-04-02 01:18:00', '2014-04-02 02:22:00', '2014-04-02 06:25:00', '2014-04-02 12:50:00', '2014-04-03 15:20:00', '2014-04-03 19:34:00', '2014-04-04 03:47:00', '2014-04-05 00:01:00', '2014-04-05 09:57:00', '2014-04-05 10:50:00', '2014-04-05 12:30:00', '2014-04-05 14:05:00', '2014-04-07 06:31:00', '2014-04-07 13:36:00', '2014-04-07 21:24:00', '2014-04-08 18:51:00']","['C1.2', 'C1.0', 'C1.7', 'C1.1', 'C3.2', 'C1.2', 'C1.2', 'C1.0', 'C3.6', 'C1.0', 'C1.6', 'C1.9', 'B5.6', 'B6.1', 'C4.0', 'C1.7', 'C1.7', 'B9.1']",2014-04-01 17:12:00,2014-04-08 19:21:00
459,3957,"['2014-04-01 20:32:00', '2014-04-04 21:51:00']","['C2.9', 'C1.0']",2014-04-01 20:28:00,2014-04-04 21:55:00
460,3941,"['2014-04-01 22:30:00', '2014-04-02 10:10:00', '2014-04-02 12:25:00', '2014-04-02 14:05:00', '2014-04-02 23:51:00', '2014-04-03 04:14:00', '2014-04-03 10:17:00', '2014-04-04 01:13:00', '2014-04-04 06:22:00', '2014-04-04 11:16:00', '2014-04-04 13:48:00', '2014-04-04 17:38:00', '2014-04-04 20:21:00', '2014-04-05 14:48:00', '2014-04-06 14:32:00', '2014-04-06 21:01:00', '2014-04-07 03:41:00', '2014-04-08 23:50:00', '2014-04-09 00:04:00', '2014-04-10 00:13:00']","['C2.5', 'C1.7', 'C1.6', 'M6.5', 'C1.8', 'C5.5', 'C1.8', 'C1.1', 'C1.2', 'C1.2', 'C8.3', 'C1.1', 'C1.5', 'B5.2', 'B5.3', 'C3.8', 'C1.9', 'B9.6', 'C1.2', 'C1.2']",2014-04-01 22:22:00,2014-04-10 00:24:00
461,3912,"['2014-04-04 14:54:00', '2014-04-05 12:44:00', '2014-04-05 18:27:00', '2014-04-06 09:35:00']","['C6.2', 'B6.1', 'C1.0', 'B5.7']",2014-04-04 14:47:00,2014-04-06 10:04:00
462,3985,"['2014-04-12 16:20:00', '2014-04-19 09:20:00', '2014-04-19 19:32:00', '2014-04-19 23:37:00']","['B8.1', 'C1.2', 'C4.7', 'C1.8']",2014-04-12 15:39:00,2014-04-19 23:46:00
463,3999,"['2014-04-13 20:17:00', '2014-04-13 22:16:00', '2014-04-13 23:52:00', '2014-04-14 02:11:00', '2014-04-14 04:38:00', '2014-04-14 07:12:00', '2014-04-14 09:00:00', '2014-04-14 09:12:00', '2014-04-14 09:27:00', '2014-04-14 10:57:00', '2014-04-14 12:29:00', '2014-04-14 15:45:00', '2014-04-14 16:48:00', '2014-04-14 17:18:00', '2014-04-15 03:17:00', '2014-04-15 06:36:00', '2014-04-15 06:47:00', '2014-04-15 08:57:00', '2014-04-15 09:46:00', '2014-04-15 09:57:00', '2014-04-15 13:26:00', '2014-04-16 01:59:00', '2014-04-17 00:14:00', '2014-04-17 22:38:00', '2014-04-18 07:14:00', '2014-04-18 08:09:00', '2014-04-18 13:03:00', '2014-04-18 20:01:00', '2014-04-18 20:38:00', '2014-04-19 09:26:00', '2014-04-19 17:19:00', '2014-04-20 03:05:00', '2014-04-20 22:24:00', '2014-04-21 06:34:00']","['C1.9', 'C1.0', 'C3.0', 'C1.6', 'C7.5', 'C1.7', 'C1.8', 'C2.5', 'C1.5', 'C1.1', 'C3.3', 'C1.8', 'B9.8', 'B9.3', 'C4.3', 'C1.0', 'C3.6', 'C1.3', 'B9.0', 'C4.4', 'C1.5', 'C3.0', 'C2.5', 'C3.2', 'C1.6', 'C4.8', 'M7.3', 'C1.9', 'C1.6', 'C1.0', 'C1.6', 'C2.1', 'C1.0', 'C1.2']",2014-04-13 20:12:00,2014-04-21 06:40:00
464,4000,"['2014-04-15 07:09:00', '2014-04-15 09:23:00', '2014-04-15 23:49:00', '2014-04-16 01:18:00', '2014-04-16 06:45:00', '2014-04-16 08:44:00', '2014-04-16 12:51:00', '2014-04-16 17:36:00', '2014-04-16 19:59:00', '2014-04-17 09:56:00', '2014-04-17 10:03:00', '2014-04-17 16:30:00', '2014-04-19 00:24:00', '2014-04-20 00:25:00', '2014-04-20 04:27:00', '2014-04-20 12:07:00', '2014-04-20 13:38:00', '2014-04-20 14:46:00', '2014-04-21 09:35:00', '2014-04-21 13:29:00', '2014-04-21 20:02:00', '2014-04-21 22:29:00', '2014-04-21 23:31:00', '2014-04-22 01:03:00', '2014-04-22 04:20:00', '2014-04-22 05:47:00', '2014-04-22 08:03:00', '2014-04-22 08:49:00', '2014-04-22 09:39:00', '2014-04-22 11:37:00', '2014-04-22 18:41:00', '2014-04-23 01:04:00', '2014-04-23 12:14:00', '2014-04-23 20:43:00', '2014-04-24 10:16:00']","['C1.3', 'C8.6', 'C1.6', 'C1.9', 'C1.8', 'C5.2', 'C7.5', 'C2.0', 'M1.0', 'C1.4', 'C1.6', 'C2.4', 'C1.1', 'C1.6', 'C2.4', 'C2.2', 'C2.8', 'C1.8', 'C2.0', 'C1.1', 'C5.1', 'C3.0', 'C2.3', 'C1.7', 'C2.0', 'C3.6', 'C2.9', 'C3.8', 'C2.4', 'C8.8', 'C2.5', 'C4.3', 'C2.3', 'C1.7', 'C2.9']",2014-04-15 07:04:00,2014-04-24 10:36:00
465,3996,"['2014-04-16 07:22:00', '2014-04-16 08:16:00', '2014-04-19 16:50:00', '2014-04-20 05:17:00', '2014-04-21 01:08:00']","['C2.9', 'C4.5', 'C1.6', 'C1.9', 'C1.7']",2014-04-16 08:12:00,2014-04-21 01:53:00
466,4040,"['2014-04-19 03:24:00', '2014-04-19 12:52:00', '2014-04-23 23:53:00', '2014-04-28 22:34:00']","['C2.1', 'C1.7', 'C3.3', 'B7.8']",2014-04-19 03:17:00,2014-04-28 22:47:00
467,4042,"['2014-04-21 04:54:00', '2014-04-26 00:42:00', '2014-04-27 05:38:00']","['C1.4', 'C1.6', 'B5.1']",2014-04-21 04:49:00,2014-04-27 05:44:00
468,4065,"['2014-04-28 04:15:00', '2014-04-28 12:26:00', '2014-04-28 15:26:00', '2014-04-28 22:59:00', '2014-04-29 10:56:00', '2014-04-29 17:42:00', '2014-04-30 11:19:00']","['B7.3', 'B7.3', 'C3.4', 'B7.6', 'B9.7', 'B5.8', 'B4.8']",2014-04-28 04:07:00,2014-04-30 11:22:00
469,4071,"['2014-04-29 22:54:00', '2014-04-30 13:39:00', '2014-04-30 14:49:00', '2014-05-01 23:33:00', '2014-05-02 03:04:00', '2014-05-02 08:02:00', '2014-05-02 09:40:00', '2014-05-02 14:13:00', '2014-05-03 03:59:00', '2014-05-03 04:33:00', '2014-05-03 09:28:00', '2014-05-03 10:23:00', '2014-05-03 16:51:00', '2014-05-03 20:25:00', '2014-05-03 23:54:00', '2014-05-04 02:23:00', '2014-05-04 09:05:00', '2014-05-04 12:31:00', '2014-05-04 22:56:00', '2014-05-05 12:23:00']","['B9.1', 'B6.4', 'B6.0', 'B5.8', 'B9.4', 'C1.3', 'C4.4', 'C1.4', 'C2.6', 'C2.0', 'C1.8', 'C1.1', 'C1.4', 'C1.8', 'C1.1', 'C1.2', 'C2.5', 'C9.2', 'C1.1', 'C1.9']",2014-04-29 22:28:00,2014-05-05 12:39:00
470,4073,"['2014-04-30 00:32:00', '2014-04-30 06:20:00', '2014-04-30 19:42:00', '2014-05-02 22:05:00', '2014-05-03 16:11:00', '2014-05-04 16:01:00']","['B8.0', 'C1.5', 'B7.1', 'C1.3', 'C1.7', 'C1.3']",2014-04-30 06:15:00,2014-05-04 16:04:00
471,4075,"['2014-04-30 01:26:00', '2014-05-01 17:49:00']","['C1.1', 'B6.8']",2014-04-30 01:20:00,2014-05-01 17:54:00
472,4088,"['2014-05-02 19:40:00', '2014-05-02 20:19:00', '2014-05-02 22:38:00', '2014-05-10 09:39:00']","['C1.0', 'C2.1', 'C1.0', 'C2.4']",2014-05-02 20:14:00,2014-05-10 09:47:00
473,4092,"['2014-05-04 17:38:00', '2014-05-04 18:50:00', '2014-05-04 23:12:00']","['C1.4', 'C1.2', 'C1.1']",2014-05-04 23:07:00,2014-05-04 18:55:00
474,4097,"['2014-05-07 16:29:00', '2014-05-08 01:40:00', '2014-05-08 10:07:00', '2014-05-09 00:55:00', '2014-05-09 11:48:00', '2014-05-10 07:02:00', '2014-05-10 08:40:00', '2014-05-10 18:22:00', '2014-05-10 18:46:00', '2014-05-10 23:54:00', '2014-05-11 05:25:00', '2014-05-11 08:10:00', '2014-05-11 09:20:00', '2014-05-11 13:11:00', '2014-05-11 17:14:00', '2014-05-11 19:16:00', '2014-05-12 01:51:00', '2014-05-12 06:42:00', '2014-05-13 09:20:00', '2014-05-13 22:24:00', '2014-05-14 15:04:00', '2014-05-15 20:10:00', '2014-05-16 00:09:00', '2014-05-16 05:48:00', '2014-05-16 07:04:00', '2014-05-16 07:16:00', '2014-05-16 13:31:00']","['M1.2', 'C3.0', 'M5.2', 'C1.4', 'C1.2', 'C8.7', 'C2.1', 'B9.7', 'C1.8', 'C4.2', 'C2.3', 'C1.6', 'C1.3', 'C1.2', 'C3.1', 'C3.4', 'C1.8', 'C2.3', 'C1.5', 'C6.8', 'C8.3', 'C1.0', 'C1.8', 'C1.3', 'C5.7', 'C2.9', 'C1.5']",2014-05-07 16:07:00,2014-05-16 05:59:00
475,4111,"['2014-05-09 05:21:00', '2014-05-09 08:19:00', '2014-05-09 11:19:00', '2014-05-09 12:59:00', '2014-05-09 14:19:00', '2014-05-09 15:01:00', '2014-05-11 04:43:00', '2014-05-11 17:44:00', '2014-05-12 03:21:00', '2014-05-12 07:36:00', '2014-05-12 22:16:00', '2014-05-13 10:30:00', '2014-05-14 03:35:00', '2014-05-15 02:56:00', '2014-05-15 03:40:00', '2014-05-15 14:06:00', '2014-05-15 21:08:00']","['C2.4', 'C3.3', 'C1.6', 'C1.9', 'C3.6', 'C7.8', 'C6.4', 'C1.3', 'C1.3', 'C1.5', 'C1.0', 'C1.1', 'C1.6', 'C5.0', 'C3.2', 'C1.0', 'C1.4']",2014-05-09 05:14:00,2014-05-15 03:44:00
476,4133,"['2014-05-14 00:53:00', '2014-05-14 04:43:00', '2014-05-14 06:20:00', '2014-05-14 08:56:00', '2014-05-14 12:20:00', '2014-05-15 05:34:00', '2014-05-16 09:03:00', '2014-05-16 20:16:00', '2014-05-18 02:39:00']","['C2.8', 'C2.1', 'C1.6', 'C2.6', 'C1.5', 'C3.2', 'B9.4', 'C2.5', 'C1.2']",2014-05-14 06:16:00,2014-05-18 02:45:00
477,4131,"['2014-05-17 02:39:00', '2014-05-21 07:23:00', '2014-05-21 08:29:00']","['C3.3', 'C1.6', 'B7.8']",2014-05-17 02:34:00,2014-05-21 08:32:00
478,4152,['2014-05-21 19:34:00'],['B7.7'],2014-05-21 19:28:00,2014-05-21 19:39:00
479,4138,"['2014-05-22 03:10:00', '2014-05-23 04:58:00', '2014-05-23 11:49:00', '2014-05-23 15:51:00', '2014-05-23 19:54:00', '2014-05-24 04:51:00', '2014-05-24 07:37:00', '2014-05-24 09:14:00', '2014-05-24 13:02:00', '2014-05-24 13:39:00', '2014-05-24 14:28:00', '2014-05-24 17:52:00', '2014-05-24 18:35:00', '2014-05-24 20:24:00', '2014-05-24 22:57:00', '2014-05-25 17:53:00', '2014-05-25 21:38:00', '2014-05-25 22:18:00', '2014-05-25 23:19:00', '2014-05-25 00:00:00']","['C6.4', 'C1.5', 'C1.1', 'B7.9', 'B7.3', 'B8.0', 'C1.0', 'C1.0', 'C1.1', 'C1.0', 'C1.3', 'C1.0', 'M1.3', 'C1.2', 'C1.6', 'C2.5', 'C2.1', 'C1.7', 'C1.2', 'C3.8']",2014-05-22 03:04:00,2014-05-26 00:04:00
480,4156,"['2014-05-22 03:48:00', '2014-05-22 22:19:00', '2014-05-27 18:51:00', '2014-05-28 03:37:00', '2014-05-29 04:30:00', '2014-05-29 18:19:00', '2014-05-31 13:23:00', '2014-05-31 15:56:00', '2014-06-01 03:55:00']","['B9.2', 'C1.1', 'C1.1', 'B7.4', 'C1.4', 'B4.6', 'B6.0', 'C1.3', 'B8.0']",2014-05-22 22:14:00,2014-06-01 04:06:00
481,4186,"['2014-06-01 11:53:00', '2014-06-01 14:54:00', '2014-06-02 07:31:00', '2014-06-03 04:09:00', '2014-06-03 21:03:00', '2014-06-04 01:36:00', '2014-06-04 06:36:00']","['C1.2', 'B4.9', 'B3.9', 'M1.3', 'B5.7', 'C2.1', 'C1.3']",2014-06-01 11:41:00,2014-06-04 06:41:00
482,4197,"['2014-06-04 07:10:00', '2014-06-04 07:44:00', '2014-06-04 16:56:00', '2014-06-04 20:48:00', '2014-06-06 10:24:00', '2014-06-06 13:11:00', '2014-06-06 13:27:00', '2014-06-06 14:08:00', '2014-06-06 15:04:00', '2014-06-06 19:31:00', '2014-06-06 22:25:00', '2014-06-07 02:15:00', '2014-06-07 05:09:00', '2014-06-08 01:46:00', '2014-06-08 16:55:00', '2014-06-08 23:18:00', '2014-06-09 00:23:00', '2014-06-09 01:20:00', '2014-06-09 07:25:00', '2014-06-09 12:29:00', '2014-06-10 06:28:00', '2014-06-10 16:38:00', '2014-06-11 05:34:00', '2014-06-11 07:12:00', '2014-06-11 12:48:00', '2014-06-12 00:42:00', '2014-06-12 09:37:00', '2014-06-12 13:20:00', '2014-06-12 16:03:00', '2014-06-12 16:25:00', '2014-06-12 17:35:00', '2014-06-12 22:16:00', '2014-06-13 16:19:00', '2014-06-14 03:48:00']","['B3.9', 'B4.0', 'B4.3', 'B6.9', 'C1.1', 'C3.6', 'C2.0', 'C1.0', 'C1.2', 'M1.4', 'C3.4', 'B9.1', 'B8.9', 'B9.9', 'C1.4', 'C1.6', 'C1.6', 'C3.7', 'C2.2', 'C9.0', 'C2.4', 'C1.5', 'M1.8', 'C2.8', 'C1.8', 'C3.6', 'M1.8', 'C3.8', 'C7.8', 'C3.5', 'C6.1', 'M3.1', 'C2.1', 'C2.4']",2014-06-04 07:07:00,2014-06-14 03:50:00
483,4205,"['2014-06-05 13:12:00', '2014-06-05 14:09:00', '2014-06-11 03:02:00', '2014-06-13 12:02:00']","['B5.5', 'B4.8', 'C2.3', 'C2.5']",2014-06-05 12:57:00,2014-06-13 12:12:00
484,4231,"['2014-06-11 01:28:00', '2014-06-11 16:28:00', '2014-06-12 20:03:00', '2014-06-13 06:47:00', '2014-06-14 17:47:00', '2014-06-16 07:42:00', '2014-06-16 11:29:00', '2014-06-16 12:21:00', '2014-06-16 14:52:00', '2014-06-16 21:51:00', '2014-06-17 13:19:00']","['C3.9', 'C2.6', 'M1.1', 'C2.0', 'C3.3', 'C2.8', 'C1.5', 'C1.1', 'C1.9', 'C2.3', 'C1.0']",2014-06-11 01:22:00,2014-06-17 13:24:00
485,4225,"['2014-06-13 00:34:00', '2014-06-13 07:56:00', '2014-06-13 09:18:00', '2014-06-13 10:51:00', '2014-06-13 15:24:00', '2014-06-13 16:55:00', '2014-06-13 20:17:00', '2014-06-13 21:01:00', '2014-06-14 09:46:00', '2014-06-15 13:21:00', '2014-06-15 15:24:00', '2014-06-15 15:59:00', '2014-06-16 00:01:00', '2014-06-16 19:18:00', '2014-06-16 20:22:00', '2014-06-17 05:10:00', '2014-06-18 03:31:00', '2014-06-18 16:25:00', '2014-06-20 18:33:00', '2014-06-22 13:57:00', '2014-06-23 04:48:00', '2014-06-23 07:33:00']","['C8.5', 'M2.6', 'C3.8', 'C3.7', 'C2.4', 'C3.3', 'C9.0', 'C4.1', 'C3.6', 'C5.4', 'C2.6', 'C3.5', 'M1.0', 'C2.9', 'C3.2', 'C4.7', 'C4.0', 'C1.8', 'C1.6', 'B6.1', 'B4.2', 'B4.6']",2014-06-13 09:14:00,2014-06-23 04:55:00
486,4252,"['2014-06-17 01:32:00', '2014-06-17 03:15:00', '2014-06-17 08:19:00', '2014-06-19 19:24:00', '2014-06-20 04:27:00', '2014-06-20 11:20:00', '2014-06-20 16:48:00', '2014-06-21 03:13:00', '2014-06-21 04:56:00', '2014-06-21 11:19:00', '2014-06-21 13:56:00', '2014-06-21 15:46:00', '2014-06-21 19:46:00', '2014-06-21 21:57:00', '2014-06-22 00:38:00', '2014-06-22 13:16:00', '2014-06-22 17:40:00', '2014-06-23 14:44:00']","['B9.3', 'C1.3', 'C3.0', 'C4.0', 'C1.6', 'C5.0', 'C1.0', 'B6.7', 'B7.6', 'C2.1', 'B4.8', 'B5.1', 'C1.0', 'B3.6', 'B5.1', 'B7.9', 'B3.4', 'C1.0']",2014-06-17 08:13:00,2014-06-23 14:48:00
487,4272,"['2014-06-23 16:45:00', '2014-06-24 15:54:00', '2014-06-24 18:44:00', '2014-06-24 21:03:00', '2014-06-25 05:40:00', '2014-06-25 06:30:00', '2014-06-25 10:30:00', '2014-06-26 02:42:00', '2014-06-26 07:36:00', '2014-06-26 09:18:00', '2014-06-27 21:02:00', '2014-06-28 08:38:00', '2014-06-29 04:44:00', '2014-06-29 08:06:00', '2014-06-29 21:52:00']","['B4.5', 'B6.3', 'B9.7', 'C1.2', 'B9.6', 'B6.4', 'B5.5', 'B5.2', 'B3.1', 'C2.2', 'B9.7', 'C1.1', 'C1.1', 'C1.8', 'C1.2']",2014-06-23 16:42:00,2014-06-29 21:59:00
488,4288,"['2014-06-28 00:44:00', '2014-06-28 02:03:00', '2014-06-29 15:29:00', '2014-06-30 07:02:00', '2014-07-02 14:53:00']","['C1.4', 'C1.5', 'C1.8', 'C2.2', 'C1.8']",2014-06-28 00:20:00,2014-07-02 15:08:00
489,4294,"['2014-06-30 13:18:00', '2014-06-30 21:54:00', '2014-07-01 10:15:00', '2014-07-01 11:23:00', '2014-07-07 07:34:00', '2014-07-07 18:21:00', '2014-07-10 02:53:00']","['C3.4', 'C1.9', 'C6.0', 'M1.4', 'C2.6', 'C2.3', 'C5.7']",2014-06-30 13:08:00,2014-07-10 02:59:00
490,4296,"['2014-07-01 03:55:00', '2014-07-01 07:37:00', '2014-07-01 09:11:00', '2014-07-03 07:00:00', '2014-07-04 14:39:00', '2014-07-05 05:17:00', '2014-07-05 08:37:00', '2014-07-06 07:00:00', '2014-07-06 20:06:00', '2014-07-06 20:52:00', '2014-07-07 20:18:00', '2014-07-07 23:25:00', '2014-07-08 21:36:00']","['C1.5', 'C6.6', 'C2.1', 'C1.9', 'C4.2', 'C1.4', 'C1.6', 'C3.5', 'C1.6', 'C1.9', 'C1.4', 'C1.8', 'C2.3']",2014-07-01 07:16:00,2014-07-08 21:39:00
491,4321,"['2014-07-04 05:37:00', '2014-07-06 00:25:00', '2014-07-06 08:16:00', '2014-07-07 08:02:00', '2014-07-09 04:09:00', '2014-07-11 00:44:00', '2014-07-12 05:32:00', '2014-07-12 07:14:00', '2014-07-13 09:03:00', '2014-07-13 20:52:00']","['C2.4', 'C4.0', 'C2.9', 'C4.3', 'C2.2', 'C4.6', 'C1.2', 'C2.5', 'C6.4', 'C1.3']",2014-07-04 05:34:00,2014-07-13 20:55:00
492,4344,"['2014-07-08 03:53:00', '2014-07-08 09:02:00', '2014-07-08 16:20:00', '2014-07-09 00:26:00', '2014-07-09 03:11:00', '2014-07-09 05:46:00', '2014-07-10 21:13:00', '2014-07-11 23:13:00', '2014-07-11 23:47:00', '2014-07-13 09:51:00', '2014-07-16 23:00:00']","['C1.2', 'C4.0', 'M6.5', 'M1.2', 'C3.1', 'C2.7', 'C7.4', 'C2.5', 'C2.3', 'C1.8', 'B5.1']",2014-07-08 16:06:00,2014-07-16 23:24:00
493,4351,['2014-07-09 04:39:00'],['C1.7'],2014-07-09 04:37:00,2014-07-09 04:41:00
494,4375,['2014-07-23 07:42:00'],['B5.5'],2014-07-23 07:28:00,2014-07-23 07:51:00
495,4379,"['2014-07-24 01:51:00', '2014-07-24 22:02:00', '2014-07-24 22:48:00', '2014-07-25 07:02:00', '2014-07-28 23:07:00']","['C2.1', 'B7.2', 'B6.0', 'C2.2', 'B7.6']",2014-07-24 01:40:00,2014-07-28 23:10:00
496,4383,"['2014-07-24 11:32:00', '2014-07-26 11:43:00', '2014-07-26 12:10:00', '2014-07-26 13:20:00', '2014-07-27 21:31:00', '2014-07-29 00:09:00', '2014-07-29 04:02:00', '2014-07-29 05:00:00']","['B3.7', 'C1.0', 'C1.1', 'C1.8', 'B7.9', 'C1.6', 'C1.2', 'C1.3']",2014-07-24 11:27:00,2014-07-29 05:18:00
497,4381,['2014-07-25 19:23:00'],['B9.1'],2014-07-25 19:18:00,2014-07-25 19:26:00
498,4390,"['2014-07-27 05:51:00', '2014-07-28 11:45:00', '2014-07-28 14:10:00', '2014-07-30 00:46:00']","['C2.5', 'C1.2', 'C2.4', 'C1.3']",2014-07-27 05:46:00,2014-07-30 00:49:00
499,4396,"['2014-07-30 05:48:00', '2014-07-30 16:17:00', '2014-07-30 18:48:00', '2014-07-31 02:08:00', '2014-07-31 05:10:00', '2014-07-31 09:21:00', '2014-07-31 11:14:00', '2014-07-31 18:55:00', '2014-07-31 21:17:00', '2014-08-01 00:18:00', '2014-08-01 11:43:00', '2014-08-01 14:48:00', '2014-08-02 00:05:00', '2014-08-02 10:47:00', '2014-08-02 13:03:00', '2014-08-02 13:28:00', '2014-08-03 03:12:00', '2014-08-04 17:21:00', '2014-08-04 22:02:00', '2014-08-04 22:58:00', '2014-08-05 11:30:00', '2014-08-05 14:18:00', '2014-08-05 20:27:00', '2014-08-06 03:39:00', '2014-08-07 03:09:00', '2014-08-07 05:52:00', '2014-08-07 22:56:00', '2014-08-08 12:58:00', '2014-08-08 14:10:00']","['C1.9', 'C9.0', 'C3.6', 'C1.3', 'C1.7', 'C1.8', 'M2.5', 'C1.9', 'C2.4', 'C8.6', 'C4.8', 'M2.0', 'C2.6', 'C1.6', 'C1.6', 'C2.7', 'C2.5', 'C1.2', 'C1.0', 'B9.8', 'C1.7', 'C2.2', 'C2.5', 'C1.7', 'B7.7', 'C1.1', 'C2.2', 'C1.2', 'C1.0']",2014-07-30 16:00:00,2014-08-08 14:18:00
500,4422,['2014-08-03 19:39:00'],['C1.1'],2014-08-03 19:23:00,2014-08-03 19:55:00
501,4424,['2014-08-04 02:53:00'],['C2.1'],2014-08-04 02:44:00,2014-08-04 02:59:00
502,4616,"['2014-10-03 10:46:00', '2014-10-04 01:02:00', '2014-10-04 02:24:00', '2014-10-04 10:21:00', '2014-10-05 09:54:00', '2014-10-05 12:35:00', '2014-10-06 00:06:00', '2014-10-06 15:49:00', '2014-10-06 21:26:00']","['C2.2', 'C1.7', 'C1.4', 'C1.4', 'C1.0', 'C1.0', 'C1.2', 'C1.7', 'C1.5']",2014-10-03 10:41:00,2014-10-06 15:54:00
503,4610,"['2014-10-04 06:58:00', '2014-10-05 16:56:00']","['C1.0', 'C1.5']",2014-10-04 06:48:00,2014-10-05 17:05:00
504,4639,"['2014-10-06 17:07:00', '2014-10-08 13:17:00', '2014-10-08 16:51:00', '2014-10-09 01:43:00', '2014-10-09 01:58:00', '2014-10-09 03:14:00', '2014-10-09 04:42:00', '2014-10-09 05:04:00', '2014-10-09 06:59:00', '2014-10-09 07:43:00', '2014-10-09 09:27:00', '2014-10-09 10:55:00', '2014-10-09 11:35:00', '2014-10-09 13:03:00', '2014-10-09 18:23:00']","['C3.0', 'C1.0', 'C2.1', 'M1.3', 'M1.4', 'C1.6', 'C1.3', 'C4.2', 'M1.2', 'C2.7', 'C7.9', 'C1.1', 'B7.9', 'C1.9', 'C1.0']",2014-10-06 16:35:00,2014-10-09 10:57:00
505,4698,"['2014-10-18 13:15:00', '2014-10-18 14:25:00', '2014-10-18 16:03:00', '2014-10-18 17:04:00', '2014-10-19 01:47:00', '2014-10-19 05:03:00', '2014-10-19 11:19:00', '2014-10-19 12:14:00', '2014-10-19 17:34:00', '2014-10-20 00:53:00', '2014-10-20 02:01:00', '2014-10-20 02:28:00', '2014-10-20 03:57:00', '2014-10-20 09:11:00', '2014-10-20 11:27:00', '2014-10-20 14:08:00', '2014-10-20 14:43:00', '2014-10-20 15:24:00', '2014-10-20 16:37:00', '2014-10-20 19:02:00', '2014-10-20 20:04:00', '2014-10-20 22:55:00', '2014-10-21 06:57:00', '2014-10-21 08:10:00', '2014-10-21 19:10:00', '2014-10-21 20:20:00', '2014-10-21 22:04:00', '2014-10-22 01:59:00', '2014-10-22 05:17:00', '2014-10-22 14:28:00', '2014-10-23 04:30:00', '2014-10-23 09:50:00', '2014-10-23 15:39:00', '2014-10-23 19:15:00', '2014-10-24 02:43:00', '2014-10-24 03:00:00', '2014-10-24 04:00:00', '2014-10-24 07:48:00', '2014-10-24 10:01:00', '2014-10-24 15:06:00', '2014-10-24 21:41:00', '2014-10-25 04:13:00', '2014-10-25 08:08:00', '2014-10-25 09:49:00', '2014-10-25 12:20:00', '2014-10-25 15:04:00', '2014-10-25 15:52:00', '2014-10-25 17:08:00', '2014-10-25 23:26:00', '2014-10-26 01:13:00', '2014-10-26 05:13:00', '2014-10-26 05:50:00', '2014-10-26 06:21:00', '2014-10-26 10:56:00', '2014-10-26 13:09:00', '2014-10-26 15:20:00', '2014-10-26 17:17:00', '2014-10-26 18:49:00', '2014-10-26 20:21:00', '2014-10-26 21:59:00', '2014-10-27 00:34:00', '2014-10-27 02:02:00', '2014-10-27 03:41:00', '2014-10-27 05:04:00', '2014-10-27 05:38:00', '2014-10-27 07:01:00', '2014-10-27 07:15:00', '2014-10-27 10:09:00', '2014-10-27 14:47:00', '2014-10-27 17:40:00', '2014-10-27 23:04:00', '2014-10-28 02:42:00', '2014-10-28 03:32:00', '2014-10-28 08:24:00', '2014-10-28 11:06:00', '2014-10-28 14:06:00']","['C2.6', 'C1.7', 'C2.6', 'C2.1', 'C5.7', 'X1.1', 'C4.2', 'C5.8', 'C4.7', 'C2.5', 'C2.8', 'C3.2', 'C5.4', 'M3.9', 'C2.8', 'C2.7', 'C3.1', 'C8.6', 'M4.5', 'M1.4', 'M1.7', 'M1.2', 'C2.9', 'C3.1', 'C4.0', 'C6.5', 'C3.4', 'M8.7', 'M2.7', 'X1.6', 'C3.7', 'M1.1', 'C4.6', 'C3.3', 'C4.2', 'C3.4', 'C3.6', 'M4.0', 'C3.6', 'C5.1', 'X3.1', 'C4.4', 'C9.2', 'C4.6', 'C3.2', 'C5.1', 'C9.7', 'X1.0', 'C8.4', 'C3.1', 'C2.8', 'C4.0', 'C9.5', 'X2.0', 'C9.2', 'C5.2', 'M1.0', 'M1.9', 'M2.4', 'C8.3', 'M7.1', 'M1.0', 'M1.3', 'C3.4', 'C4.9', 'C9.6', 'C9.6', 'M6.7', 'X2.0', 'M1.4', 'C4.6', 'M3.4', 'M6.6', 'C6.5', 'C5.3', 'M1.6']",2014-10-18 13:01:00,2014-10-28 03:41:00
506,4760,"['2014-10-30 23:01:00', '2014-10-31 08:25:00', '2014-10-31 09:23:00', '2014-11-01 10:24:00', '2014-11-01 13:50:00', '2014-11-01 16:46:00', '2014-11-01 18:20:00', '2014-11-02 03:08:00', '2014-11-02 04:01:00', '2014-11-02 17:03:00', '2014-11-02 23:52:00', '2014-11-03 03:52:00', '2014-11-03 04:54:00', '2014-11-03 18:22:00', '2014-11-07 13:24:00', '2014-11-08 18:59:00']","['C4.8', 'C2.3', 'C2.0', 'C4.1', 'C2.6', 'C7.2', 'C2.3', 'B6.6', 'B8.4', 'C3.5', 'C1.9', 'C4.2', 'C1.4', 'C1.3', 'C1.3', 'C2.2']",2014-10-30 22:54:00,2014-11-08 19:03:00
507,4781,"['2014-11-05 16:21:00', '2014-11-05 18:33:00', '2014-11-05 19:44:00', '2014-11-06 00:51:00', '2014-11-06 01:39:00', '2014-11-06 03:46:00', '2014-11-06 14:24:00', '2014-11-06 22:16:00', '2014-11-07 02:49:00', '2014-11-07 04:25:00', '2014-11-07 10:22:00', '2014-11-07 12:06:00', '2014-11-07 13:59:00', '2014-11-07 15:16:00', '2014-11-07 16:39:00', '2014-11-07 17:26:00', '2014-11-07 23:48:00', '2014-11-08 06:50:00', '2014-11-08 15:57:00', '2014-11-08 21:54:00', '2014-11-09 03:09:00', '2014-11-09 07:20:00', '2014-11-09 12:24:00', '2014-11-09 13:42:00', '2014-11-09 15:32:00', '2014-11-09 22:14:00', '2014-11-09 22:24:00', '2014-11-10 01:46:00', '2014-11-10 02:22:00', '2014-11-10 12:37:00', '2014-11-10 14:41:00', '2014-11-10 15:21:00', '2014-11-10 16:18:00', '2014-11-10 18:35:00', '2014-11-10 23:33:00', '2014-11-11 00:01:00', '2014-11-11 06:37:00', '2014-11-11 08:03:00', '2014-11-11 17:20:00', '2014-11-12 03:18:00', '2014-11-12 08:49:00', '2014-11-13 18:48:00', '2014-11-14 15:08:00']","['C1.7', 'C2.5', 'M2.9', 'C3.3', 'M3.2', 'M5.4', 'C3.8', 'M2.5', 'M2.7', 'M2.0', 'M1.0', 'C3.9', 'C2.3', 'C7.0', 'C7.0', 'X1.6', 'C1.4', 'C1.1', 'C3.6', 'C1.4', 'C4.4', 'C4.4', 'C2.5', 'C4.0', 'M2.3', 'C3.3', 'C2.6', 'C1.0', 'C7.6', 'C5.0', 'C1.2', 'C1.9', 'C1.8', 'C1.3', 'C3.6', 'C5.4', 'C3.1', 'C2.3', 'C6.3', 'C4.8', 'C1.9', 'C2.7', 'C3.1']",2014-11-05 16:14:00,2014-11-14 15:34:00
508,4800,"['2014-11-10 10:21:00', '2014-11-12 17:39:00', '2014-11-12 23:13:00', '2014-11-13 05:25:00', '2014-11-13 07:10:00', '2014-11-14 05:52:00', '2014-11-14 20:11:00', '2014-11-19 21:50:00']","['C2.1', 'C1.1', 'C1.5', 'C1.1', 'C2.2', 'C3.2', 'C3.3', 'C2.6']",2014-11-10 10:17:00,2014-11-19 21:52:00
509,4817,"['2014-11-14 07:48:00', '2014-11-14 23:39:00', '2014-11-15 12:03:00', '2014-11-15 20:46:00', '2014-11-15 23:46:00', '2014-11-16 01:15:00', '2014-11-16 07:46:00', '2014-11-16 09:11:00', '2014-11-16 10:05:00', '2014-11-16 13:43:00', '2014-11-16 16:47:00', '2014-11-16 17:48:00', '2014-11-16 22:06:00', '2014-11-17 18:30:00', '2014-11-18 08:09:00', '2014-11-18 19:30:00', '2014-11-18 19:50:00', '2014-11-19 19:03:00', '2014-11-20 19:56:00', '2014-11-20 21:13:00', '2014-11-21 01:58:00', '2014-11-21 23:33:00', '2014-11-22 01:01:00', '2014-11-22 03:41:00', '2014-11-22 09:57:00', '2014-11-22 13:31:00', '2014-11-22 17:13:00', '2014-11-23 05:39:00', '2014-11-23 16:14:00']","['C5.4', 'C2.0', 'M3.2', 'M3.7', 'C2.7', 'C1.4', 'C3.9', 'C2.0', 'C2.4', 'C1.5', 'C3.9', 'M5.7', 'C2.4', 'C1.6', 'C1.8', 'C1.3', 'C1.1', 'C2.4', 'C2.5', 'C1.3', 'C1.4', 'C1.1', 'C8.1', 'C2.4', 'C1.5', 'C2.1', 'C3.1', 'C2.4', 'C2.4']",2014-11-14 23:15:00,2014-11-23 05:44:00
510,4851,"['2014-11-21 00:32:00', '2014-11-21 03:53:00', '2014-11-21 11:31:00', '2014-11-22 04:13:00', '2014-11-22 14:41:00', '2014-11-24 01:37:00', '2014-11-27 05:53:00', '2014-11-30 13:48:00', '2014-12-01 00:33:00']","['C1.6', 'C1.3', 'C1.2', 'C1.7', 'C2.3', 'C1.7', 'C2.8', 'C1.9', 'C4.2']",2014-11-21 00:24:00,2014-12-01 00:58:00
511,4862,"['2014-11-24 16:20:00', '2014-11-24 22:21:00', '2014-11-25 12:57:00', '2014-12-01 05:18:00', '2014-12-02 08:05:00', '2014-12-03 02:34:00', '2014-12-04 13:15:00']","['C2.2', 'C2.5', 'C1.1', 'C1.8', 'C5.2', 'C2.4', 'C1.4']",2014-11-24 16:12:00,2014-12-04 13:23:00
512,4868,"['2014-11-26 00:34:00', '2014-11-28 20:16:00', '2014-11-29 07:06:00', '2014-11-29 09:02:00', '2014-11-29 11:40:00', '2014-11-29 12:47:00', '2014-11-29 13:49:00']","['C1.7', 'C3.1', 'C1.6', 'C2.1', 'C1.2', 'C1.7', 'C6.5']",2014-11-26 00:30:00,2014-11-29 12:54:00
513,4874,"['2014-11-26 22:26:00', '2014-11-27 00:47:00', '2014-11-27 04:48:00', '2014-11-27 07:02:00', '2014-11-27 08:48:00', '2014-11-27 09:41:00', '2014-11-27 10:20:00', '2014-11-27 10:59:00', '2014-11-28 00:40:00', '2014-11-28 02:36:00', '2014-11-28 04:22:00', '2014-11-28 11:20:00', '2014-11-29 00:10:00', '2014-11-29 02:01:00', '2014-11-29 08:21:00', '2014-11-29 10:01:00', '2014-11-30 03:26:00', '2014-11-30 04:06:00', '2014-11-30 13:20:00', '2014-12-01 06:41:00', '2014-12-02 02:36:00', '2014-12-02 04:29:00', '2014-12-02 05:46:00', '2014-12-02 15:55:00', '2014-12-02 20:34:00', '2014-12-02 22:30:00', '2014-12-03 01:02:00', '2014-12-03 08:18:00', '2014-12-03 09:34:00', '2014-12-03 13:10:00', '2014-12-03 13:26:00', '2014-12-04 08:10:00', '2014-12-04 08:56:00', '2014-12-04 11:50:00', '2014-12-04 16:50:00', '2014-12-04 18:25:00', '2014-12-04 19:41:00', '2014-12-05 00:24:00', '2014-12-05 05:37:00', '2014-12-05 07:15:00', '2014-12-05 08:38:00', '2014-12-05 10:26:00', '2014-12-05 12:25:00', '2014-12-05 19:31:00', '2014-12-05 23:48:00', '2014-12-06 01:56:00', '2014-12-06 05:13:00', '2014-12-06 07:45:00', '2014-12-06 12:44:00', '2014-12-06 13:52:00', '2014-12-06 17:34:00', '2014-12-06 22:38:00', '2014-12-07 00:14:00', '2014-12-07 01:38:00']","['C3.2', 'C8.2', 'C5.0', 'C5.4', 'C3.3', 'C4.8', 'C4.6', 'C5.1', 'C7.5', 'C1.5', 'C2.9', 'C2.0', 'C4.0', 'C4.2', 'C6.7', 'C4.0', 'C1.4', 'C1.1', 'C1.4', 'M1.8', 'C1.5', 'C2.2', 'C2.1', 'C6.5', 'C2.4', 'C3.0', 'C2.5', 'C1.5', 'C3.1', 'C2.7', 'C3.8', 'M1.3', 'C5.4', 'C1.4', 'C1.6', 'M6.1', 'M1.3', 'C1.1', 'C2.1', 'C1.3', 'C1.0', 'C1.6', 'M1.5', 'C1.0', 'C2.1', 'C2.8', 'C1.6', 'C1.5', 'C4.4', 'C3.7', 'C1.8', 'C1.0', 'C1.2', 'C2.7']",2014-11-26 22:21:00,2014-12-07 01:46:00
514,4872,"['2014-11-29 22:46:00', '2014-11-30 01:46:00', '2014-11-30 17:19:00']","['C1.7', 'C1.6', 'C2.1']",2014-11-29 22:42:00,2014-11-30 01:50:00
515,4888,"['2014-12-07 10:48:00', '2014-12-07 11:14:00', '2014-12-08 03:41:00', '2014-12-13 03:18:00', '2014-12-13 10:10:00', '2014-12-14 01:53:00', '2014-12-14 05:53:00']","['C1.0', 'C1.1', 'C1.0', 'C2.7', 'C4.0', 'C2.1', 'C2.9']",2014-12-07 11:07:00,2014-12-14 01:58:00
516,4900,"['2014-12-09 02:37:00', '2014-12-09 03:28:00', '2014-12-09 05:15:00', '2014-12-09 08:30:00', '2014-12-09 10:24:00', '2014-12-09 12:34:00', '2014-12-09 13:48:00', '2014-12-09 15:28:00', '2014-12-09 17:18:00', '2014-12-09 18:48:00', '2014-12-09 19:49:00', '2014-12-09 23:27:00', '2014-12-10 02:13:00', '2014-12-11 13:17:00', '2014-12-12 03:06:00']","['C1.3', 'C2.0', 'C1.4', 'C8.1', 'C8.6', 'C5.4', 'C4.5', 'C6.2', 'C2.5', 'C5.3', 'C1.4', 'C1.3', 'C1.4', 'C1.8', 'C1.0']",2014-12-09 03:21:00,2014-12-12 03:10:00
517,4921,"['2014-12-11 03:29:00', '2014-12-11 08:56:00', '2014-12-11 14:27:00', '2014-12-12 14:40:00']","['C1.7', 'C3.8', 'C1.4', 'C4.0']",2014-12-11 03:25:00,2014-12-12 14:42:00
518,4920,"['2014-12-11 11:55:00', '2014-12-12 09:48:00', '2014-12-13 00:12:00', '2014-12-14 08:09:00', '2014-12-14 08:33:00', '2014-12-14 12:59:00', '2014-12-14 16:36:00', '2014-12-14 18:26:00', '2014-12-14 19:33:00', '2014-12-14 19:52:00', '2014-12-14 20:16:00', '2014-12-14 21:50:00', '2014-12-14 22:09:00', '2014-12-15 01:40:00', '2014-12-15 21:21:00', '2014-12-16 00:05:00', '2014-12-16 02:38:00', '2014-12-16 04:48:00', '2014-12-16 05:39:00', '2014-12-16 10:17:00', '2014-12-16 11:09:00', '2014-12-16 11:40:00', '2014-12-17 01:10:00', '2014-12-17 04:51:00', '2014-12-17 15:01:00', '2014-12-17 21:26:00', '2014-12-17 22:47:00', '2014-12-18 02:37:00', '2014-12-18 09:07:00', '2014-12-18 12:52:00', '2014-12-18 16:51:00', '2014-12-19 02:13:00', '2014-12-19 03:42:00', '2014-12-19 09:44:00', '2014-12-19 13:52:00', '2014-12-19 14:47:00', '2014-12-19 16:10:00', '2014-12-19 16:32:00', '2014-12-19 17:25:00', '2014-12-19 18:45:00', '2014-12-19 21:38:00', '2014-12-19 22:30:00', '2014-12-20 00:28:00', '2014-12-20 11:41:00', '2014-12-20 15:06:00', '2014-12-20 15:53:00', '2014-12-20 20:35:00', '2014-12-20 21:43:00', '2014-12-21 00:30:00', '2014-12-21 02:45:00', '2014-12-21 07:32:00', '2014-12-21 16:01:00', '2014-12-21 16:51:00']","['C1.4', 'C1.5', 'C2.6', 'C3.1', 'C8.5', 'C1.9', 'C1.5', 'C2.5', 'M1.6', 'C4.7', 'C4.0', 'C2.2', 'C3.6', 'C7.0', 'C4.5', 'C1.3', 'C5.3', 'C3.5', 'C1.8', 'C4.1', 'C2.1', 'C5.6', 'M1.5', 'M8.7', 'C9.8', 'C7.1', 'C3.2', 'C5.6', 'C5.6', 'C7.2', 'C7.3', 'C4.2', 'C4.0', 'M1.3', 'C2.5', 'C1.9', 'C2.7', 'C5.3', 'C2.8', 'C9.5', 'C1.7', 'C3.2', 'X1.8', 'C2.3', 'C2.9', 'C2.0', 'C5.6', 'C2.9', 'C4.2', 'C6.7', 'M1.2', 'C3.1', 'C5.2']",2014-12-11 11:51:00,2014-12-21 16:58:00
519,4932,['2014-12-12 19:28:00'],['C2.8'],2014-12-12 19:23:00,2014-12-12 19:30:00
520,4941,"['2014-12-14 13:37:00', '2014-12-14 23:34:00', '2014-12-16 08:22:00', '2014-12-16 17:07:00', '2014-12-16 19:13:00', '2014-12-17 01:50:00', '2014-12-17 16:01:00', '2014-12-17 19:01:00', '2014-12-18 15:46:00', '2014-12-18 16:23:00', '2014-12-18 19:43:00', '2014-12-18 21:58:00', '2014-12-21 12:17:00', '2014-12-22 22:25:00', '2014-12-23 08:17:00', '2014-12-23 19:51:00', '2014-12-24 02:37:00']","['C2.3', 'C2.5', 'C4.0', 'C2.9', 'C4.7', 'M1.1', 'C6.7', 'M1.4', 'C5.3', 'C6.8', 'C7.9', 'M6.9', 'M1.0', 'C5.7', 'C1.8', 'C2.3', 'C3.7']",2014-12-14 23:07:00,2014-12-24 02:43:00
521,4942,['2014-12-15 12:43:00'],['C1.5'],2014-12-15 12:40:00,2014-12-15 12:51:00
522,4963,"['2014-12-21 04:55:00', '2014-12-23 03:58:00']","['C5.4', 'C1.4']",2014-12-21 04:47:00,2014-12-23 04:14:00
523,4969,"['2014-12-24 13:08:00', '2014-12-24 13:27:00']","['C1.8', 'C2.0']",2014-12-24 13:20:00,2014-12-24 13:47:00
524,4978,"['2014-12-25 12:11:00', '2014-12-25 19:11:00', '2014-12-27 15:05:00', '2014-12-28 10:07:00', '2014-12-28 13:40:00', '2014-12-29 03:41:00', '2014-12-29 05:29:00', '2014-12-29 10:39:00', '2015-01-02 19:38:00']","['C4.3', 'C1.7', 'C1.3', 'C1.7', 'C2.3', 'C1.4', 'B8.6', 'C1.4', 'C1.1']",2014-12-25 12:00:00,2015-01-02 19:39:00
525,4955,"['2014-12-26 08:30:00', '2014-12-26 08:41:00', '2014-12-26 09:30:00', '2014-12-26 11:24:00', '2014-12-26 15:16:00', '2014-12-26 21:44:00', '2014-12-26 23:56:00', '2014-12-27 02:16:00']","['C1.7', 'C1.5', 'C2.1', 'C2.4', 'C3.7', 'C2.3', 'C1.6', 'M2.2']",2014-12-26 15:04:00,2014-12-27 02:24:00
526,5002,"['2014-12-28 21:14:00', '2014-12-30 06:46:00', '2014-12-31 01:55:00', '2014-12-31 12:16:00', '2015-01-05 23:20:00']","['C1.3', 'C2.6', 'C1.6', 'C1.0', 'C4.4']",2014-12-28 21:08:00,2015-01-05 23:36:00
527,4995,['2014-12-29 10:52:00'],['C2.6'],2014-12-29 10:46:00,2014-12-29 10:58:00
528,5011,"['2014-12-31 00:04:00', '2014-12-31 03:54:00', '2014-12-31 06:48:00', '2014-12-31 09:04:00', '2014-12-31 12:35:00', '2014-12-31 23:39:00', '2015-01-01 05:07:00', '2015-01-01 07:30:00', '2015-01-01 19:05:00', '2015-01-02 04:36:00', '2015-01-02 09:53:00', '2015-01-02 14:08:00', '2015-01-02 14:15:00', '2015-01-03 01:17:00', '2015-01-03 06:49:00', '2015-01-03 07:15:00', '2015-01-03 09:47:00', '2015-01-03 10:39:00', '2015-01-03 14:13:00', '2015-01-03 22:23:00', '2015-01-03 23:22:00', '2015-01-04 00:09:00', '2015-01-04 00:53:00', '2015-01-04 04:52:00', '2015-01-04 15:36:00', '2015-01-04 21:26:00', '2015-01-05 02:09:00', '2015-01-05 08:22:00', '2015-01-05 17:47:00', '2015-01-05 22:13:00', '2015-01-06 05:31:00', '2015-01-06 09:43:00', '2015-01-06 17:14:00', '2015-01-07 03:12:00', '2015-01-07 11:51:00', '2015-01-08 04:34:00']","['C1.5', 'B9.3', 'C1.7', 'C1.2', 'C1.4', 'C1.2', 'C2.1', 'C2.1', 'C1.8', 'B7.0', 'B9.3', 'B9.7', 'C1.0', 'C1.7', 'C3.8', 'C2.4', 'M1.1', 'C1.7', 'C1.8', 'C1.3', 'C1.0', 'C1.1', 'C1.5', 'C2.1', 'M1.3', 'C1.1', 'C2.0', 'C3.5', 'C7.4', 'C4.1', 'C6.0', 'C2.2', 'C1.7', 'C1.2', 'C4.3', 'C4.2']",2014-12-30 23:54:00,2015-01-08 04:39:00
529,5005,['2015-01-02 19:48:00'],['C1.2'],2015-01-02 19:47:00,2015-01-02 19:49:00
530,5026,"['2015-01-06 13:30:00', '2015-01-09 08:17:00', '2015-01-09 17:48:00', '2015-01-09 22:28:00', '2015-01-10 01:53:00', '2015-01-10 02:52:00', '2015-01-10 11:33:00', '2015-01-11 02:53:00', '2015-01-11 09:24:00', '2015-01-11 18:28:00', '2015-01-12 02:25:00']","['C1.4', 'C9.6', 'C1.8', 'C1.9', 'C2.1', 'C1.2', 'C3.3', 'C3.3', 'C3.4', 'C1.3', 'C3.1']",2015-01-06 13:25:00,2015-01-12 02:32:00
531,5036,['2015-01-08 15:48:00'],['C2.6'],2015-01-08 15:41:00,2015-01-08 15:56:00
532,5039,"['2015-01-08 20:10:00', '2015-01-09 18:53:00', '2015-01-10 05:08:00', '2015-01-11 12:10:00', '2015-01-12 15:21:00', '2015-01-13 23:06:00', '2015-01-14 01:57:00', '2015-01-14 06:51:00', '2015-01-14 10:42:00', '2015-01-14 18:26:00']","['C1.6', 'C1.3', 'C1.1', 'C1.5', 'C3.7', 'C1.4', 'C1.6', 'C2.3', 'C1.9', 'C2.3']",2015-01-08 19:58:00,2015-01-14 06:57:00
533,5022,"['2015-01-11 15:14:00', '2015-01-12 07:51:00', '2015-01-12 12:43:00', '2015-01-12 14:44:00']","['C1.6', 'C3.1', 'C2.0', 'C7.1']",2015-01-11 14:42:00,2015-01-12 07:56:00
534,5051,"['2015-01-11 20:46:00', '2015-01-12 04:32:00', '2015-01-12 12:55:00', '2015-01-14 19:44:00']","['C1.6', 'C6.1', 'C5.6', 'C1.7']",2015-01-11 19:54:00,2015-01-14 19:48:00
535,5028,"['2015-01-11 23:32:00', '2015-01-15 02:39:00', '2015-01-15 21:55:00']","['C1.4', 'C2.1', 'C1.2']",2015-01-11 23:29:00,2015-01-15 02:49:00
536,5075,"['2015-01-19 09:06:00', '2015-01-19 20:48:00', '2015-01-20 05:11:00']","['C1.0', 'C3.3', 'C1.0']",2015-01-19 09:02:00,2015-01-20 05:19:00
537,5107,"['2015-01-23 16:00:00', '2015-01-23 17:46:00', '2015-01-23 19:38:00', '2015-01-24 07:11:00', '2015-01-24 07:40:00', '2015-01-24 10:20:00', '2015-01-24 12:00:00', '2015-01-25 07:51:00', '2015-01-25 18:18:00', '2015-01-26 00:53:00', '2015-01-26 07:43:00', '2015-01-26 08:35:00', '2015-01-26 09:04:00', '2015-01-26 16:53:00', '2015-01-26 23:48:00', '2015-01-27 04:57:00', '2015-01-27 09:24:00', '2015-01-28 01:28:00', '2015-01-28 04:41:00', '2015-01-28 05:30:00', '2015-01-29 05:23:00', '2015-01-29 11:42:00', '2015-01-29 19:53:00', '2015-01-30 00:44:00', '2015-01-30 05:36:00', '2015-01-31 08:01:00', '2015-01-31 21:35:00', '2015-02-01 04:36:00', '2015-02-01 11:33:00', '2015-02-01 21:26:00']","['C3.7', 'C1.1', 'B8.8', 'B6.7', 'C2.0', 'C1.3', 'B7.9', 'C1.0', 'B9.6', 'B7.3', 'C1.6', 'C1.7', 'C1.7', 'M1.1', 'C1.2', 'C1.6', 'C1.9', 'C4.7', 'M1.4', 'C9.8', 'C8.2', 'M2.1', 'C6.4', 'M2.0', 'M1.7', 'C1.2', 'C1.7', 'C2.8', 'C3.2', 'C3.0']",2015-01-23 19:30:00,2015-02-01 21:36:00
538,5099,['2015-01-24 18:25:00'],['B7.0'],2015-01-24 18:22:00,2015-01-24 18:28:00
539,5111,"['2015-01-26 05:35:00', '2015-01-26 06:27:00', '2015-01-29 09:22:00', '2015-01-30 20:21:00', '2015-01-31 00:30:00']","['C1.1', 'C1.8', 'C1.9', 'C1.2', 'B9.9']",2015-01-26 05:07:00,2015-01-31 00:33:00
540,5118,['2015-01-27 05:47:00'],['C2.4'],2015-01-27 05:43:00,2015-01-27 05:49:00
541,5113,"['2015-01-28 23:36:00', '2015-01-30 08:25:00']","['C1.7', 'C3.8']",2015-01-28 23:32:00,2015-01-30 08:29:00
542,5127,"['2015-01-29 12:26:00', '2015-01-29 13:33:00', '2015-01-29 14:16:00', '2015-01-29 16:52:00', '2015-01-29 23:47:00', '2015-01-30 05:01:00', '2015-01-30 12:16:00', '2015-01-31 11:57:00', '2015-01-31 21:03:00', '2015-02-01 06:45:00', '2015-02-01 19:30:00', '2015-02-02 06:24:00', '2015-02-02 23:12:00', '2015-02-03 09:12:00', '2015-02-03 10:53:00', '2015-02-03 15:12:00', '2015-02-03 22:58:00', '2015-02-04 02:15:00', '2015-02-04 10:07:00', '2015-02-05 05:16:00', '2015-02-05 07:26:00', '2015-02-05 09:53:00', '2015-02-06 23:02:00', '2015-02-07 10:50:00', '2015-02-07 19:38:00', '2015-02-08 05:18:00']","['C7.6', 'C2.4', 'C2.2', 'C1.6', 'C8.4', 'C2.3', 'M2.4', 'C1.0', 'C1.2', 'C2.2', 'C1.5', 'C1.0', 'C2.6', 'C1.4', 'C3.9', 'C1.4', 'C2.1', 'M1.2', 'C2.2', 'C1.1', 'C1.3', 'C3.3', 'C1.5', 'C1.8', 'C2.3', 'C2.6']",2015-01-29 14:07:00,2015-02-08 05:23:00
543,5144,"['2015-02-02 14:37:00', '2015-02-03 09:47:00', '2015-02-03 17:26:00', '2015-02-06 10:17:00', '2015-02-07 01:21:00', '2015-02-07 12:22:00', '2015-02-08 10:36:00', '2015-02-08 11:00:00', '2015-02-08 15:06:00', '2015-02-09 01:48:00', '2015-02-09 03:31:00', '2015-02-09 19:10:00', '2015-02-09 23:35:00', '2015-02-09 22:40:00', '2015-02-10 02:02:00', '2015-02-10 03:31:00', '2015-02-10 04:21:00']","['C1.7', 'C2.7', 'C1.5', 'C1.4', 'C1.4', 'C1.9', 'C1.7', 'C2.6', 'C1.7', 'C2.1', 'C1.5', 'C3.1', 'M2.4', 'C1.8', 'C8.3', 'C1.5', 'C2.9']",2015-02-02 14:26:00,2015-02-10 03:51:00
544,5151,"['2015-02-06 03:15:00', '2015-02-09 07:13:00', '2015-02-09 09:05:00']","['C1.1', 'C1.7', 'C1.5']",2015-02-06 03:05:00,2015-02-09 07:16:00
545,5186,"['2015-02-09 23:35:00', '2015-02-10 08:44:00', '2015-02-11 02:06:00', '2015-02-11 05:21:00', '2015-02-12 04:08:00', '2015-02-12 14:18:00', '2015-02-13 02:28:00', '2015-02-14 12:41:00', '2015-02-15 09:07:00', '2015-02-16 16:00:00', '2015-02-17 06:44:00', '2015-02-18 22:08:00', '2015-02-19 00:58:00']","['M2.4', 'C2.7', 'C1.0', 'C1.0', 'B8.7', 'C1.0', 'B9.6', 'B7.1', 'B6.2', 'B8.8', 'B7.3', 'C3.5', 'C1.2']",2015-02-09 22:59:00,2015-02-19 01:01:00
546,5212,['2015-02-14 22:54:00'],['B6.9'],2015-02-14 22:49:00,2015-02-14 22:57:00
547,5211,['2015-02-15 00:51:00'],['B9.0'],2015-02-15 00:46:00,2015-02-15 00:56:00
548,5229,"['2015-02-18 11:03:00', '2015-02-20 01:10:00']","['B5.7', 'B6.1']",2015-02-18 11:00:00,2015-02-20 01:15:00
549,5233,"['2015-02-21 18:50:00', '2015-02-27 23:09:00', '2015-02-28 13:40:00', '2015-02-28 22:37:00', '2015-02-28 23:05:00']","['B7.1', 'C1.0', 'C2.2', 'C1.4', 'C1.5']",2015-02-21 18:20:00,2015-02-28 22:44:00
550,5246,"['2015-02-23 03:15:00', '2015-02-23 12:02:00', '2015-02-27 09:54:00', '2015-02-28 05:28:00', '2015-03-04 10:39:00']","['B7.2', 'B5.2', 'B9.6', 'C2.5', 'C2.8']",2015-02-23 03:07:00,2015-03-04 10:50:00
551,5249,"['2015-02-26 22:37:00', '2015-02-28 21:42:00', '2015-03-04 13:42:00', '2015-03-05 19:55:00']","['B4.2', 'B9.7', 'C1.1', 'C4.0']",2015-02-26 22:30:00,2015-03-05 20:04:00
552,5298,"['2015-03-08 09:25:00', '2015-03-08 14:45:00', '2015-03-09 00:06:00', '2015-03-09 00:15:00', '2015-03-09 02:56:00', '2015-03-09 10:08:00', '2015-03-09 11:17:00', '2015-03-09 12:28:00', '2015-03-09 14:33:00', '2015-03-09 17:42:00', '2015-03-09 19:01:00', '2015-03-09 23:11:00', '2015-03-09 23:53:00', '2015-03-10 03:24:00', '2015-03-10 04:13:00', '2015-03-10 04:25:00', '2015-03-10 11:55:00', '2015-03-10 12:45:00', '2015-03-10 13:10:00', '2015-03-10 13:48:00', '2015-03-10 15:01:00', '2015-03-10 17:18:00', '2015-03-10 19:18:00', '2015-03-10 20:56:00', '2015-03-10 22:19:00', '2015-03-10 23:12:00', '2015-03-10 23:27:00', '2015-03-11 00:02:00', '2015-03-11 02:19:00', '2015-03-11 05:03:00', '2015-03-11 09:25:00', '2015-03-11 11:34:00', '2015-03-11 13:16:00', '2015-03-11 15:26:00', '2015-03-11 16:22:00', '2015-03-11 18:51:00', '2015-03-11 22:19:00', '2015-03-11 23:45:00', '2015-03-12 03:23:00', '2015-03-12 04:46:00', '2015-03-12 09:14:00', '2015-03-12 11:50:00', '2015-03-12 12:14:00', '2015-03-12 14:08:00', '2015-03-12 20:34:00', '2015-03-12 21:51:00', '2015-03-12 22:38:00', '2015-03-12 22:58:00', '2015-03-12 23:31:00', '2015-03-13 04:01:00', '2015-03-13 10:54:00', '2015-03-13 11:23:00', '2015-03-13 20:46:00', '2015-03-13 22:19:00', '2015-03-14 01:53:00', '2015-03-14 04:10:00', '2015-03-14 04:40:00', '2015-03-14 11:55:00', '2015-03-14 13:26:00', '2015-03-14 15:21:00', '2015-03-14 16:29:00', '2015-03-14 18:45:00', '2015-03-14 19:16:00', '2015-03-14 20:48:00', '2015-03-14 22:19:00', '2015-03-14 23:14:00', '2015-03-15 02:13:00', '2015-03-15 09:30:00', '2015-03-15 09:40:00', '2015-03-15 10:23:00', '2015-03-15 12:03:00', '2015-03-15 13:06:00', '2015-03-15 14:06:00', '2015-03-15 21:49:00', '2015-03-15 23:22:00', '2015-03-16 04:21:00', '2015-03-16 09:52:00', '2015-03-16 09:52:00', '2015-03-16 10:20:00', '2015-03-16 10:58:00', '2015-03-16 12:59:00', '2015-03-16 13:54:00', '2015-03-16 18:45:00', '2015-03-16 20:07:00', '2015-03-16 20:15:00', '2015-03-16 20:49:00', '2015-03-17 01:52:00', '2015-03-17 23:34:00', '2015-03-18 02:32:00', '2015-03-18 03:59:00', '2015-03-18 12:27:00', '2015-03-18 13:57:00', '2015-03-18 14:24:00']","['C2.5', 'C1.1', 'C1.1', 'C3.0', 'C1.5', 'C4.0', 'C1.1', 'B7.9', 'M4.5', 'C9.1', 'B7.3', 'C1.6', 'M5.8', 'M5.1', 'C1.3', 'C4.5', 'B8.0', 'B7.9', 'C1.0', 'B9.7', 'C1.2', 'C1.1', 'B9.4', 'C4.7', 'C1.3', 'C2.3', 'C3.3', 'M2.9', 'C2.8', 'C4.5', 'C1.8', 'C5.8', 'C2.3', 'C1.7', 'X2.1', 'M1.0', 'C7.8', 'C6.7', 'C5.7', 'M3.2', 'C8.4', 'M1.6', 'M1.4', 'M4.2', 'C4.8', 'M2.7', 'C3.6', 'C3.4', 'C1.9', 'M1.2', 'C1.6', 'C1.9', 'C6.2', 'C2.0', 'C2.3', 'C1.3', 'M1.3', 'C2.6', 'C1.7', 'B7.3', 'B5.7', 'C5.3', 'C1.4', 'C1.6', 'C1.1', 'C1.9', 'C9.1', 'B9.3', 'M1.0', 'C1.3', 'C6.8', 'C2.4', 'C1.2', 'C1.0', 'M1.2', 'B8.0', 'C1.8', 'C1.9', 'B9.6', 'M1.6', 'C1.1', 'C2.8', 'B6.2', 'C2.1', 'C5.5', 'C8.1', 'C1.9', 'M1.0', 'C1.7', 'C6.1', 'C1.0', 'B7.4', 'C1.3']",2015-03-08 09:09:00,2015-03-18 12:30:00
553,5326,['2015-03-12 19:51:00'],['C1.6'],2015-03-12 19:48:00,2015-03-12 19:53:00
554,5315,"['2015-03-18 06:59:00', '2015-03-18 07:51:00', '2015-03-18 09:51:00', '2015-03-18 10:30:00', '2015-03-18 11:20:00', '2015-03-18 13:14:00', '2015-03-18 14:32:00', '2015-03-18 16:10:00', '2015-03-18 21:02:00', '2015-03-18 22:36:00', '2015-03-18 23:01:00']","['C3.9', 'C9.3', 'C2.8', 'C5.5', 'C1.1', 'C3.8', 'C1.4', 'C3.5', 'C1.3', 'C2.0', 'C3.4']",2015-03-18 16:05:00,2015-03-18 07:59:00
555,5354,"['2015-03-23 17:47:00', '2015-03-25 01:44:00', '2015-03-25 03:24:00', '2015-03-25 04:46:00', '2015-03-25 07:27:00', '2015-03-25 08:29:00', '2015-03-25 14:04:00', '2015-03-25 16:45:00', '2015-03-25 18:18:00', '2015-03-26 00:21:00', '2015-03-26 04:45:00', '2015-03-26 08:11:00', '2015-03-26 14:32:00', '2015-03-26 19:21:00', '2015-03-26 23:51:00', '2015-03-28 05:26:00', '2015-03-28 08:12:00', '2015-03-29 19:42:00', '2015-03-30 15:47:00']","['B8.6', 'C2.6', 'C1.3', 'C8.7', 'C1.8', 'C3.2', 'C1.0', 'C3.3', 'C1.1', 'C2.8', 'B9.0', 'B7.0', 'B8.5', 'C1.4', 'C1.2', 'C2.2', 'C2.0', 'C1.6', 'C1.5']",2015-03-23 17:43:00,2015-03-30 16:03:00
556,5366,"['2015-03-26 11:00:00', '2015-03-26 11:38:00', '2015-03-26 12:05:00', '2015-03-28 06:55:00', '2015-03-28 10:43:00', '2015-03-28 12:30:00', '2015-03-28 15:11:00']","['B6.5', 'B6.0', 'B7.7', 'C1.5', 'C1.0', 'C2.0', 'C1.3']",2015-03-26 11:30:00,2015-03-28 10:49:00
557,5342,"['2015-03-26 16:13:00', '2015-03-27 06:36:00', '2015-03-27 12:43:00', '2015-03-27 14:35:00', '2015-03-27 15:09:00', '2015-03-27 16:36:00', '2015-03-28 11:34:00', '2015-03-28 14:02:00', '2015-03-28 16:07:00']","['B9.3', 'C1.0', 'C1.6', 'C1.1', 'C1.8', 'C1.3', 'C1.1', 'C1.2', 'C2.4']",2015-03-26 16:05:00,2015-03-28 11:44:00
558,5375,['2015-03-29 11:32:00'],['C1.5'],2015-03-29 11:28:00,2015-03-29 11:36:00
559,5422,"['2015-04-04 11:54:00', '2015-04-06 05:50:00', '2015-04-07 03:37:00']","['C1.0', 'C1.2', 'B8.2']",2015-04-04 11:38:00,2015-04-07 03:43:00
560,5415,"['2015-04-04 16:13:00', '2015-04-04 16:49:00', '2015-04-04 20:14:00', '2015-04-05 18:34:00', '2015-04-05 21:03:00', '2015-04-06 19:06:00', '2015-04-07 14:42:00', '2015-04-07 21:31:00', '2015-04-08 00:07:00', '2015-04-08 14:43:00', '2015-04-09 00:39:00', '2015-04-09 04:54:00', '2015-04-09 06:35:00', '2015-04-09 07:27:00', '2015-04-09 08:39:00', '2015-04-09 09:34:00', '2015-04-09 13:01:00', '2015-04-09 14:44:00', '2015-04-09 17:29:00', '2015-04-09 19:01:00', '2015-04-09 20:19:00', '2015-04-09 23:45:00', '2015-04-10 04:23:00', '2015-04-10 08:03:00', '2015-04-10 08:15:00', '2015-04-10 09:52:00', '2015-04-10 19:27:00', '2015-04-12 00:29:00', '2015-04-12 17:18:00', '2015-04-12 22:26:00', '2015-04-12 23:29:00', '2015-04-13 04:09:00', '2015-04-13 10:11:00', '2015-04-13 11:35:00', '2015-04-13 13:18:00', '2015-04-13 23:23:00']","['B8.5', 'B8.6', 'C1.0', 'B7.5', 'C3.0', 'C3.0', 'B6.6', 'C1.1', 'C1.0', 'M1.4', 'B5.7', 'B3.8', 'C5.4', 'C1.6', 'B4.8', 'B4.7', 'B5.1', 'B6.7', 'C5.9', 'C6.2', 'B6.9', 'C3.3', 'B8.3', 'C7.9', 'C2.9', 'C2.8', 'C2.7', 'C3.9', 'C2.2', 'C2.9', 'C6.4', 'C4.3', 'C1.9', 'C2.3', 'C1.4', 'C2.9']",2015-04-04 16:10:00,2015-04-13 11:39:00
561,5446,"['2015-04-11 09:44:00', '2015-04-13 06:39:00', '2015-04-13 08:26:00']","['B8.7', 'C1.6', 'C4.7']",2015-04-11 09:41:00,2015-04-13 06:45:00
562,5447,"['2015-04-15 11:42:00', '2015-04-15 20:23:00', '2015-04-16 09:07:00', '2015-04-16 11:22:00', '2015-04-16 14:00:00', '2015-04-16 16:25:00', '2015-04-16 16:25:00', '2015-04-16 19:18:00', '2015-04-17 01:37:00', '2015-04-17 04:57:00', '2015-04-17 05:28:00', '2015-04-17 09:32:00', '2015-04-17 12:37:00', '2015-04-18 13:37:00', '2015-04-18 14:19:00', '2015-04-18 18:25:00', '2015-04-18 21:44:00', '2015-04-19 00:57:00', '2015-04-19 03:30:00', '2015-04-20 21:16:00', '2015-04-21 05:42:00', '2015-04-21 20:59:00', '2015-04-21 22:01:00', '2015-04-22 01:15:00', '2015-04-22 01:44:00', '2015-04-22 02:07:00', '2015-04-23 01:18:00', '2015-04-23 02:09:00', '2015-04-23 03:29:00', '2015-04-23 05:18:00', '2015-04-23 06:32:00', '2015-04-23 07:43:00', '2015-04-23 12:03:00', '2015-04-23 15:20:00', '2015-04-23 17:46:00']","['C1.5', 'C7.8', 'C5.7', 'C2.3', 'C2.0', 'C1.8', 'C1.7', 'C3.3', 'C2.6', 'C1.1', 'C1.5', 'C1.1', 'C1.0', 'C2.3', 'C5.2', 'C2.9', 'B8.2', 'C1.5', 'C1.4', 'C2.4', 'C1.1', 'C5.0', 'M1.2', 'C2.3', 'C3.7', 'C4.6', 'C1.7', 'C2.2', 'C1.5', 'C1.6', 'C1.5', 'C1.4', 'C7.3', 'C3.1', 'C2.6']",2015-04-15 20:13:00,2015-04-23 17:48:00
563,5462,"['2015-04-22 07:11:00', '2015-04-24 22:59:00', '2015-04-26 11:49:00', '2015-04-26 13:14:00', '2015-04-26 14:12:00', '2015-04-26 17:51:00', '2015-04-26 20:57:00']","['C2.3', 'C1.3', 'C1.0', 'B6.5', 'B8.5', 'B6.6', 'C1.4']",2015-04-22 07:04:00,2015-04-26 17:56:00
564,5492,['2015-04-23 19:59:00'],['C3.0'],2015-04-23 19:56:00,2015-04-23 20:05:00
565,5526,"['2015-05-01 22:57:00', '2015-05-02 02:02:00', '2015-05-02 07:34:00', '2015-05-02 16:49:00', '2015-05-02 22:08:00', '2015-05-03 00:58:00', '2015-05-03 02:28:00', '2015-05-03 04:19:00', '2015-05-03 09:34:00', '2015-05-03 14:16:00', '2015-05-03 23:47:00', '2015-05-04 00:52:00', '2015-05-04 04:21:00', '2015-05-04 05:00:00', '2015-05-04 06:39:00', '2015-05-04 08:52:00', '2015-05-05 02:33:00', '2015-05-05 03:30:00', '2015-05-05 07:11:00', '2015-05-05 11:29:00', '2015-05-05 14:25:00', '2015-05-05 16:38:00', '2015-05-05 17:08:00', '2015-05-05 18:41:00', '2015-05-06 16:11:00', '2015-05-06 17:18:00', '2015-05-11 01:54:00', '2015-05-11 13:08:00']","['B3.9', 'B7.2', 'B6.4', 'B5.6', 'B8.8', 'C1.0', 'C1.2', 'B9.8', 'C1.8', 'B7.5', 'C2.2', 'C8.0', 'C1.5', 'C1.0', 'B9.7', 'C1.4', 'C2.1', 'C1.5', 'C2.5', 'C6.6', 'M1.3', 'C1.5', 'C1.9', 'C1.3', 'C1.5', 'C2.0', 'C1.2', 'C1.6']",2015-05-01 22:54:00,2015-05-11 13:14:00
566,5537,"['2015-05-04 03:03:00', '2015-05-05 04:03:00', '2015-05-11 06:48:00']","['C3.0', 'C5.1', 'C1.6']",2015-05-04 02:49:00,2015-05-11 06:57:00
567,5541,"['2015-05-06 20:16:00', '2015-05-06 20:23:00', '2015-05-07 03:26:00', '2015-05-07 04:33:00', '2015-05-07 06:31:00', '2015-05-07 10:02:00', '2015-05-07 15:30:00', '2015-05-07 16:54:00', '2015-05-07 20:00:00', '2015-05-07 23:15:00', '2015-05-08 04:09:00', '2015-05-08 04:45:00', '2015-05-08 05:01:00', '2015-05-08 09:32:00', '2015-05-08 09:40:00', '2015-05-08 15:01:00', '2015-05-08 19:55:00', '2015-05-08 21:50:00', '2015-05-09 08:13:00', '2015-05-09 14:00:00', '2015-05-09 16:35:00', '2015-05-09 19:06:00', '2015-05-10 03:29:00', '2015-05-10 08:29:00', '2015-05-10 13:03:00', '2015-05-10 17:11:00', '2015-05-10 21:55:00', '2015-05-10 23:43:00', '2015-05-11 12:13:00', '2015-05-11 17:47:00', '2015-05-11 18:42:00', '2015-05-12 03:02:00', '2015-05-12 04:32:00', '2015-05-12 10:46:00', '2015-05-12 11:51:00', '2015-05-13 02:55:00', '2015-05-13 03:51:00', '2015-05-13 11:11:00', '2015-05-13 18:18:00', '2015-05-14 05:17:00', '2015-05-14 07:31:00', '2015-05-14 16:31:00', '2015-05-14 17:53:00', '2015-05-15 02:02:00', '2015-05-15 03:21:00', '2015-05-15 05:25:00', '2015-05-15 08:43:00', '2015-05-15 09:12:00', '2015-05-15 23:29:00', '2015-05-16 17:00:00']","['C2.9', 'C3.0', 'C1.1', 'C1.2', 'C1.6', 'C4.3', 'C1.8', 'C2.8', 'C5.0', 'C1.7', 'C5.5', 'C1.0', 'C1.0', 'C1.0', 'C4.1', 'C1.4', 'C1.0', 'C2.0', 'C3.0', 'C1.6', 'C1.0', 'C1.1', 'C1.1', 'C1.9', 'C2.2', 'C2.4', 'C2.4', 'C2.1', 'C1.2', 'C1.1', 'C2.0', 'C2.6', 'C2.2', 'C1.7', 'C3.0', 'C1.2', 'C1.7', 'C3.2', 'C9.2', 'C1.3', 'C2.5', 'C2.1', 'C4.8', 'C1.1', 'B9.5', 'C1.1', 'C1.1', 'C1.2', 'C2.5', 'B8.6']",2015-05-06 20:19:00,2015-05-16 17:09:00
568,5545,"['2015-05-14 14:08:00', '2015-05-14 19:06:00', '2015-05-15 00:11:00', '2015-05-15 22:30:00', '2015-05-17 02:15:00', '2015-05-18 13:15:00']","['C2.8', 'C1.1', 'C2.6', 'C2.0', 'B8.6', 'B6.7']",2015-05-14 23:48:00,2015-05-18 13:18:00
569,5550,['2015-05-17 16:02:00'],['B9.1'],2015-05-17 15:59:00,2015-05-17 16:05:00
570,5571,"['2015-05-18 07:53:00', '2015-05-18 08:21:00', '2015-05-19 12:45:00', '2015-05-20 02:57:00', '2015-05-20 08:12:00', '2015-05-21 07:06:00', '2015-05-21 07:06:00', '2015-05-22 23:51:00', '2015-05-23 01:22:00', '2015-05-23 13:43:00', '2015-05-23 16:53:00', '2015-05-23 23:56:00']","['C1.0', 'C1.1', 'B7.6', 'B7.7', 'C1.6', 'C1.2', 'C1.1', 'C2.0', 'B4.0', 'B4.9', 'B6.0', 'B6.4']",2015-05-18 08:16:00,2015-05-24 00:01:00
571,5586,"['2015-05-19 11:59:00', '2015-05-20 04:04:00', '2015-05-20 15:07:00', '2015-05-25 19:57:00', '2015-05-26 11:49:00', '2015-05-27 10:42:00', '2015-05-28 01:56:00']","['C2.3', 'C1.3', 'B5.8', 'B7.4', 'B5.2', 'B4.0', 'B3.4']",2015-05-19 11:54:00,2015-05-28 02:01:00
572,5549,"['2015-05-20 18:36:00', '2015-05-21 03:43:00', '2015-05-21 05:37:00']","['B6.2', 'B6.5', 'B6.3']",2015-05-20 18:31:00,2015-05-21 05:53:00
573,5596,"['2015-05-22 16:45:00', '2015-05-23 03:33:00', '2015-05-23 07:22:00', '2015-05-23 16:30:00', '2015-05-23 17:39:00']","['B5.4', 'C1.0', 'C1.1', 'B3.9', 'C2.3']",2015-05-22 16:40:00,2015-05-23 17:41:00
574,5618,"['2015-05-30 05:49:00', '2015-05-30 06:57:00']","['B3.6', 'B3.6']",2015-05-30 05:44:00,2015-05-30 05:54:00
575,5635,['2015-06-02 10:17:00'],['B6.4'],2015-06-02 10:12:00,2015-06-02 10:28:00
576,5637,"['2015-06-03 21:48:00', '2015-06-07 11:49:00', '2015-06-09 03:53:00', '2015-06-10 01:41:00', '2015-06-10 22:11:00', '2015-06-11 02:43:00', '2015-06-11 05:03:00', '2015-06-11 08:20:00', '2015-06-11 08:41:00', '2015-06-12 00:50:00', '2015-06-12 02:06:00', '2015-06-12 11:58:00', '2015-06-12 15:34:00']","['C1.3', 'C1.3', 'C5.8', 'C2.5', 'C1.2', 'C4.6', 'C1.8', 'C1.3', 'C2.4', 'C2.2', 'C4.1', 'C2.9', 'C3.9']",2015-06-03 20:41:00,2015-06-12 00:54:00
577,5644,"['2015-06-05 17:34:00', '2015-06-06 01:36:00', '2015-06-06 07:12:00', '2015-06-07 02:15:00', '2015-06-07 10:36:00', '2015-06-07 14:49:00', '2015-06-08 22:58:00', '2015-06-10 06:49:00', '2015-06-10 16:52:00', '2015-06-11 18:21:00']","['C3.5', 'B9.3', 'C1.0', 'C1.0', 'C1.6', 'C1.0', 'B6.6', 'C1.2', 'C1.2', 'C1.5']",2015-06-05 17:24:00,2015-06-11 18:29:00
578,5653,"['2015-06-06 22:34:00', '2015-06-08 07:32:00', '2015-06-10 00:55:00', '2015-06-10 21:27:00', '2015-06-14 04:17:00']","['C2.2', 'B7.0', 'C1.8', 'C1.5', 'C5.9']",2015-06-06 22:26:00,2015-06-14 04:45:00
579,5658,"['2015-06-07 07:30:00', '2015-06-09 20:06:00']","['B8.9', 'C2.8']",2015-06-07 07:27:00,2015-06-09 20:20:00
580,5673,"['2015-06-12 13:13:00', '2015-06-12 19:19:00', '2015-06-14 20:52:00', '2015-06-17 22:53:00', '2015-06-18 00:24:00', '2015-06-18 06:31:00', '2015-06-18 14:07:00', '2015-06-20 19:12:00', '2015-06-21 09:44:00', '2015-06-21 13:33:00', '2015-06-21 14:32:00', '2015-06-21 16:40:00', '2015-06-21 18:20:00', '2015-06-21 22:40:00', '2015-06-22 05:19:00']","['C1.8', 'C1.1', 'C1.2', 'C5.3', 'C7.2', 'C2.3', 'C1.7', 'C1.2', 'M3.8', 'C1.3', 'C1.4', 'C2.6', 'M1.1', 'C6.5', 'C7.5']",2015-06-12 13:09:00,2015-06-22 05:40:00
581,5675,['2015-06-15 07:54:00'],['C1.7'],2015-06-15 07:50:00,2015-06-15 07:57:00
582,5692,"['2015-06-17 00:01:00', '2015-06-17 13:48:00', '2015-06-17 16:46:00', '2015-06-18 05:51:00', '2015-06-18 09:44:00', '2015-06-18 13:10:00', '2015-06-18 17:36:00', '2015-06-18 21:46:00', '2015-06-18 23:50:00', '2015-06-19 01:19:00', '2015-06-19 03:14:00', '2015-06-19 04:19:00', '2015-06-19 09:27:00', '2015-06-19 10:44:00', '2015-06-19 15:35:00', '2015-06-19 17:42:00', '2015-06-20 02:42:00', '2015-06-20 04:15:00', '2015-06-20 06:48:00', '2015-06-21 01:42:00', '2015-06-21 02:34:00', '2015-06-21 02:36:00', '2015-06-21 20:13:00', '2015-06-22 02:42:00', '2015-06-22 07:40:00', '2015-06-22 17:27:00', '2015-06-22 18:23:00', '2015-06-23 03:30:00', '2015-06-23 12:19:00', '2015-06-23 15:19:00', '2015-06-24 01:14:00', '2015-06-24 03:20:00', '2015-06-24 04:52:00', '2015-06-24 15:29:00', '2015-06-25 01:20:00', '2015-06-25 08:16:00', '2015-06-25 21:06:00', '2015-06-26 04:36:00', '2015-06-26 05:14:00', '2015-06-26 05:27:00', '2015-06-26 05:47:00', '2015-06-26 06:42:00', '2015-06-26 08:45:00', '2015-06-26 09:03:00', '2015-06-26 16:04:00', '2015-06-26 20:10:00', '2015-06-26 20:35:00']","['C3.2', 'C1.4', 'C1.0', 'C2.8', 'C1.1', 'C3.5', 'M3.0', 'C3.2', 'C2.4', 'C2.8', 'C2.1', 'C1.7', 'C8.1', 'C1.8', 'C1.8', 'C1.1', 'C2.3', 'C1.4', 'M1.0', 'M2.0', 'M2.7', 'M2.6', 'C1.5', 'C3.2', 'C1.6', 'C3.9', 'M6.5', 'C1.3', 'C1.9', 'B8.2', 'C1.1', 'C1.0', 'C1.0', 'C5.6', 'C1.3', 'M7.9', 'B7.4', 'B6.1', 'B7.9', 'C1.5', 'B7.4', 'C1.2', 'B5.9', 'B8.6', 'B7.9', 'B6.1', 'B5.3']",2015-06-16 23:31:00,2015-06-26 05:55:00
583,5718,"['2015-06-29 10:08:00', '2015-06-29 13:48:00', '2015-06-29 14:55:00', '2015-06-30 02:15:00', '2015-06-30 05:28:00', '2015-06-30 12:43:00', '2015-06-30 22:11:00', '2015-07-02 01:43:00', '2015-07-02 06:18:00', '2015-07-02 13:58:00', '2015-07-02 15:30:00', '2015-07-02 19:26:00', '2015-07-03 03:58:00', '2015-07-03 04:59:00', '2015-07-04 15:05:00']","['C1.5', 'C1.1', 'C2.3', 'B6.6', 'B7.5', 'C1.4', 'C1.0', 'C1.0', 'C1.4', 'C1.1', 'C3.7', 'C1.2', 'C1.4', 'C1.2', 'B5.5']",2015-06-29 13:42:00,2015-07-04 15:08:00
584,5738,"['2015-07-03 03:05:00', '2015-07-03 09:19:00', '2015-07-03 11:24:00', '2015-07-03 11:59:00', '2015-07-03 12:51:00', '2015-07-03 18:20:00', '2015-07-03 20:51:00', '2015-07-04 00:08:00', '2015-07-04 20:45:00', '2015-07-05 06:38:00', '2015-07-05 07:00:00']","['C5.6', 'C3.4', 'C1.7', 'B7.6', 'M1.5', 'B8.0', 'C1.3', 'C1.0', 'B6.4', 'B5.1', 'B6.7']",2015-07-03 09:10:00,2015-07-05 06:44:00
585,5745,"['2015-07-05 09:15:00', '2015-07-05 09:15:00', '2015-07-06 01:31:00', '2015-07-06 04:07:00', '2015-07-06 07:50:00', '2015-07-06 08:44:00', '2015-07-06 10:52:00', '2015-07-06 11:19:00', '2015-07-06 11:42:00', '2015-07-06 16:22:00', '2015-07-06 17:02:00', '2015-07-06 20:40:00', '2015-07-06 23:09:00', '2015-07-07 03:00:00', '2015-07-07 03:53:00', '2015-07-07 04:09:00', '2015-07-07 17:31:00', '2015-07-07 19:28:00', '2015-07-07 23:10:00', '2015-07-09 03:37:00', '2015-07-14 09:25:00']","['B7.4', 'B7.4', 'C1.4', 'C1.2', 'C2.5', 'M1.0', 'C1.3', 'C1.9', 'C5.7', 'C3.5', 'C4.9', 'M1.7', 'C1.5', 'C1.3', 'C1.1', 'C2.7', 'C1.4', 'C1.1', 'C1.5', 'C1.9', 'C1.0']",2015-07-05 09:03:00,2015-07-14 09:27:00
586,5758,['2015-07-10 01:26:00'],['B7.3'],2015-07-10 01:21:00,2015-07-10 01:30:00
587,5739,"['2015-07-10 16:13:00', '2015-07-10 23:45:00', '2015-07-11 18:36:00', '2015-07-11 23:17:00']","['C1.1', 'B7.1', 'C1.0', 'B9.2']",2015-07-10 16:07:00,2015-07-11 18:41:00
588,5772,"['2015-07-13 23:48:00', '2015-07-22 03:57:00']","['B6.3', 'B2.4']",2015-07-13 23:45:00,2015-07-22 04:01:00
589,5789,"['2015-07-16 21:11:00', '2015-07-17 15:59:00', '2015-07-21 12:20:00']","['B5.8', 'B5.1', 'B2.9']",2015-07-16 21:00:00,2015-07-21 12:25:00
590,5808,"['2015-07-24 14:44:00', '2015-07-24 20:49:00', '2015-07-24 23:39:00', '2015-07-26 09:23:00', '2015-07-26 10:24:00', '2015-07-26 11:37:00', '2015-07-26 12:34:00']","['C2.0', 'B4.6', 'B6.9', 'B4.0', 'B5.8', 'B6.1', 'C1.1']",2015-07-24 14:35:00,2015-07-26 11:39:00
591,5807,"['2015-07-27 03:43:00', '2015-07-27 12:39:00', '2015-07-28 00:42:00', '2015-07-31 04:02:00']","['B3.7', 'B3.9', 'B4.3', 'B5.9']",2015-07-27 03:40:00,2015-07-31 04:08:00
592,5823,"['2015-07-30 23:46:00', '2015-08-01 01:31:00']","['B5.7', 'B8.0']",2015-07-30 23:28:00,2015-08-01 01:37:00
593,5831,"['2015-08-01 17:51:00', '2015-08-01 21:03:00', '2015-08-05 04:51:00', '2015-08-07 16:01:00', '2015-08-08 15:15:00']","['B8.0', 'B4.3', 'B5.7', 'B6.7', 'B7.5']",2015-08-01 21:00:00,2015-08-08 15:23:00
594,5818,['2015-08-03 05:48:00'],['B5.4'],2015-08-03 05:37:00,2015-08-03 05:56:00
595,5848,"['2015-08-04 18:41:00', '2015-08-05 02:40:00', '2015-08-05 09:10:00', '2015-08-05 11:38:00', '2015-08-05 16:06:00', '2015-08-05 21:29:00', '2015-08-06 09:05:00', '2015-08-06 19:21:00', '2015-08-06 21:49:00', '2015-08-07 03:57:00', '2015-08-07 06:34:00', '2015-08-07 09:08:00', '2015-08-07 10:12:00', '2015-08-07 14:49:00', '2015-08-07 17:06:00', '2015-08-07 18:45:00', '2015-08-07 19:10:00', '2015-08-07 19:41:00', '2015-08-07 20:44:00', '2015-08-07 21:16:00', '2015-08-07 22:43:00', '2015-08-08 02:52:00', '2015-08-08 09:15:00', '2015-08-08 14:38:00', '2015-08-09 07:52:00', '2015-08-10 09:11:00', '2015-08-11 01:42:00', '2015-08-11 10:26:00', '2015-08-11 10:47:00', '2015-08-11 14:54:00', '2015-08-11 15:15:00', '2015-08-13 02:04:00']","['B4.4', 'B5.5', 'B5.2', 'B7.2', 'B7.3', 'B7.1', 'C1.0', 'C2.1', 'C1.5', 'C4.8', 'B6.7', 'C1.1', 'B8.4', 'C1.8', 'C1.9', 'C1.6', 'C3.4', 'C5.4', 'C1.0', 'C1.0', 'C1.7', 'C1.4', 'C1.6', 'C1.0', 'C4.2', 'B7.6', 'B3.2', 'B4.9', 'B4.9', 'B6.6', 'C1.0', 'B3.3']",2015-08-04 18:36:00,2015-08-13 02:07:00
596,5865,"['2015-08-11 17:00:00', '2015-08-13 10:45:00']","['B4.8', 'B5.8']",2015-08-11 16:56:00,2015-08-13 11:00:00
597,5880,"['2015-08-13 13:53:00', '2015-08-13 17:27:00', '2015-08-14 00:33:00', '2015-08-14 01:04:00', '2015-08-14 02:00:00', '2015-08-14 03:04:00', '2015-08-14 07:35:00', '2015-08-15 04:30:00', '2015-08-15 05:10:00', '2015-08-15 12:36:00', '2015-08-16 06:42:00', '2015-08-17 00:25:00', '2015-08-17 13:53:00', '2015-08-17 14:24:00', '2015-08-19 13:27:00']","['B2.9', 'B4.1', 'C1.1', 'C1.1', 'C1.9', 'C1.6', 'B5.2', 'B5.5', 'B4.3', 'C1.6', 'B2.8', 'B2.7', 'B2.1', 'B2.6', 'B6.1']",2015-08-13 17:24:00,2015-08-19 13:32:00
598,5885,"['2015-08-18 15:12:00', '2015-08-19 05:38:00', '2015-08-19 10:53:00', '2015-08-19 11:50:00', '2015-08-19 12:04:00', '2015-08-19 12:17:00', '2015-08-19 14:21:00', '2015-08-19 19:38:00', '2015-08-19 21:53:00', '2015-08-19 22:47:00', '2015-08-20 00:58:00', '2015-08-20 02:35:00', '2015-08-20 05:26:00', '2015-08-20 07:10:00', '2015-08-20 08:06:00', '2015-08-20 13:50:00', '2015-08-20 15:59:00', '2015-08-20 17:53:00', '2015-08-20 21:38:00', '2015-08-20 22:28:00', '2015-08-20 23:41:00', '2015-08-21 00:30:00', '2015-08-21 02:18:00', '2015-08-21 08:04:00', '2015-08-21 08:25:00', '2015-08-21 09:48:00', '2015-08-21 14:37:00', '2015-08-21 20:34:00', '2015-08-21 23:46:00', '2015-08-22 00:26:00', '2015-08-22 06:33:00', '2015-08-22 06:49:00', '2015-08-22 08:43:00', '2015-08-22 09:21:00', '2015-08-22 10:25:00', '2015-08-22 11:34:00', '2015-08-22 13:23:00', '2015-08-22 14:31:00', '2015-08-22 15:29:00', '2015-08-22 16:30:00', '2015-08-22 18:57:00', '2015-08-22 21:24:00', '2015-08-22 22:37:00', '2015-08-22 23:29:00', '2015-08-23 07:14:00', '2015-08-23 09:00:00', '2015-08-23 09:56:00', '2015-08-23 11:21:00', '2015-08-23 19:07:00', '2015-08-23 20:57:00', '2015-08-24 06:40:00', '2015-08-24 07:12:00', '2015-08-24 07:33:00', '2015-08-24 08:08:00', '2015-08-24 09:58:00', '2015-08-24 10:19:00', '2015-08-24 10:37:00', '2015-08-24 12:06:00', '2015-08-24 13:25:00', '2015-08-24 13:56:00', '2015-08-24 15:13:00', '2015-08-24 17:22:00', '2015-08-24 17:46:00', '2015-08-24 19:22:00', '2015-08-24 19:53:00', '2015-08-24 22:11:00', '2015-08-25 01:46:00', '2015-08-25 02:03:00', '2015-08-25 02:18:00', '2015-08-25 02:42:00', '2015-08-25 03:30:00', '2015-08-25 04:20:00', '2015-08-25 05:50:00', '2015-08-25 06:31:00', '2015-08-25 08:03:00', '2015-08-25 10:34:00', '2015-08-25 11:59:00', '2015-08-25 12:38:00', '2015-08-25 14:02:00', '2015-08-25 14:53:00', '2015-08-25 15:40:00', '2015-08-25 19:27:00', '2015-08-25 22:17:00', '2015-08-25 23:53:00', '2015-08-26 03:01:00', '2015-08-26 13:53:00', '2015-08-26 15:07:00', '2015-08-26 19:22:00', '2015-08-26 20:28:00', '2015-08-27 00:03:00', '2015-08-27 01:38:00', '2015-08-27 02:42:00', '2015-08-27 03:29:00', '2015-08-27 03:41:00', '2015-08-27 05:02:00', '2015-08-27 05:44:00', '2015-08-27 17:34:00', '2015-08-27 20:31:00', '2015-08-28 00:37:00', '2015-08-28 02:51:00', '2015-08-28 06:28:00', '2015-08-28 09:58:00', '2015-08-28 11:44:00', '2015-08-28 12:55:00', '2015-08-28 13:16:00', '2015-08-28 15:39:00', '2015-08-28 15:53:00', '2015-08-28 17:19:00', '2015-08-28 17:38:00', '2015-08-28 18:44:00']","['B4.3', 'B4.8', 'B6.8', 'B3.0', 'B3.6', 'B5.4', 'B6.4', 'B4.6', 'B4.0', 'B5.1', 'B5.5', 'B4.2', 'C3.4', 'C1.7', 'C1.6', 'B8.2', 'C1.1', 'B9.6', 'C1.3', 'B8.9', 'C1.1', 'B9.7', 'M1.2', 'B9.1', 'C1.2', 'M1.4', 'C1.2', 'M1.1', 'C1.3', 'C2.0', 'C5.1', 'M1.2', 'C6.7', 'C5.1', 'C6.3', 'C3.4', 'M2.2', 'C2.2', 'C1.6', 'C1.6', 'C2.2', 'M3.5', 'C1.5', 'C2.7', 'C6.6', 'C2.4', 'B9.8', 'C1.7', 'C3.9', 'C2.2', 'C1.3', 'C6.7', 'M5.6', 'C2.8', 'C1.5', 'C1.6', 'C1.1', 'C2.5', 'C1.6', 'C2.1', 'C5.8', 'C1.3', 'M1.0', 'C1.3', 'C1.2', 'C1.4', 'B7.6', 'B9.2', 'B8.2', 'C3.6', 'B8.7', 'C1.1', 'B8.5', 'C4.3', 'C2.3', 'C1.7', 'C2.3', 'C1.3', 'B9.5', 'C1.1', 'B9.7', 'C2.2', 'B9.1', 'C2.8', 'C1.5', 'C9.5', 'C5.0', 'C1.7', 'C1.3', 'C2.4', 'C1.2', 'C1.0', 'C1.3', 'C1.0', 'C2.5', 'M2.9', 'B7.1', 'C1.4', 'C1.2', 'C8.0', 'C4.5', 'C1.3', 'C5.3', 'C2.6', 'M2.2', 'C1.2', 'C1.5', 'B9.5', 'C2.0', 'C1.1']",2015-08-18 14:53:00,2015-08-28 18:55:00
599,5916,"['2015-08-28 21:39:00', '2015-08-29 14:20:00', '2015-08-30 13:51:00', '2015-08-31 14:38:00']","['C1.7', 'C1.4', 'C1.0', 'B4.5']",2015-08-28 21:27:00,2015-08-31 14:47:00
600,5935,"['2015-09-04 05:18:00', '2015-09-05 10:10:00']","['B4.4', 'B2.2']",2015-09-04 05:13:00,2015-09-05 10:13:00
601,5939,['2015-09-05 02:15:00'],['B3.0'],2015-09-05 02:11:00,2015-09-05 02:20:00
602,5944,"['2015-09-11 16:46:00', '2015-09-11 21:37:00', '2015-09-13 04:20:00', '2015-09-13 05:24:00']","['B4.3', 'C1.3', 'B6.4', 'B6.1']",2015-09-11 21:30:00,2015-09-13 05:33:00
603,5956,"['2015-09-11 21:07:00', '2015-09-14 00:42:00', '2015-09-14 02:54:00', '2015-09-14 17:43:00', '2015-09-14 22:19:00', '2015-09-15 00:21:00', '2015-09-15 01:20:00', '2015-09-15 01:59:00', '2015-09-15 02:20:00', '2015-09-15 02:58:00', '2015-09-15 05:19:00', '2015-09-15 14:51:00', '2015-09-16 02:24:00', '2015-09-16 09:59:00', '2015-09-16 13:41:00', '2015-09-16 15:28:00', '2015-09-16 19:20:00', '2015-09-16 22:22:00', '2015-09-16 23:57:00', '2015-09-17 01:29:00', '2015-09-17 03:03:00', '2015-09-17 03:14:00', '2015-09-17 09:06:00', '2015-09-17 09:40:00', '2015-09-17 11:15:00', '2015-09-17 15:55:00', '2015-09-17 17:26:00', '2015-09-17 18:18:00', '2015-09-17 19:22:00', '2015-09-17 19:54:00', '2015-09-17 21:15:00', '2015-09-17 22:37:00', '2015-09-17 23:00:00', '2015-09-18 01:12:00', '2015-09-18 04:04:00', '2015-09-18 06:31:00', '2015-09-18 11:36:00', '2015-09-18 13:13:00', '2015-09-18 15:17:00', '2015-09-18 22:04:00', '2015-09-19 11:20:00', '2015-09-19 17:12:00', '2015-09-20 09:34:00', '2015-09-20 14:14:00', '2015-09-20 23:28:00', '2015-09-21 14:50:00']","['B3.6', 'B5.7', 'B3.5', 'B9.6', 'B5.8', 'B8.7', 'B5.5', 'B7.7', 'C1.0', 'C1.2', 'C1.3', 'C1.0', 'C3.0', 'C1.2', 'B9.3', 'C3.0', 'C7.8', 'C1.0', 'C6.0', 'C2.4', 'C9.5', 'C4.9', 'C1.3', 'M1.1', 'B6.5', 'B8.5', 'C1.3', 'C3.2', 'C1.6', 'C3.3', 'C6.7', 'B8.0', 'C3.9', 'C1.3', 'C1.0', 'C2.6', 'C1.4', 'B9.1', 'B6.1', 'B8.2', 'B5.8', 'C1.5', 'C2.6', 'C1.4', 'B8.2', 'B5.3']",2015-09-11 21:03:00,2015-09-21 14:54:00
604,5963,['2015-09-19 21:46:00'],['C2.4'],2015-09-19 21:08:00,2015-09-19 21:55:00
605,5974,"['2015-09-21 18:53:00', '2015-09-22 15:01:00', '2015-09-22 15:44:00']","['B5.4', 'B4.5', 'B4.7']",2015-09-21 18:52:00,2015-09-22 15:51:00
606,5983,"['2015-09-23 11:38:00', '2015-09-23 13:00:00', '2015-09-23 14:48:00', '2015-09-23 15:43:00', '2015-09-23 17:42:00', '2015-09-23 19:48:00', '2015-09-23 22:32:00', '2015-09-24 03:14:00', '2015-09-24 21:46:00', '2015-09-24 23:06:00', '2015-09-25 02:23:00', '2015-09-25 17:01:00', '2015-09-25 20:20:00', '2015-09-25 22:38:00', '2015-09-26 01:29:00', '2015-09-26 04:21:00', '2015-09-26 06:38:00', '2015-09-26 12:55:00', '2015-09-26 20:34:00', '2015-09-27 07:58:00', '2015-09-27 10:40:00', '2015-09-27 12:26:00', '2015-09-27 12:52:00', '2015-09-27 13:46:00', '2015-09-27 15:38:00', '2015-09-27 16:16:00', '2015-09-27 16:49:00', '2015-09-27 17:46:00', '2015-09-27 19:58:00', '2015-09-27 21:00:00', '2015-09-27 23:21:00', '2015-09-28 07:35:00', '2015-09-28 11:32:00', '2015-09-28 13:18:00', '2015-09-28 14:33:00', '2015-09-28 14:58:00', '2015-09-28 16:45:00', '2015-09-28 17:11:00', '2015-09-28 21:44:00', '2015-09-28 23:45:00', '2015-09-29 00:52:00', '2015-09-29 03:43:00', '2015-09-29 05:16:00', '2015-09-29 06:18:00', '2015-09-29 06:43:00', '2015-09-29 09:26:00', '2015-09-29 11:15:00', '2015-09-29 13:04:00', '2015-09-29 17:42:00', '2015-09-29 19:24:00', '2015-09-29 23:06:00', '2015-09-30 03:02:00', '2015-09-30 04:29:00', '2015-09-30 06:55:00', '2015-09-30 10:59:00', '2015-09-30 11:39:00', '2015-09-30 13:20:00', '2015-09-30 22:01:00', '2015-09-30 22:11:00', '2015-09-30 23:43:00', '2015-10-01 02:15:00', '2015-10-01 09:34:00', '2015-10-01 08:35:00', '2015-10-01 09:34:00', '2015-10-01 13:10:00', '2015-10-01 21:24:00', '2015-10-02 00:13:00']","['C1.2', 'B6.9', 'C1.5', 'B5.4', 'B8.8', 'C1.1', 'B6.3', 'B6.4', 'C1.8', 'B5.4', 'B9.6', 'B9.8', 'C1.1', 'B8.4', 'C1.5', 'C1.0', 'B8.6', 'C1.1', 'B7.4', 'C2.1', 'M1.9', 'C2.4', 'C2.4', 'C2.2', 'C5.4', 'C2.0', 'C4.3', 'C4.2', 'C9.3', 'M1.0', 'C7.9', 'M1.1', 'C8.5', 'M1.1', 'C9.8', 'M7.6', 'C3.4', 'C2.8', 'C4.3', 'C2.0', 'C2.4', 'M1.1', 'M2.9', 'C8.6', 'M1.4', 'C5.2', 'M1.6', 'C4.6', 'C5.0', 'M1.1', 'C3.7', 'C6.7', 'C3.2', 'C5.9', 'M1.3', 'C4.4', 'M1.1', 'C1.4', 'C2.4', 'C1.7', 'C6.3', 'C7.6', 'C3.5', 'C7.7', 'M4.5', 'C3.7', 'M5.5']",2015-09-23 11:34:00,2015-10-02 00:17:00
607,5976,"['2015-09-24 04:51:00', '2015-09-24 08:01:00', '2015-09-24 11:35:00', '2015-09-24 18:54:00', '2015-09-24 23:47:00', '2015-09-27 19:58:00']","['B6.6', 'B5.1', 'B6.1', 'B5.9', 'C3.3', 'C9.4']",2015-09-24 11:31:00,2015-09-27 20:05:00
608,5982,"['2015-09-27 13:34:00', '2015-09-27 18:53:00', '2015-09-28 03:55:00']","['C1.4', 'C4.1', 'M3.6']",2015-09-27 13:30:00,2015-09-28 03:59:00
609,5990,['2015-09-29 04:46:00'],['C5.1'],2015-09-29 04:41:00,2015-09-29 04:55:00
610,5991,"['2015-10-03 00:19:00', '2015-10-03 03:21:00', '2015-10-03 20:32:00', '2015-10-03 23:12:00', '2015-10-04 16:18:00', '2015-10-06 11:14:00']","['C2.5', 'C1.3', 'B7.9', 'B8.5', 'B7.2', 'B1.7']",2015-10-03 00:11:00,2015-10-06 11:26:00
611,6006,"['2015-10-10 11:04:00', '2015-10-14 15:54:00']","['B1.5', 'B7.6']",2015-10-10 10:58:00,2015-10-14 16:02:00
612,6015,"['2015-10-15 01:53:00', '2015-10-15 03:45:00', '2015-10-15 06:30:00', '2015-10-15 06:47:00', '2015-10-15 07:46:00', '2015-10-15 09:04:00', '2015-10-15 10:15:00', '2015-10-15 10:48:00', '2015-10-15 12:28:00', '2015-10-15 13:25:00', '2015-10-15 13:49:00', '2015-10-15 16:17:00', '2015-10-15 18:38:00', '2015-10-15 19:19:00', '2015-10-15 19:32:00', '2015-10-15 19:56:00', '2015-10-15 21:41:00', '2015-10-15 23:05:00', '2015-10-15 23:31:00', '2015-10-16 04:49:00', '2015-10-16 09:03:00', '2015-10-16 10:02:00', '2015-10-16 10:20:00', '2015-10-16 13:07:00', '2015-10-16 13:42:00', '2015-10-16 19:52:00', '2015-10-16 21:58:00', '2015-10-17 02:48:00', '2015-10-17 06:29:00', '2015-10-17 12:35:00', '2015-10-17 12:49:00', '2015-10-17 16:56:00', '2015-10-17 21:19:00', '2015-10-19 04:40:00', '2015-10-19 13:43:00', '2015-10-19 18:43:00', '2015-10-22 03:40:00', '2015-10-24 04:28:00', '2015-10-24 12:29:00', '2015-10-24 15:16:00', '2015-10-24 21:30:00', '2015-10-25 00:03:00', '2015-10-25 05:16:00']","['C1.5', 'B8.0', 'B9.9', 'C1.7', 'C1.1', 'B5.9', 'B6.2', 'C2.7', 'C1.1', 'C1.1', 'C3.6', 'C2.2', 'C3.9', 'C1.0', 'C1.1', 'C3.4', 'C3.1', 'C4.9', 'M1.1', 'B9.4', 'C3.4', 'B8.3', 'C3.1', 'C3.8', 'C4.2', 'B7.8', 'C1.1', 'C1.3', 'C2.5', 'C4.5', 'C2.3', 'C1.0', 'C4.7', 'C1.4', 'C1.9', 'C1.8', 'C4.4', 'C1.9', 'B5.8', 'C1.0', 'C1.3', 'B9.7', 'B9.2']",2015-10-15 10:11:00,2015-10-25 00:41:00
613,6026,"['2015-10-18 20:08:00', '2015-10-20 04:04:00', '2015-10-20 13:59:00', '2015-10-26 10:29:00', '2015-10-27 15:49:00', '2015-10-28 08:39:00']","['C1.4', 'C1.2', 'C1.1', 'C2.1', 'C2.3', 'C1.6']",2015-10-18 20:02:00,2015-10-28 08:47:00
614,6027,"['2015-10-19 09:37:00', '2015-10-19 17:27:00', '2015-10-19 17:48:00', '2015-10-19 21:52:00', '2015-10-20 05:01:00', '2015-10-20 07:27:00', '2015-10-20 12:29:00', '2015-10-20 13:26:00', '2015-10-21 00:19:00', '2015-10-21 01:49:00', '2015-10-21 02:09:00', '2015-10-21 04:34:00', '2015-10-21 05:37:00', '2015-10-21 12:00:00', '2015-10-21 13:58:00', '2015-10-21 14:31:00', '2015-10-23 06:41:00', '2015-10-23 14:35:00', '2015-10-24 13:30:00', '2015-10-26 01:12:00', '2015-10-27 05:14:00', '2015-10-28 09:37:00', '2015-10-28 10:23:00']","['C1.2', 'C3.9', 'C1.3', 'B9.6', 'C1.0', 'C1.0', 'B7.6', 'B8.5', 'C1.7', 'B8.0', 'C1.6', 'C6.3', 'C2.7', 'C2.6', 'C1.7', 'C1.1', 'B5.9', 'B9.0', 'B7.7', 'B7.2', 'C1.0', 'C1.9', 'C1.8']",2015-10-19 17:23:00,2015-10-28 10:55:00
615,6054,['2015-10-29 01:25:00'],['C1.1'],2015-10-29 01:03:00,2015-10-29 01:40:00
616,6063,"['2015-10-30 10:18:00', '2015-10-30 11:54:00', '2015-10-30 14:22:00', '2015-10-30 16:25:00', '2015-10-30 20:16:00', '2015-10-31 00:28:00', '2015-10-31 06:35:00', '2015-10-31 08:39:00', '2015-10-31 10:22:00', '2015-10-31 13:02:00', '2015-10-31 15:02:00', '2015-10-31 15:53:00', '2015-10-31 17:28:00', '2015-10-31 17:52:00', '2015-10-31 19:07:00', '2015-10-31 19:33:00', '2015-10-31 20:44:00', '2015-10-31 21:18:00', '2015-10-31 23:04:00', '2015-10-31 23:59:00', '2015-11-01 00:27:00', '2015-11-01 01:15:00', '2015-11-01 01:58:00', '2015-11-01 03:39:00', '2015-11-01 05:12:00', '2015-11-01 06:28:00', '2015-11-01 09:21:00', '2015-11-01 10:21:00', '2015-11-01 12:06:00', '2015-11-01 12:59:00', '2015-11-01 16:43:00', '2015-11-01 19:42:00', '2015-11-01 20:23:00', '2015-11-01 23:14:00', '2015-11-02 15:00:00', '2015-11-03 00:53:00', '2015-11-03 14:00:00', '2015-11-03 19:09:00', '2015-11-03 21:56:00', '2015-11-04 02:18:00', '2015-11-04 03:59:00', '2015-11-04 10:32:00', '2015-11-04 13:52:00', '2015-11-05 20:09:00']","['C4.6', 'C2.4', 'C5.9', 'C5.2', 'C7.8', 'C1.9', 'C3.8', 'C1.7', 'C1.5', 'C1.4', 'C5.2', 'C1.9', 'C2.1', 'M1.0', 'C6.6', 'C9.9', 'C2.7', 'C5.8', 'C6.1', 'C2.7', 'C6.5', 'C6.2', 'C1.5', 'C5.6', 'C1.8', 'C2.4', 'C1.1', 'B9.2', 'C1.3', 'C1.0', 'C5.0', 'C1.8', 'C4.9', 'C6.4', 'C5.0', 'C2.3', 'C1.4', 'C5.5', 'B9.8', 'C1.1', 'C1.4', 'C1.1', 'M3.7', 'B7.5']",2015-10-30 14:14:00,2015-11-05 20:26:00
617,6052,"['2015-11-02 00:50:00', '2015-11-02 05:12:00', '2015-11-02 06:37:00', '2015-11-02 10:00:00', '2015-11-02 13:19:00', '2015-11-02 17:33:00', '2015-11-03 17:00:00']","['C6.3', 'C2.2', 'C3.3', 'C7.2', 'C1.8', 'C2.0', 'C3.9']",2015-11-02 05:06:00,2015-11-03 17:05:00
618,6075,"['2015-11-06 09:19:00', '2015-11-07 00:21:00']","['C1.0', 'C3.0']",2015-11-06 09:00:00,2015-11-07 00:29:00
619,6078,"['2015-11-07 23:21:00', '2015-11-08 02:35:00', '2015-11-09 13:12:00', '2015-11-10 03:28:00', '2015-11-15 14:25:00']","['C2.5', 'B5.6', 'M3.9', 'B6.7', 'B5.4']",2015-11-07 22:59:00,2015-11-15 14:31:00
620,6084,"['2015-11-12 19:26:00', '2015-11-13 01:28:00']","['B3.9', 'C1.2']",2015-11-12 19:20:00,2015-11-13 01:36:00
621,6100,"['2015-11-17 13:29:00', '2015-11-17 14:50:00', '2015-11-17 15:19:00', '2015-11-17 15:54:00', '2015-11-21 13:24:00', '2015-11-21 13:53:00', '2015-11-21 17:11:00', '2015-11-21 17:44:00', '2015-11-21 19:42:00', '2015-11-22 02:10:00', '2015-11-22 03:21:00', '2015-11-22 05:38:00', '2015-11-22 12:45:00', '2015-11-22 16:57:00', '2015-11-22 18:45:00', '2015-11-22 19:00:00', '2015-11-22 22:46:00', '2015-11-23 00:48:00', '2015-11-23 02:28:00', '2015-11-23 18:20:00']","['B5.8', 'B5.3', 'B5.1', 'C1.1', 'C2.0', 'C3.3', 'B8.7', 'C1.6', 'C1.0', 'C5.1', 'C1.2', 'C5.6', 'C1.4', 'C2.0', 'C1.6', 'C1.3', 'C2.6', 'C1.6', 'C8.7', 'B8.2']",2015-11-17 15:16:00,2015-11-23 02:54:00
622,6107,['2015-11-20 12:58:00'],['B7.3'],2015-11-20 12:26:00,2015-11-20 13:02:00
623,6124,"['2015-11-21 02:14:00', '2015-11-21 03:41:00', '2015-11-21 22:21:00', '2015-11-22 10:23:00', '2015-11-22 13:51:00', '2015-11-28 11:34:00']","['C1.6', 'B7.3', 'C1.1', 'C2.4', 'B7.3', 'B6.0']",2015-11-21 02:10:00,2015-11-28 12:15:00
624,6140,"['2015-11-27 13:42:00', '2015-11-29 07:37:00', '2015-12-03 17:38:00']","['B4.2', 'B6.3', 'B3.3']",2015-11-27 13:35:00,2015-12-03 17:51:00
625,6136,"['2015-11-30 08:50:00', '2015-11-30 17:06:00', '2015-11-30 21:50:00', '2015-12-01 04:08:00', '2015-12-01 06:31:00', '2015-12-01 08:10:00', '2015-12-01 14:34:00', '2015-12-02 04:46:00', '2015-12-02 18:35:00', '2015-12-03 06:28:00']","['B8.7', 'C1.0', 'B7.5', 'C1.0', 'B4.1', 'C3.6', 'B3.4', 'C2.2', 'B8.1', 'C1.2']",2015-11-30 21:14:00,2015-12-03 06:45:00
626,6154,"['2015-12-04 17:10:00', '2015-12-07 18:26:00']","['C4.0', 'B4.2']",2015-12-04 16:53:00,2015-12-07 18:32:00
627,6155,"['2015-12-04 23:02:00', '2015-12-05 07:59:00', '2015-12-05 10:47:00', '2015-12-05 13:19:00', '2015-12-05 16:23:00', '2015-12-05 23:17:00', '2015-12-06 03:26:00', '2015-12-06 06:51:00', '2015-12-06 06:51:00', '2015-12-06 21:08:00', '2015-12-07 03:30:00', '2015-12-07 22:50:00', '2015-12-08 09:16:00', '2015-12-08 17:24:00', '2015-12-08 22:55:00', '2015-12-09 03:40:00', '2015-12-09 08:58:00', '2015-12-09 09:24:00', '2015-12-09 09:35:00', '2015-12-09 11:00:00', '2015-12-09 12:12:00', '2015-12-11 00:36:00', '2015-12-12 04:31:00', '2015-12-12 09:25:00', '2015-12-13 21:46:00']","['B7.7', 'B3.9', 'B4.4', 'B4.1', 'C1.9', 'B8.3', 'B7.4', 'B7.5', 'B8.1', 'C1.1', 'B7.6', 'C1.0', 'B3.6', 'C1.0', 'C4.5', 'C1.4', 'B6.7', 'B4.7', 'B6.4', 'C1.2', 'C1.2', 'B7.8', 'C1.8', 'C1.3', 'B7.6']",2015-12-04 22:56:00,2015-12-13 21:51:00
628,6167,"['2015-12-10 17:05:00', '2015-12-11 03:07:00', '2015-12-11 17:16:00', '2015-12-12 03:16:00', '2015-12-12 17:34:00']","['B5.7', 'B8.1', 'C5.6', 'C2.0', 'C1.7']",2015-12-10 16:47:00,2015-12-12 17:52:00
629,6172,"['2015-12-11 02:51:00', '2015-12-11 04:47:00', '2015-12-12 05:28:00', '2015-12-12 11:45:00', '2015-12-13 10:34:00', '2015-12-14 14:41:00', '2015-12-15 20:34:00', '2015-12-15 22:00:00', '2015-12-16 09:03:00', '2015-12-17 21:04:00', '2015-12-18 15:34:00', '2015-12-19 02:04:00', '2015-12-19 04:55:00', '2015-12-20 19:44:00']","['B5.7', 'C1.4', 'C5.2', 'C2.1', 'C5.3', 'B9.0', 'B5.9', 'C1.2', 'C6.6', 'B8.2', 'B6.1', 'C3.1', 'B8.3', 'C2.4']",2015-12-11 04:22:00,2015-12-20 19:58:00
630,6178,"['2015-12-14 00:14:00', '2015-12-14 14:08:00', '2015-12-17 03:41:00', '2015-12-17 05:33:00', '2015-12-17 12:35:00', '2015-12-18 04:00:00', '2015-12-18 05:09:00', '2015-12-19 10:51:00', '2015-12-19 17:10:00', '2015-12-19 22:28:00', '2015-12-20 07:56:00', '2015-12-20 10:38:00', '2015-12-21 22:26:00']","['C1.0', 'B7.6', 'B7.6', 'C1.3', 'C1.7', 'C1.4', 'C4.6', 'C1.6', 'C1.1', 'C4.5', 'C1.2', 'C1.2', 'C1.1']",2015-12-14 00:06:00,2015-12-21 22:28:00
631,6206,"['2015-12-22 14:41:00', '2015-12-22 18:32:00', '2015-12-23 00:40:00', '2015-12-23 17:44:00', '2015-12-24 02:12:00', '2015-12-25 05:17:00', '2015-12-25 09:38:00', '2015-12-25 12:45:00', '2015-12-25 13:14:00', '2015-12-25 23:00:00', '2015-12-26 01:53:00', '2015-12-26 05:10:00', '2015-12-26 09:53:00', '2015-12-26 12:03:00', '2015-12-26 15:26:00', '2015-12-28 12:45:00', '2015-12-28 15:31:00', '2015-12-28 17:01:00', '2015-12-28 22:49:00', '2015-12-29 10:32:00', '2015-12-29 15:36:00', '2015-12-29 20:19:00', '2015-12-30 14:17:00', '2015-12-30 18:18:00', '2015-12-30 19:05:00', '2015-12-30 20:07:00', '2015-12-30 22:45:00', '2015-12-31 02:18:00', '2015-12-31 03:23:00', '2015-12-31 08:29:00', '2015-12-31 13:26:00', '2015-12-31 17:25:00', '2015-12-31 20:11:00', '2015-12-31 23:05:00', '2015-12-31 23:21:00', '2016-01-01 06:38:00', '2016-01-01 09:48:00', '2016-01-01 17:36:00', '2016-01-01 20:21:00']","['C4.1', 'C1.4', 'M4.7', 'C1.3', 'M1.1', 'C1.5', 'C2.0', 'C1.0', 'C1.1', 'C3.0', 'C1.6', 'C7.8', 'B8.3', 'C1.2', 'C4.1', 'M1.8', 'C7.5', 'C4.1', 'C2.8', 'C6.8', 'B8.3', 'C2.5', 'B9.1', 'B5.9', 'C1.1', 'B7.0', 'C4.3', 'B5.2', 'B4.5', 'B5.8', 'B7.4', 'C1.4', 'C1.6', 'B6.1', 'B6.7', 'C2.3', 'C2.4', 'B8.4', 'B5.5']",2015-12-22 14:17:00,2016-01-01 09:56:00
632,6205,"['2015-12-23 04:14:00', '2015-12-24 00:46:00', '2015-12-24 11:07:00', '2015-12-25 17:29:00', '2015-12-29 01:06:00']","['C7.5', 'C1.7', 'C2.0', 'C6.9', 'C1.4']",2015-12-23 04:02:00,2015-12-29 01:26:00
633,6224,"['2016-01-03 20:24:00', '2016-01-05 23:37:00', '2016-01-06 00:25:00']","['B4.7', 'B6.3', 'B4.4']",2016-01-03 20:20:00,2016-01-06 00:37:00
634,6231,['2016-01-04 06:21:00'],['B4.1'],2016-01-04 06:17:00,2016-01-04 06:24:00
635,6242,"['2016-01-07 12:39:00', '2016-01-11 17:14:00', '2016-01-11 21:14:00', '2016-01-12 13:53:00', '2016-01-12 22:31:00', '2016-01-13 11:22:00', '2016-01-14 00:01:00', '2016-01-14 10:08:00', '2016-01-15 02:39:00', '2016-01-15 11:40:00', '2016-01-15 12:16:00', '2016-01-15 13:28:00', '2016-01-15 13:55:00', '2016-01-15 15:25:00', '2016-01-15 17:45:00', '2016-01-15 20:02:00', '2016-01-15 22:03:00', '2016-01-16 00:17:00', '2016-01-16 01:31:00', '2016-01-16 03:36:00', '2016-01-16 06:57:00', '2016-01-16 11:18:00', '2016-01-16 13:24:00', '2016-01-16 20:09:00']","['B4.3', 'B4.4', 'B4.9', 'B5.3', 'B4.0', 'B2.5', 'B2.5', 'B3.7', 'C2.8', 'B4.2', 'C1.0', 'B5.1', 'B3.2', 'C1.7', 'B4.4', 'B8.6', 'C1.1', 'B5.6', 'B3.2', 'B8.7', 'B6.0', 'B4.5', 'B3.5', 'B4.2']",2016-01-07 12:36:00,2016-01-16 03:39:00
636,6247,"['2016-01-08 00:21:00', '2016-01-08 04:14:00']","['B4.2', 'B4.5']",2016-01-08 00:04:00,2016-01-08 00:28:00
637,6250,['2016-01-08 11:31:00'],['B8.6'],2016-01-08 11:23:00,2016-01-08 11:41:00
638,6246,"['2016-01-10 17:13:00', '2016-01-12 09:07:00', '2016-01-13 07:25:00']","['B4.2', 'B6.8', 'B3.9']",2016-01-10 17:09:00,2016-01-13 07:43:00
639,6273,"['2016-01-17 10:49:00', '2016-01-18 16:25:00', '2016-01-19 09:00:00']","['B3.7', 'B3.9', 'B2.9']",2016-01-17 10:36:00,2016-01-19 09:06:00
640,6258,"['2016-01-20 01:02:00', '2016-01-20 04:46:00', '2016-01-20 07:34:00', '2016-01-20 08:49:00', '2016-01-20 09:18:00']","['B3.7', 'B6.6', 'C1.3', 'B5.2', 'B8.4']",2016-01-20 09:11:00,2016-01-20 04:52:00
641,6281,"['2016-01-20 11:19:00', '2016-01-20 14:32:00', '2016-01-20 17:09:00', '2016-01-20 17:41:00', '2016-01-21 01:45:00', '2016-01-21 13:51:00', '2016-01-23 00:57:00', '2016-01-24 00:05:00']","['B9.6', 'C1.3', 'B4.8', 'B3.8', 'C2.9', 'C1.4', 'B4.3', 'B4.5']",2016-01-20 17:04:00,2016-01-24 00:09:00
642,6289,"['2016-01-21 05:44:00', '2016-01-22 23:52:00', '2016-01-24 04:55:00', '2016-01-24 22:17:00', '2016-01-28 05:23:00', '2016-01-28 07:02:00', '2016-01-28 12:02:00', '2016-01-28 21:57:00', '2016-01-29 04:29:00', '2016-01-29 08:18:00', '2016-01-29 15:00:00', '2016-01-29 16:41:00', '2016-01-29 17:44:00']","['C1.3', 'B7.1', 'C1.4', 'B7.4', 'C5.3', 'C2.8', 'C9.6', 'C3.3', 'C2.0', 'C3.5', 'B8.8', 'C1.2', 'B4.1']",2016-01-21 05:36:00,2016-01-29 16:49:00
643,6301,"['2016-01-25 06:54:00', '2016-01-25 07:55:00', '2016-01-25 08:17:00', '2016-01-25 09:07:00', '2016-01-25 10:33:00', '2016-01-25 21:58:00', '2016-01-26 02:01:00', '2016-01-26 03:05:00', '2016-01-26 04:56:00', '2016-01-27 05:37:00', '2016-01-27 13:30:00', '2016-01-28 03:22:00', '2016-01-31 16:01:00']","['B8.0', 'B4.9', 'B4.6', 'C1.4', 'C1.0', 'B4.7', 'B5.3', 'B7.3', 'B5.3', 'B9.4', 'C1.0', 'B6.1', 'B4.3']",2016-01-25 09:00:00,2016-01-31 16:10:00
644,6302,"['2016-01-27 20:31:00', '2016-01-29 03:38:00', '2016-02-03 02:35:00', '2016-02-03 04:59:00', '2016-02-04 07:13:00', '2016-02-04 19:55:00']","['B5.2', 'B8.7', 'B7.8', 'B6.8', 'C1.1', 'C1.1']",2016-01-27 20:28:00,2016-02-04 19:59:00
645,6317,"['2016-02-03 12:23:00', '2016-02-08 05:29:00', '2016-02-08 16:18:00', '2016-02-09 00:31:00', '2016-02-09 12:06:00', '2016-02-09 12:28:00', '2016-02-09 17:47:00', '2016-02-11 23:59:00', '2016-02-12 06:36:00']","['C1.0', 'C1.6', 'B7.8', 'B7.4', 'B5.6', 'B6.7', 'B5.6', 'C1.2', 'C2.1']",2016-02-03 12:03:00,2016-02-12 06:55:00
646,6319,"['2016-02-03 16:34:00', '2016-02-03 18:33:00', '2016-02-03 22:10:00']","['C1.4', 'B7.5', 'C1.1']",2016-02-03 22:05:00,2016-02-03 18:40:00
647,6320,"['2016-02-04 02:15:00', '2016-02-04 09:20:00', '2016-02-04 12:21:00', '2016-02-04 14:42:00', '2016-02-04 16:49:00', '2016-02-04 18:22:00', '2016-02-04 22:44:00', '2016-02-05 00:56:00', '2016-02-05 07:22:00', '2016-02-06 03:11:00', '2016-02-06 04:21:00', '2016-02-06 15:51:00', '2016-02-06 19:38:00', '2016-02-06 21:51:00', '2016-02-06 22:44:00', '2016-02-07 01:58:00', '2016-02-09 19:39:00']","['C1.0', 'B8.9', 'C2.4', 'C2.1', 'C3.6', 'C5.1', 'B8.6', 'C3.0', 'C2.9', 'C1.1', 'B8.5', 'B6.6', 'C1.0', 'B7.8', 'C1.5', 'B8.2', 'B9.1']",2016-02-04 02:11:00,2016-02-09 19:47:00
648,6313,['2016-02-05 03:26:00'],['B8.4'],2016-02-05 03:22:00,2016-02-05 03:32:00
649,6327,"['2016-02-07 04:45:00', '2016-02-07 10:35:00', '2016-02-07 12:02:00', '2016-02-08 08:52:00', '2016-02-10 02:50:00', '2016-02-10 08:01:00', '2016-02-10 15:22:00', '2016-02-10 20:48:00', '2016-02-10 22:35:00', '2016-02-11 04:13:00', '2016-02-11 16:49:00', '2016-02-11 21:03:00', '2016-02-12 00:53:00', '2016-02-12 10:47:00', '2016-02-12 17:21:00', '2016-02-12 21:10:00', '2016-02-12 22:15:00', '2016-02-12 22:39:00', '2016-02-13 00:26:00', '2016-02-13 01:03:00', '2016-02-13 06:50:00', '2016-02-13 08:31:00', '2016-02-13 10:09:00', '2016-02-13 11:01:00', '2016-02-13 13:43:00', '2016-02-13 15:24:00', '2016-02-13 18:55:00', '2016-02-13 21:05:00', '2016-02-13 21:34:00', '2016-02-13 22:01:00', '2016-02-13 23:54:00', '2016-02-14 00:58:00', '2016-02-14 04:39:00', '2016-02-14 08:33:00', '2016-02-14 10:25:00', '2016-02-14 11:57:00', '2016-02-14 19:26:00', '2016-02-14 21:18:00', '2016-02-15 04:19:00', '2016-02-15 05:33:00', '2016-02-15 07:23:00', '2016-02-15 08:41:00', '2016-02-15 09:35:00', '2016-02-15 11:00:00', '2016-02-15 15:04:00', '2016-02-15 17:23:00', '2016-02-15 17:36:00', '2016-02-15 17:52:00', '2016-02-15 18:46:00', '2016-02-15 19:52:00', '2016-02-15 20:06:00', '2016-02-15 20:58:00', '2016-02-15 21:40:00', '2016-02-16 01:59:00', '2016-02-16 06:45:00', '2016-02-16 07:54:00']","['C1.7', 'C1.1', 'C2.7', 'B5.7', 'B9.1', 'B6.3', 'C1.3', 'B5.9', 'B5.8', 'B4.7', 'C2.6', 'C8.9', 'C1.2', 'M1.0', 'C6.8', 'B7.5', 'B7.7', 'C3.0', 'B8.9', 'B8.0', 'B6.6', 'C1.3', 'C2.8', 'B8.5', 'B6.9', 'M1.8', 'C1.6', 'C2.5', 'C1.1', 'B9.5', 'B8.6', 'B9.6', 'C3.4', 'C1.0', 'C6.9', 'C1.4', 'M1.0', 'C2.4', 'C3.9', 'C1.4', 'B9.1', 'C5.2', 'C2.3', 'M1.1', 'C3.3', 'C2.5', 'C1.6', 'C4.2', 'C2.9', 'C1.7', 'C1.6', 'C1.2', 'C4.1', 'C3.5', 'C2.4', 'C1.1']",2016-02-07 10:29:00,2016-02-16 07:59:00
650,6324,['2016-02-07 06:58:00'],['B7.0'],2016-02-07 06:55:00,2016-02-07 07:01:00
651,6345,['2016-02-09 22:05:00'],['B6.2'],2016-02-09 21:51:00,2016-02-09 22:08:00
652,6356,['2016-02-14 01:21:00'],['C1.3'],2016-02-14 01:18:00,2016-02-14 01:26:00
653,6353,['2016-02-17 17:51:00'],['C1.2'],2016-02-17 17:45:00,2016-02-17 18:02:00
654,6359,"['2016-02-18 21:13:00', '2016-02-24 05:30:00']","['C1.8', 'B1.9']",2016-02-18 21:08:00,2016-02-24 05:32:00
655,6361,"['2016-02-21 10:13:00', '2016-02-21 13:04:00', '2016-02-22 16:31:00']","['B2.9', 'B5.1', 'B4.0']",2016-02-21 13:00:00,2016-02-22 16:33:00
656,6383,"['2016-02-24 01:01:00', '2016-02-24 01:18:00', '2016-02-24 03:48:00', '2016-02-24 12:29:00', '2016-02-24 16:46:00', '2016-02-24 17:20:00', '2016-02-24 21:36:00', '2016-02-25 09:23:00', '2016-02-25 10:16:00', '2016-02-25 19:56:00', '2016-02-26 05:13:00', '2016-02-26 22:02:00', '2016-02-27 04:56:00', '2016-02-27 11:34:00', '2016-02-27 15:15:00', '2016-02-28 17:21:00', '2016-02-29 04:30:00']","['B3.0', 'B3.5', 'B2.6', 'C1.4', 'B4.4', 'B4.5', 'B3.4', 'B3.2', 'B3.4', 'B8.0', 'B2.8', 'B3.0', 'B6.5', 'B2.5', 'B2.8', 'B2.6', 'B6.9']",2016-02-24 01:13:00,2016-02-29 04:41:00
657,6398,"['2016-03-03 02:03:00', '2016-03-03 15:50:00', '2016-03-08 03:30:00', '2016-03-08 13:06:00', '2016-03-08 13:12:00', '2016-03-11 02:16:00', '2016-03-11 03:15:00']","['B4.6', 'B5.2', 'B2.4', 'C1.5', 'B8.4', 'B3.4', 'B2.7']",2016-03-03 15:19:00,2016-03-11 02:20:00
658,6404,['2016-03-05 03:22:00'],['B4.4'],2016-03-05 03:16:00,2016-03-05 03:36:00
659,6399,"['2016-03-06 05:12:00', '2016-03-06 09:27:00', '2016-03-06 13:07:00']","['B7.2', 'B5.1', 'B4.3']",2016-03-06 09:23:00,2016-03-06 09:31:00
660,6418,"['2016-03-12 04:05:00', '2016-03-16 19:55:00', '2016-03-18 23:18:00']","['B8.8', 'B4.3', 'B6.7']",2016-03-12 03:43:00,2016-03-18 23:31:00
661,6403,['2016-03-12 06:19:00'],['C1.1'],2016-03-12 06:15:00,2016-03-12 06:23:00
662,6424,"['2016-03-13 21:48:00', '2016-03-15 09:29:00', '2016-03-15 15:38:00', '2016-03-15 16:51:00', '2016-03-15 20:40:00', '2016-03-18 18:56:00']","['B6.4', 'C1.2', 'C1.0', 'B6.4', 'B5.2', 'B3.4']",2016-03-13 21:44:00,2016-03-18 19:00:00
663,6427,"['2016-03-14 11:11:00', '2016-03-14 22:46:00']","['B6.9', 'B5.1']",2016-03-14 11:03:00,2016-03-14 22:53:00
664,6437,"['2016-03-17 16:16:00', '2016-03-19 13:11:00', '2016-03-23 03:54:00', '2016-03-27 12:19:00', '2016-03-27 16:38:00', '2016-03-27 19:48:00']","['B3.5', 'B2.1', 'C1.1', 'B4.2', 'B4.8', 'B4.8']",2016-03-17 16:13:00,2016-03-27 19:50:00
665,6436,['2016-03-18 00:17:00'],['B5.1'],2016-03-18 00:11:00,2016-03-18 00:24:00
666,6454,"['2016-03-25 15:00:00', '2016-03-26 07:22:00', '2016-03-26 07:37:00', '2016-03-26 23:17:00', '2016-03-27 10:31:00', '2016-03-28 02:59:00', '2016-03-28 07:57:00', '2016-03-30 16:11:00', '2016-04-01 02:54:00', '2016-04-01 03:04:00', '2016-04-01 03:41:00']","['B6.5', 'B1.6', 'B1.7', 'B1.9', 'B1.7', 'B3.3', 'B3.7', 'B1.5', 'B1.1', 'B1.3', 'B1.0']",2016-03-25 14:55:00,2016-04-01 02:56:00
667,6464,"['2016-04-03 13:38:00', '2016-04-04 00:06:00', '2016-04-04 19:39:00', '2016-04-05 07:37:00', '2016-04-05 15:49:00']","['B2.2', 'B3.1', 'B4.1', 'B4.6', 'B2.5']",2016-04-03 13:35:00,2016-04-05 15:54:00
668,6483,"['2016-04-09 05:30:00', '2016-04-09 08:50:00', '2016-04-09 13:42:00', '2016-04-09 16:13:00', '2016-04-09 18:44:00', '2016-04-09 20:34:00', '2016-04-09 22:04:00', '2016-04-09 22:55:00', '2016-04-10 00:44:00', '2016-04-10 09:34:00', '2016-04-11 02:02:00', '2016-04-11 13:20:00', '2016-04-11 18:34:00', '2016-04-11 20:27:00', '2016-04-11 22:12:00', '2016-04-12 00:06:00', '2016-04-12 07:51:00', '2016-04-13 07:57:00', '2016-04-13 11:58:00', '2016-04-13 23:43:00', '2016-04-14 13:32:00', '2016-04-14 14:59:00', '2016-04-14 18:07:00', '2016-04-14 20:29:00', '2016-04-14 21:52:00', '2016-04-14 23:02:00', '2016-04-15 06:26:00', '2016-04-15 08:15:00', '2016-04-15 09:28:00', '2016-04-15 12:42:00', '2016-04-15 14:30:00', '2016-04-16 00:05:00', '2016-04-16 05:13:00', '2016-04-16 19:20:00', '2016-04-16 19:58:00', '2016-04-16 23:12:00', '2016-04-17 00:57:00', '2016-04-17 04:01:00', '2016-04-17 17:02:00', '2016-04-17 17:30:00', '2016-04-18 00:29:00', '2016-04-18 13:34:00', '2016-04-18 14:52:00']","['C1.5', 'B8.7', 'C2.8', 'C1.7', 'C1.5', 'C1.5', 'C1.4', 'C1.8', 'C1.1', 'C1.5', 'C1.1', 'B8.1', 'C1.0', 'C1.4', 'B9.3', 'C1.3', 'C1.8', 'B8.6', 'B6.0', 'C2.9', 'C1.8', 'B4.8', 'C1.3', 'B5.1', 'B7.0', 'B4.9', 'B7.7', 'B6.8', 'B8.3', 'B7.7', 'C4.1', 'B7.9', 'B7.0', 'C1.4', 'C5.8', 'B5.8', 'B9.6', 'B7.9', 'B8.4', 'C2.4', 'M6.7', 'B5.0', 'B5.7']",2016-04-09 22:01:00,2016-04-18 13:39:00
669,6492,['2016-04-14 01:54:00'],['B7.2'],2016-04-14 01:50:00,2016-04-14 01:57:00
670,6500,"['2016-04-18 12:46:00', '2016-04-18 14:23:00', '2016-04-21 04:39:00', '2016-04-24 16:03:00', '2016-04-25 08:21:00', '2016-04-25 15:27:00']","['B4.0', 'B4.3', 'B3.5', 'B5.9', 'B2.0', 'B2.9']",2016-04-18 14:11:00,2016-04-25 15:32:00
671,6515,"['2016-04-26 02:58:00', '2016-04-26 04:07:00', '2016-04-26 06:16:00', '2016-04-26 07:01:00', '2016-04-26 11:44:00', '2016-04-26 13:32:00', '2016-04-27 00:08:00', '2016-04-27 00:57:00', '2016-04-27 03:51:00', '2016-04-29 19:43:00', '2016-04-30 12:17:00', '2016-04-30 12:35:00', '2016-05-05 07:26:00']","['B4.0', 'B4.9', 'B3.5', 'B4.0', 'B5.7', 'B7.6', 'B4.3', 'B5.1', 'B7.2', 'B4.3', 'B5.2', 'B4.7', 'B4.1']",2016-04-26 04:01:00,2016-05-05 07:33:00
672,6518,"['2016-04-27 15:48:00', '2016-04-29 03:59:00']","['B4.9', 'B6.2']",2016-04-27 15:43:00,2016-04-29 04:07:00
673,6507,"['2016-04-28 01:25:00', '2016-04-28 03:42:00', '2016-04-28 08:52:00', '2016-04-28 09:32:00', '2016-04-28 12:51:00', '2016-04-28 23:22:00', '2016-04-29 17:01:00', '2016-04-30 04:34:00', '2016-05-02 03:10:00', '2016-05-04 13:51:00']","['B8.1', 'C1.1', 'C1.7', 'B6.2', 'C1.9', 'B3.4', 'B5.5', 'B4.7', 'B3.1', 'C1.3']",2016-04-28 01:18:00,2016-05-04 14:07:00
674,6523,"['2016-04-30 10:47:00', '2016-04-30 14:51:00', '2016-05-01 09:22:00', '2016-05-01 10:09:00', '2016-05-01 12:42:00', '2016-05-01 14:15:00', '2016-05-01 23:11:00', '2016-05-01 23:38:00', '2016-05-02 07:20:00', '2016-05-02 08:42:00', '2016-05-03 01:00:00', '2016-05-03 23:13:00', '2016-05-04 18:24:00', '2016-05-05 22:14:00']","['C1.2', 'B5.7', 'C2.4', 'B4.8', 'B3.0', 'B5.8', 'B5.0', 'C2.5', 'B4.5', 'C3.5', 'B6.4', 'B3.1', 'B3.2', 'B4.1']",2016-04-30 10:40:00,2016-05-05 22:27:00
675,6532,"['2016-05-03 08:17:00', '2016-05-04 01:22:00', '2016-05-06 10:10:00', '2016-05-06 12:32:00', '2016-05-07 06:40:00', '2016-05-07 17:13:00', '2016-05-08 02:30:00', '2016-05-09 05:23:00']","['B6.2', 'B6.9', 'B4.4', 'B5.3', 'B5.4', 'C1.9', 'B5.3', 'B9.4']",2016-05-03 08:10:00,2016-05-09 05:34:00
676,6544,"['2016-05-09 23:43:00', '2016-05-14 00:54:00', '2016-05-14 03:45:00', '2016-05-14 05:37:00', '2016-05-14 06:22:00', '2016-05-14 09:31:00', '2016-05-14 10:56:00', '2016-05-14 11:34:00', '2016-05-14 15:19:00', '2016-05-14 17:41:00', '2016-05-15 04:09:00']","['B8.1', 'B5.8', 'B4.4', 'B3.8', 'B6.1', 'C2.5', 'B6.3', 'C7.4', 'C4.8', 'B8.4', 'C4.9']",2016-05-09 23:33:00,2016-05-15 04:16:00
677,6537,"['2016-05-11 10:59:00', '2016-05-11 11:22:00', '2016-05-11 14:22:00', '2016-05-12 16:10:00', '2016-05-13 05:09:00', '2016-05-14 07:52:00', '2016-05-15 16:03:00']","['B5.7', 'B4.2', 'B8.2', 'B4.7', 'B3.1', 'B7.6', 'C3.2']",2016-05-11 14:14:00,2016-05-15 17:33:00
678,6550,"['2016-05-12 12:23:00', '2016-05-13 16:21:00', '2016-05-13 20:50:00', '2016-05-13 22:38:00', '2016-05-14 09:52:00', '2016-05-15 03:45:00', '2016-05-15 05:02:00', '2016-05-15 09:51:00', '2016-05-15 11:59:00', '2016-05-15 14:00:00', '2016-05-15 14:48:00', '2016-05-15 19:13:00', '2016-05-16 00:58:00', '2016-05-16 15:25:00', '2016-05-16 15:50:00', '2016-05-16 22:21:00', '2016-05-17 07:42:00', '2016-05-17 20:11:00']","['B5.3', 'B7.4', 'B4.6', 'B4.9', 'B9.0', 'B9.0', 'C1.3', 'C1.3', 'C1.2', 'C1.1', 'B6.1', 'C1.5', 'C1.0', 'C1.8', 'B5.1', 'B4.6', 'B6.1', 'B4.1']",2016-05-12 12:20:00,2016-05-17 07:44:00
679,6545,"['2016-05-16 04:42:00', '2016-05-16 05:38:00']","['B6.0', 'B4.7']",2016-05-16 05:34:00,2016-05-16 04:48:00
680,6558,"['2016-05-20 00:59:00', '2016-05-20 04:18:00', '2016-05-20 04:40:00', '2016-05-20 08:42:00', '2016-05-20 11:39:00', '2016-05-20 12:23:00', '2016-05-21 08:46:00', '2016-05-21 11:00:00', '2016-05-21 14:00:00', '2016-05-22 01:25:00', '2016-05-22 04:47:00', '2016-05-22 09:21:00', '2016-05-23 07:45:00', '2016-05-23 08:18:00', '2016-05-24 08:24:00', '2016-05-24 08:36:00', '2016-05-24 10:20:00', '2016-05-24 21:07:00', '2016-05-25 02:03:00']","['B2.6', 'B3.9', 'B3.7', 'B3.9', 'B2.5', 'B4.4', 'B5.9', 'B7.3', 'C1.0', 'B2.5', 'B2.5', 'B5.9', 'B2.0', 'B3.0', 'B5.3', 'B9.6', 'C1.3', 'B9.5', 'B3.8']",2016-05-20 04:14:00,2016-05-25 02:06:00
681,6566,"['2016-05-25 21:17:00', '2016-05-26 03:39:00', '2016-05-26 13:36:00', '2016-05-26 16:33:00', '2016-05-27 17:20:00', '2016-05-29 06:56:00', '2016-05-29 09:04:00']","['B9.3', 'B2.0', 'C1.1', 'B4.0', 'B4.6', 'B7.2', 'B6.5']",2016-05-25 21:04:00,2016-05-29 09:11:00
682,6585,"['2016-05-28 11:55:00', '2016-05-28 21:23:00']","['B3.3', 'B2.8']",2016-05-28 21:19:00,2016-05-28 21:25:00
683,6591,"['2016-05-30 07:37:00', '2016-05-30 13:24:00', '2016-05-30 15:07:00', '2016-05-30 17:10:00']","['C1.4', 'C1.0', 'B4.1', 'B4.1']",2016-05-30 15:02:00,2016-05-30 07:42:00
684,6576,"['2016-05-31 19:41:00', '2016-05-31 22:37:00', '2016-06-01 14:37:00', '2016-06-01 16:19:00']","['B2.9', 'B1.8', 'B1.8', 'B2.3']",2016-05-31 19:34:00,2016-06-01 14:41:00
685,6599,"['2016-06-08 04:16:00', '2016-06-09 05:01:00', '2016-06-09 12:18:00', '2016-06-09 13:06:00', '2016-06-09 15:14:00', '2016-06-10 21:04:00', '2016-06-10 22:05:00', '2016-06-11 00:20:00', '2016-06-11 06:36:00', '2016-06-11 08:23:00']","['B2.3', 'B2.8', 'B9.9', 'B5.7', 'C1.1', 'B4.9', 'B2.5', 'B2.8', 'B2.6', 'B4.6']",2016-06-08 04:04:00,2016-06-11 06:39:00
686,6615,"['2016-06-11 13:28:00', '2016-06-12 09:10:00', '2016-06-13 02:53:00', '2016-06-13 04:15:00']","['B4.2', 'B5.8', 'B5.0', 'B9.3']",2016-06-11 13:24:00,2016-06-13 02:57:00
687,6613,"['2016-06-16 00:25:00', '2016-06-21 05:34:00']","['B3.2', 'B3.8']",2016-06-16 00:20:00,2016-06-21 07:09:00
688,6626,"['2016-06-16 10:44:00', '2016-06-16 12:03:00', '2016-06-16 12:18:00', '2016-06-16 13:24:00', '2016-06-16 15:23:00', '2016-06-17 08:31:00', '2016-06-17 09:26:00', '2016-06-17 12:29:00', '2016-06-17 13:14:00', '2016-06-17 14:03:00', '2016-06-17 20:40:00']","['B3.8', 'B2.6', 'B3.5', 'B8.8', 'B3.8', 'B3.4', 'B4.0', 'B3.3', 'B1.7', 'B1.9', 'B2.7']",2016-06-16 12:12:00,2016-06-17 20:49:00
689,6632,['2016-06-18 14:35:00'],['B3.1'],2016-06-18 14:30:00,2016-06-18 14:39:00
690,6617,"['2016-06-19 07:57:00', '2016-06-19 11:58:00', '2016-06-20 03:00:00']","['B2.3', 'C1.7', 'B9.6']",2016-06-19 07:31:00,2016-06-20 03:09:00
691,6661,"['2016-07-07 03:08:00', '2016-07-07 04:16:00', '2016-07-07 04:39:00', '2016-07-07 07:56:00', '2016-07-08 17:36:00']","['B3.9', 'B4.4', 'B4.9', 'C5.1', 'B4.7']",2016-07-07 03:03:00,2016-07-08 17:40:00
692,6662,"['2016-07-08 06:24:00', '2016-07-10 09:53:00', '2016-07-13 14:44:00']","['B6.3', 'B4.1', 'B4.3']",2016-07-08 06:09:00,2016-07-13 14:49:00
693,6666,"['2016-07-09 21:29:00', '2016-07-10 00:59:00', '2016-07-10 08:43:00', '2016-07-11 21:33:00']","['B6.6', 'C8.6', 'B3.4', 'B9.4']",2016-07-09 21:24:00,2016-07-11 21:37:00
694,6670,"['2016-07-13 21:02:00', '2016-07-14 21:38:00', '2016-07-15 02:28:00', '2016-07-15 03:54:00', '2016-07-15 05:12:00', '2016-07-15 14:26:00', '2016-07-15 15:11:00', '2016-07-15 16:45:00', '2016-07-15 17:15:00', '2016-07-15 18:33:00', '2016-07-16 00:34:00', '2016-07-16 01:19:00', '2016-07-16 02:16:00', '2016-07-16 02:50:00', '2016-07-16 03:05:00', '2016-07-16 03:43:00', '2016-07-16 05:29:00', '2016-07-16 05:44:00', '2016-07-16 07:04:00', '2016-07-16 07:49:00', '2016-07-16 08:23:00', '2016-07-16 09:45:00', '2016-07-16 10:33:00', '2016-07-16 12:59:00', '2016-07-16 13:58:00', '2016-07-17 01:40:00', '2016-07-17 08:03:00', '2016-07-17 06:42:00', '2016-07-17 08:03:00', '2016-07-17 17:10:00', '2016-07-17 23:35:00', '2016-07-18 08:23:00', '2016-07-18 18:39:00', '2016-07-19 00:22:00', '2016-07-19 11:53:00', '2016-07-20 01:27:00', '2016-07-20 02:49:00', '2016-07-20 03:17:00', '2016-07-20 03:35:00', '2016-07-20 08:20:00', '2016-07-20 14:42:00', '2016-07-20 22:17:00', '2016-07-20 23:35:00', '2016-07-20 23:51:00', '2016-07-21 00:37:00', '2016-07-21 00:46:00', '2016-07-21 01:49:00', '2016-07-21 09:08:00', '2016-07-21 09:44:00', '2016-07-21 11:19:00', '2016-07-21 12:55:00', '2016-07-21 13:34:00', '2016-07-21 14:08:00', '2016-07-21 15:42:00', '2016-07-21 17:04:00', '2016-07-21 18:31:00', '2016-07-21 18:57:00', '2016-07-21 20:20:00', '2016-07-21 20:40:00', '2016-07-21 21:38:00', '2016-07-21 22:46:00', '2016-07-22 06:51:00', '2016-07-22 07:26:00', '2016-07-22 08:34:00', '2016-07-22 11:31:00', '2016-07-22 20:20:00', '2016-07-22 22:30:00', '2016-07-22 23:15:00']","['B8.7', 'B3.1', 'B3.9', 'B5.9', 'B7.4', 'B5.3', 'C2.0', 'B7.9', 'B7.7', 'B7.1', 'C2.1', 'C1.0', 'C1.6', 'C1.7', 'C1.5', 'B8.8', 'B9.0', 'C2.0', 'C6.8', 'B7.7', 'C1.5', 'C1.0', 'C1.1', 'B9.3', 'B6.9', 'C1.3', 'C1.4', 'C1.0', 'C1.4', 'C1.0', 'C6.6', 'C4.4', 'B5.6', 'C1.0', 'C2.2', 'C1.3', 'C1.6', 'C4.2', 'C2.5', 'B6.6', 'B6.6', 'C4.6', 'C3.6', 'C3.4', 'C3.7', 'M1.2', 'M1.0', 'B6.6', 'C1.0', 'C7.2', 'C9.1', 'C2.2', 'B6.4', 'C1.2', 'C1.2', 'B7.3', 'B6.5', 'B8.6', 'B4.6', 'B5.9', 'C3.6', 'C6.6', 'C1.2', 'B6.8', 'B9.1', 'C2.4', 'B5.6', 'B7.6']",2016-07-13 19:48:00,2016-07-22 06:58:00
695,6688,"['2016-08-05 18:11:00', '2016-08-06 02:13:00']","['B2.0', 'B2.9']",2016-08-05 18:06:00,2016-08-06 03:17:00
696,6692,"['2016-08-07 00:28:00', '2016-08-07 01:58:00', '2016-08-07 05:35:00', '2016-08-07 13:13:00', '2016-08-07 22:32:00', '2016-08-08 01:23:00', '2016-08-08 20:18:00', '2016-08-09 16:31:00']","['B8.8', 'B5.5', 'C1.3', 'B5.5', 'C5.6', 'B7.8', 'C1.7', 'B3.5']",2016-08-06 23:58:00,2016-08-09 16:35:00
697,6699,"['2016-08-09 00:42:00', '2016-08-09 08:55:00', '2016-08-09 14:54:00', '2016-08-10 02:12:00', '2016-08-10 09:41:00', '2016-08-10 11:25:00', '2016-08-11 08:38:00', '2016-08-11 13:27:00', '2016-08-11 16:44:00', '2016-08-11 19:29:00', '2016-08-12 04:21:00', '2016-08-12 06:58:00', '2016-08-12 10:16:00', '2016-08-12 12:22:00', '2016-08-12 16:27:00', '2016-08-13 06:15:00', '2016-08-13 19:41:00']","['C8.9', 'C2.5', 'B4.3', 'B5.7', 'B3.0', 'B4.7', 'B5.6', 'B3.0', 'C2.4', 'B4.0', 'B4.5', 'B7.0', 'B4.5', 'B4.8', 'B4.3', 'B2.5', 'B2.9']",2016-08-09 00:34:00,2016-08-13 19:44:00
698,6703,['2016-08-17 10:01:00'],['B3.5'],2016-08-17 09:56:00,2016-08-17 10:06:00
699,6716,"['2016-08-22 21:52:00', '2016-08-23 02:23:00', '2016-08-23 03:39:00', '2016-08-26 01:37:00', '2016-08-27 14:29:00', '2016-08-28 20:01:00', '2016-08-28 20:17:00', '2016-08-28 21:28:00', '2016-08-29 03:46:00', '2016-08-29 04:27:00', '2016-08-29 17:36:00']","['B2.8', 'B2.2', 'B3.0', 'B5.8', 'B2.5', 'B2.6', 'B3.0', 'C1.0', 'C2.2', 'C1.3', 'C1.1']",2016-08-22 21:48:00,2016-08-29 17:38:00
700,6731,"['2016-09-02 04:41:00', '2016-09-02 13:39:00', '2016-09-02 18:49:00', '2016-09-03 01:03:00', '2016-09-03 05:30:00', '2016-09-04 18:17:00', '2016-09-05 09:12:00', '2016-09-05 21:46:00', '2016-09-07 02:34:00', '2016-09-07 04:17:00', '2016-09-07 10:40:00', '2016-09-07 12:14:00', '2016-09-08 02:28:00', '2016-09-08 03:56:00', '2016-09-08 04:22:00', '2016-09-08 04:47:00', '2016-09-08 16:24:00', '2016-09-08 19:17:00', '2016-09-09 03:23:00', '2016-09-09 18:42:00', '2016-09-09 20:27:00', '2016-09-09 22:21:00', '2016-09-10 13:39:00']","['B9.1', 'B5.9', 'B8.9', 'B6.4', 'B7.1', 'B9.2', 'B6.4', 'B3.0', 'B3.0', 'B3.6', 'B6.6', 'B2.9', 'B2.2', 'B2.6', 'B3.4', 'B8.3', 'B3.1', 'B8.2', 'B7.9', 'B3.6', 'B3.7', 'B3.9', 'B2.3']",2016-09-02 04:38:00,2016-09-10 13:50:00
701,6737,"['2016-09-09 04:31:00', '2016-09-10 20:59:00', '2016-09-14 15:44:00']","['B2.8', 'B2.1', 'B1.9']",2016-09-09 04:28:00,2016-09-14 15:50:00
702,6745,"['2016-09-10 19:22:00', '2016-09-10 18:58:00', '2016-09-10 19:22:00', '2016-09-15 03:20:00']","['B9.2', 'B4.8', 'B9.6', 'B2.3']",2016-09-10 19:15:00,2016-09-15 03:26:00
703,6759,"['2016-09-17 07:03:00', '2016-09-17 08:11:00', '2016-09-18 02:51:00', '2016-09-18 11:00:00', '2016-09-18 19:48:00', '2016-09-19 07:42:00', '2016-09-23 05:25:00']","['B2.1', 'B1.9', 'B4.1', 'B6.8', 'B2.0', 'B5.3', 'B6.2']",2016-09-17 07:00:00,2016-09-23 05:57:00
704,6754,"['2016-09-19 19:53:00', '2016-09-19 21:11:00', '2016-09-20 02:48:00']","['B4.5', 'B3.2', 'B3.5']",2016-09-19 21:06:00,2016-09-20 02:54:00
705,6764,"['2016-09-21 10:39:00', '2016-09-21 13:38:00']","['C1.6', 'B7.2']",2016-09-21 10:23:00,2016-09-21 13:46:00
706,6769,"['2016-09-24 06:32:00', '2016-09-24 15:43:00', '2016-09-24 18:16:00', '2016-09-25 04:22:00', '2016-09-25 07:17:00', '2016-09-25 19:14:00', '2016-09-25 23:37:00', '2016-09-26 03:59:00', '2016-09-26 06:46:00', '2016-09-26 07:55:00', '2016-09-26 23:54:00', '2016-09-27 07:48:00', '2016-09-27 09:58:00', '2016-09-28 16:01:00', '2016-09-28 17:07:00', '2016-09-28 17:46:00']","['B1.9', 'B3.9', 'B6.9', 'B3.2', 'B2.0', 'C1.3', 'B5.1', 'B4.2', 'B5.0', 'B3.1', 'B3.4', 'C1.0', 'B4.3', 'B3.9', 'B7.5', 'B5.3']",2016-09-24 18:10:00,2016-09-28 17:49:00
707,6789,"['2016-10-02 04:59:00', '2016-10-02 17:44:00', '2016-10-02 18:57:00', '2016-10-04 04:09:00', '2016-10-05 01:14:00', '2016-10-07 00:40:00', '2016-10-08 02:19:00', '2016-10-09 19:03:00', '2016-10-10 01:04:00', '2016-10-10 01:25:00', '2016-10-11 09:48:00', '2016-10-12 05:37:00']","['B4.8', 'B2.8', 'B3.4', 'B6.1', 'B5.6', 'B3.5', 'B5.3', 'B5.1', 'B4.1', 'B4.6', 'B3.7', 'B5.3']",2016-10-02 04:49:00,2016-10-12 05:39:00
708,6794,"['2016-10-10 17:40:00', '2016-10-12 11:55:00', '2016-10-14 11:26:00']","['B3.8', 'C1.1', 'B9.4']",2016-10-10 17:36:00,2016-10-14 11:33:00
709,6803,"['2016-10-14 09:00:00', '2016-10-14 13:31:00', '2016-10-15 04:55:00', '2016-10-16 13:56:00']","['B8.6', 'B4.9', 'B3.0', 'B3.5']",2016-10-14 13:28:00,2016-10-16 14:04:00
710,6815,"['2016-10-21 09:49:00', '2016-10-21 16:42:00', '2016-10-25 01:05:00', '2016-10-25 09:00:00', '2016-10-26 05:30:00', '2016-10-26 05:40:00']","['B1.2', 'B1.6', 'B2.0', 'B1.3', 'B1.2', 'B1.7']",2016-10-21 16:39:00,2016-10-26 05:46:00
711,6824,['2016-11-07 05:02:00'],['B1.5'],2016-11-07 04:48:00,2016-11-07 05:05:00
712,6829,['2016-11-10 22:47:00'],['B1.7'],2016-11-10 22:44:00,2016-11-10 22:50:00
713,6838,"['2016-11-12 16:10:00', '2016-11-13 01:41:00', '2016-11-13 17:32:00', '2016-11-14 23:41:00', '2016-11-15 00:35:00', '2016-11-15 16:58:00']","['B2.9', 'B1.8', 'B1.5', 'B1.2', 'B6.1', 'B4.2']",2016-11-12 16:06:00,2016-11-15 00:42:00
714,6846,"['2016-11-19 07:15:00', '2016-11-19 22:50:00']","['B1.9', 'B1.1']",2016-11-19 07:10:00,2016-11-19 22:54:00
715,6863,"['2016-11-25 12:38:00', '2016-11-26 04:09:00', '2016-12-01 17:11:00', '2016-12-02 18:22:00', '2016-12-03 17:16:00']","['B2.5', 'B1.8', 'B2.9', 'B2.4', 'B2.1']",2016-11-25 12:17:00,2016-12-03 17:24:00
716,6866,"['2016-11-27 14:02:00', '2016-11-27 19:18:00']","['B3.1', 'B2.0']",2016-11-27 19:13:00,2016-11-27 19:24:00
717,6870,"['2016-11-29 03:40:00', '2016-11-29 05:45:00', '2016-11-29 07:10:00', '2016-11-29 09:57:00', '2016-11-29 10:14:00', '2016-11-29 12:13:00', '2016-11-29 15:56:00', '2016-11-29 16:23:00', '2016-11-29 16:41:00', '2016-11-29 17:23:00', '2016-11-29 19:01:00', '2016-11-29 20:54:00', '2016-11-29 22:44:00', '2016-11-29 23:17:00', '2016-11-29 23:38:00', '2016-11-30 01:04:00', '2016-11-30 01:19:00', '2016-11-30 02:22:00', '2016-11-30 02:53:00', '2016-11-30 04:45:00', '2016-11-30 05:11:00', '2016-11-30 11:11:00', '2016-11-30 11:50:00', '2016-11-30 13:18:00', '2016-11-30 15:07:00', '2016-11-30 15:25:00', '2016-11-30 20:17:00', '2016-12-01 11:47:00', '2016-12-03 23:50:00', '2016-12-04 01:26:00', '2016-12-04 01:57:00', '2016-12-04 02:51:00', '2016-12-04 04:27:00', '2016-12-04 07:23:00', '2016-12-04 08:25:00', '2016-12-04 10:25:00', '2016-12-04 10:50:00', '2016-12-04 12:24:00', '2016-12-04 16:15:00', '2016-12-05 04:05:00', '2016-12-05 06:07:00', '2016-12-05 17:15:00', '2016-12-06 10:12:00', '2016-12-06 10:40:00', '2016-12-07 01:17:00', '2016-12-07 03:45:00', '2016-12-07 10:00:00', '2016-12-07 11:23:00', '2016-12-07 15:56:00', '2016-12-07 18:09:00']","['B5.9', 'B5.5', 'C7.5', 'B3.8', 'B5.4', 'C2.6', 'B7.8', 'B7.5', 'C1.1', 'M1.0', 'B5.9', 'B3.5', 'B4.4', 'C1.9', 'M1.2', 'B3.4', 'C6.0', 'C3.1', 'B4.7', 'B3.7', 'B3.8', 'B1.7', 'B4.3', 'B4.0', 'C1.0', 'C2.3', 'B2.0', 'B3.7', 'B1.7', 'B4.0', 'B5.3', 'C1.1', 'B4.2', 'C1.2', 'B2.8', 'B2.8', 'B2.5', 'B2.3', 'B2.7', 'B3.5', 'C1.2', 'B2.5', 'B1.7', 'B1.6', 'B1.6', 'B1.6', 'B1.7', 'B1.7', 'B1.6', 'B3.6']",2016-11-29 07:03:00,2016-12-07 03:54:00
718,6868,['2016-11-30 05:26:00'],['B3.9'],2016-11-30 05:22:00,2016-11-30 05:28:00
719,6869,['2016-12-01 19:31:00'],['B2.7'],2016-12-01 19:28:00,2016-12-01 19:33:00
720,6881,"['2016-12-11 17:15:00', '2016-12-11 19:25:00']","['B1.3', 'B1.2']",2016-12-11 17:10:00,2016-12-11 19:29:00
721,6892,['2016-12-21 14:19:00'],['B2.7'],2016-12-21 14:12:00,2016-12-21 14:26:00
722,6895,"['2016-12-26 18:52:00', '2016-12-26 21:01:00', '2016-12-26 22:02:00', '2016-12-26 23:29:00', '2016-12-27 08:46:00', '2016-12-27 10:12:00', '2016-12-27 12:38:00']","['B3.0', 'B8.3', 'B2.9', 'B3.3', 'B3.1', 'B1.6', 'B1.5']",2016-12-26 23:25:00,2016-12-27 08:58:00
723,6898,['2017-01-04 02:39:00'],['B1.8'],2017-01-04 02:34:00,2017-01-04 02:50:00
724,6910,"['2017-01-16 01:44:00', '2017-01-16 18:23:00']","['B1.3', 'B1.4']",2017-01-16 18:12:00,2017-01-16 18:35:00
725,6920,"['2017-01-20 06:36:00', '2017-01-20 06:43:00', '2017-01-20 07:15:00', '2017-01-20 08:36:00', '2017-01-20 09:39:00', '2017-01-20 10:46:00', '2017-01-20 15:16:00', '2017-01-21 02:17:00', '2017-01-21 02:31:00', '2017-01-21 03:05:00', '2017-01-21 04:05:00', '2017-01-21 06:29:00', '2017-01-21 07:05:00', '2017-01-21 07:26:00', '2017-01-21 08:26:00', '2017-01-21 09:06:00', '2017-01-21 09:17:00', '2017-01-21 09:46:00', '2017-01-21 10:23:00', '2017-01-21 11:08:00', '2017-01-21 13:26:00', '2017-01-21 14:11:00', '2017-01-22 12:27:00']","['B1.0', 'B1.4', 'B1.7', 'B2.7', 'B4.3', 'B5.3', 'B3.1', 'B5.4', 'B7.1', 'B7.6', 'B3.6', 'C1.2', 'B8.4', 'C9.3', 'B3.5', 'B3.8', 'B5.1', 'C1.0', 'C1.1', 'C6.1', 'C1.8', 'B5.1', 'B2.4']",2017-01-20 15:09:00,2017-01-22 12:34:00
726,6922,"['2017-01-20 17:12:00', '2017-01-20 21:00:00', '2017-01-27 10:45:00']","['B4.1', 'B2.6', 'B5.4']",2017-01-20 17:09:00,2017-01-27 10:52:00
727,6930,"['2017-01-24 16:08:00', '2017-01-24 18:45:00', '2017-01-24 23:49:00', '2017-01-25 02:20:00', '2017-01-25 03:58:00', '2017-01-25 22:52:00', '2017-01-26 03:52:00', '2017-01-26 04:12:00', '2017-01-26 04:43:00', '2017-01-26 05:28:00', '2017-01-26 06:13:00', '2017-01-26 12:21:00', '2017-01-26 16:33:00', '2017-01-26 16:51:00', '2017-01-27 15:39:00']","['B1.9', 'B2.6', 'B3.2', 'B4.6', 'B2.4', 'B2.2', 'B2.2', 'B4.1', 'B2.1', 'B2.3', 'B3.9', 'B2.0', 'B2.6', 'B2.2', 'B2.3']",2017-01-24 16:03:00,2017-01-27 15:43:00
728,6939,['2017-02-04 13:12:00'],['B1.6'],2017-02-04 12:59:00,2017-02-04 13:45:00
729,6946,['2017-02-06 16:22:00'],['B1.5'],2017-02-06 16:16:00,2017-02-06 16:31:00
730,6949,"['2017-02-08 23:11:00', '2017-02-09 00:50:00', '2017-02-09 01:40:00', '2017-02-09 01:51:00', '2017-02-09 03:09:00', '2017-02-09 03:26:00', '2017-02-09 05:42:00', '2017-02-09 06:12:00', '2017-02-09 06:35:00', '2017-02-09 07:02:00', '2017-02-09 07:48:00', '2017-02-09 09:37:00', '2017-02-09 10:35:00', '2017-02-09 10:59:00', '2017-02-09 12:04:00', '2017-02-12 04:34:00', '2017-02-13 06:36:00']","['B1.1', 'B2.7', 'B3.1', 'C1.1', 'B6.0', 'C1.3', 'B6.1', 'B3.8', 'B3.3', 'C1.1', 'B3.0', 'B3.0', 'B1.5', 'B1.1', 'B1.7', 'B1.5', 'B1.8']",2017-02-08 23:08:00,2017-02-13 06:50:00
731,6950,"['2017-02-15 12:43:00', '2017-02-15 20:51:00', '2017-02-17 09:56:00']","['B2.3', 'B1.0', 'B1.3']",2017-02-15 12:34:00,2017-02-17 09:58:00
732,6952,"['2017-02-20 11:56:00', '2017-02-20 13:48:00', '2017-02-20 23:14:00', '2017-02-21 05:22:00', '2017-02-21 11:23:00', '2017-02-21 11:31:00', '2017-02-21 14:01:00', '2017-02-21 22:53:00', '2017-02-22 01:51:00', '2017-02-22 13:27:00', '2017-02-22 21:13:00', '2017-02-23 01:05:00', '2017-02-23 10:54:00', '2017-02-23 14:28:00', '2017-02-23 20:24:00', '2017-02-23 20:53:00', '2017-02-24 00:12:00']","['B3.7', 'B5.4', 'B2.5', 'B3.0', 'B2.3', 'B2.7', 'B2.9', 'B3.0', 'B6.8', 'C4.1', 'B4.9', 'B4.4', 'B4.8', 'B2.4', 'B5.8', 'C1.3', 'C1.1']",2017-02-20 23:10:00,2017-02-24 00:14:00
733,6957,"['2017-02-26 23:18:00', '2017-02-27 05:00:00']","['B3.2', 'B1.5']",2017-02-26 23:11:00,2017-02-27 05:04:00
734,6961,"['2017-02-27 17:23:00', '2017-02-27 20:17:00', '2017-02-27 21:39:00', '2017-02-28 04:38:00', '2017-02-28 11:51:00', '2017-03-01 04:12:00', '2017-03-01 04:33:00', '2017-03-02 23:53:00', '2017-03-03 05:40:00', '2017-03-04 05:38:00', '2017-03-04 10:18:00', '2017-03-04 22:59:00', '2017-03-06 12:03:00']","['B2.9', 'B9.3', 'B2.6', 'B3.3', 'B7.7', 'B2.1', 'B1.9', 'B1.7', 'B2.1', 'B1.1', 'B1.7', 'B1.3', 'B1.5']",2017-02-27 20:07:00,2017-03-06 12:10:00
735,6967,['2017-03-22 18:58:00'],['B3.3'],2017-03-22 18:21:00,2017-03-22 19:15:00
736,6972,"['2017-03-25 22:13:00', '2017-03-25 23:39:00', '2017-03-26 02:34:00', '2017-03-26 03:28:00', '2017-03-26 10:32:00', '2017-03-26 13:12:00', '2017-03-26 15:27:00', '2017-03-26 15:58:00', '2017-03-26 19:05:00', '2017-03-26 21:28:00', '2017-03-26 23:17:00', '2017-03-26 00:00:00', '2017-03-27 20:02:00', '2017-03-27 21:40:00', '2017-03-27 23:45:00', '2017-03-28 00:27:00', '2017-03-28 02:00:00', '2017-03-28 03:57:00', '2017-03-29 13:09:00', '2017-03-29 23:32:00', '2017-03-30 19:53:00', '2017-03-31 05:50:00', '2017-03-31 13:42:00', '2017-03-31 19:19:00', '2017-03-31 21:12:00', '2017-04-01 15:02:00', '2017-04-01 18:10:00', '2017-04-01 19:56:00', '2017-04-01 21:48:00', '2017-04-02 00:29:00', '2017-04-02 04:58:00', '2017-04-02 08:02:00', '2017-04-02 13:00:00', '2017-04-02 15:08:00', '2017-04-02 16:27:00', '2017-04-02 18:38:00', '2017-04-02 20:33:00', '2017-04-02 21:10:00', '2017-04-03 01:05:00']","['B2.8', 'B2.3', 'B4.0', 'B1.3', 'B1.0', 'B1.6', 'B1.3', 'B1.8', 'B1.7', 'B4.0', 'B2.0', 'C1.3', 'B5.5', 'B4.1', 'B6.8', 'C1.1', 'B6.6', 'B6.6', 'B3.3', 'B6.5', 'B2.1', 'B3.3', 'B3.2', 'B2.9', 'B3.6', 'B3.5', 'B7.4', 'C3.7', 'M4.4', 'B4.8', 'C1.2', 'M5.3', 'M2.3', 'C4.2', 'C3.0', 'M2.1', 'M5.7', 'C4.7', 'M1.2']",2017-03-25 22:04:00,2017-04-03 01:12:00
737,6975,"['2017-03-27 11:12:00', '2017-03-27 17:12:00', '2017-03-27 17:43:00', '2017-03-27 18:20:00', '2017-03-27 20:47:00', '2017-03-28 00:53:00', '2017-03-28 03:23:00', '2017-03-28 04:56:00', '2017-03-28 07:19:00', '2017-03-28 09:10:00', '2017-03-28 09:44:00', '2017-03-28 10:01:00', '2017-03-28 13:22:00', '2017-03-28 13:55:00', '2017-03-28 15:51:00', '2017-03-29 00:43:00', '2017-03-29 02:22:00', '2017-03-29 20:30:00', '2017-03-30 07:03:00', '2017-03-30 13:03:00', '2017-03-31 03:46:00', '2017-03-31 06:19:00', '2017-03-31 17:37:00', '2017-03-31 23:01:00', '2017-04-01 03:51:00', '2017-04-01 04:15:00', '2017-04-01 15:49:00', '2017-04-01 23:03:00', '2017-04-02 02:10:00', '2017-04-02 02:46:00', '2017-04-02 11:03:00', '2017-04-03 08:14:00', '2017-04-03 11:13:00', '2017-04-03 11:43:00', '2017-04-03 12:20:00', '2017-04-03 13:06:00', '2017-04-03 23:52:00', '2017-04-04 00:39:00', '2017-04-04 16:17:00', '2017-04-04 19:25:00', '2017-04-04 21:36:00', '2017-04-04 23:42:00', '2017-04-05 04:55:00', '2017-04-05 09:37:00']","['C3.2', 'C1.6', 'B4.1', 'C5.1', 'B8.4', 'B9.1', 'C3.1', 'C3.2', 'C1.1', 'B7.0', 'B4.0', 'C1.0', 'B2.8', 'B2.5', 'B2.1', 'B3.2', 'B3.5', 'B4.3', 'B2.6', 'B2.7', 'B5.0', 'B2.7', 'C1.7', 'C1.1', 'B5.1', 'B6.4', 'B8.1', 'C5.1', 'C1.0', 'C8.0', 'C1.7', 'C3.8', 'C3.9', 'C2.6', 'C2.6', 'C3.4', 'C1.7', 'C1.4', 'C1.0', 'C1.1', 'C2.1', 'C4.9', 'C1.1', 'C1.0']",2017-03-27 11:07:00,2017-04-05 04:58:00
738,6981,['2017-04-01 01:47:00'],['B5.0'],2017-04-01 01:38:00,2017-04-01 01:53:00
739,6982,"['2017-04-04 01:32:00', '2017-04-09 17:26:00']","['C1.9', 'B1.8']",2017-04-04 01:28:00,2017-04-09 17:30:00
740,6983,"['2017-04-10 08:39:00', '2017-04-10 09:58:00', '2017-04-10 18:23:00', '2017-04-10 21:22:00', '2017-04-11 03:00:00', '2017-04-11 04:00:00', '2017-04-11 11:11:00', '2017-04-11 18:50:00', '2017-04-11 19:45:00', '2017-04-12 00:11:00']","['B1.1', 'B1.3', 'B4.8', 'B1.6', 'B3.9', 'B1.3', 'B1.3', 'B1.0', 'B1.4', 'B1.3']",2017-04-10 18:16:00,2017-04-12 00:32:00
741,6986,"['2017-04-20 06:56:00', '2017-04-20 10:49:00', '2017-04-20 21:23:00', '2017-04-21 03:02:00', '2017-04-21 12:16:00', '2017-04-21 17:10:00', '2017-04-21 17:30:00', '2017-04-21 19:41:00', '2017-04-22 00:34:00', '2017-04-22 10:10:00', '2017-04-22 14:58:00', '2017-04-23 02:04:00', '2017-04-23 03:06:00', '2017-04-24 22:19:00', '2017-04-25 05:42:00', '2017-04-25 07:01:00', '2017-04-25 20:25:00', '2017-04-26 12:30:00', '2017-04-26 15:38:00']","['B8.0', 'B2.6', 'B3.7', 'B2.4', 'B6.2', 'B2.0', 'B4.1', 'B4.1', 'B9.6', 'B1.8', 'B2.1', 'B2.2', 'B3.7', 'B2.6', 'B1.0', 'B1.2', 'B7.2', 'B2.9', 'B3.4']",2017-04-20 21:17:00,2017-04-26 15:50:00
742,6994,"['2017-04-24 21:36:00', '2017-04-26 02:32:00', '2017-04-26 17:48:00', '2017-04-28 17:12:00', '2017-04-30 00:57:00']","['B2.2', 'B1.4', 'B4.5', 'B1.3', 'B3.0']",2017-04-24 21:31:00,2017-04-30 02:25:00
743,6999,"['2017-05-02 19:36:00', '2017-05-05 06:14:00']","['B1.3', 'B1.5']",2017-05-02 19:33:00,2017-05-05 06:18:00
744,7003,"['2017-05-05 03:38:00', '2017-05-05 04:37:00', '2017-05-05 08:45:00', '2017-05-05 10:33:00', '2017-05-05 12:29:00']","['B1.4', 'B4.7', 'B1.5', 'B4.2', 'B3.4']",2017-05-05 04:18:00,2017-05-05 08:50:00
745,7010,['2017-05-16 04:16:00'],['B2.2'],2017-05-16 04:07:00,2017-05-16 04:26:00
746,7013,['2017-05-18 16:39:00'],['B1.1'],2017-05-18 16:34:00,2017-05-18 16:44:00
747,7015,"['2017-05-21 07:44:00', '2017-05-22 22:05:00', '2017-05-23 14:21:00', '2017-05-24 13:44:00']","['B1.4', 'B1.5', 'B4.4', 'B3.8']",2017-05-21 07:37:00,2017-05-24 13:56:00
748,7022,"['2017-05-26 01:36:00', '2017-05-26 09:28:00', '2017-05-26 21:23:00', '2017-05-27 08:51:00', '2017-05-27 10:38:00', '2017-05-27 18:30:00', '2017-05-27 21:24:00', '2017-05-27 22:11:00', '2017-05-28 01:00:00', '2017-05-28 06:39:00', '2017-05-28 10:51:00', '2017-05-28 11:47:00', '2017-05-28 13:23:00', '2017-05-28 14:25:00', '2017-05-28 15:52:00']","['B1.8', 'B1.2', 'B2.9', 'B2.2', 'B3.1', 'B9.2', 'B4.4', 'B7.2', 'B3.8', 'B6.7', 'B8.0', 'B6.6', 'B4.0', 'B1.6', 'B3.0']",2017-05-26 09:25:00,2017-05-28 15:57:00
749,7034,"['2017-06-02 01:33:00', '2017-06-02 01:48:00', '2017-06-02 03:03:00', '2017-06-02 09:53:00', '2017-06-02 11:27:00', '2017-06-02 12:23:00', '2017-06-02 13:57:00', '2017-06-02 14:52:00', '2017-06-02 15:31:00', '2017-06-02 19:56:00', '2017-06-03 09:57:00', '2017-06-03 14:56:00', '2017-06-03 19:34:00', '2017-06-03 21:43:00', '2017-06-03 21:59:00', '2017-06-03 23:51:00', '2017-06-04 01:09:00', '2017-06-04 02:49:00', '2017-06-04 06:32:00', '2017-06-04 07:20:00', '2017-06-04 19:04:00', '2017-06-04 21:05:00', '2017-06-05 05:31:00', '2017-06-05 07:15:00', '2017-06-05 07:59:00', '2017-06-05 16:10:00', '2017-06-05 18:44:00', '2017-06-05 19:22:00', '2017-06-06 05:14:00', '2017-06-06 09:31:00', '2017-06-06 20:47:00', '2017-06-07 03:33:00', '2017-06-07 12:18:00', '2017-06-07 16:58:00', '2017-06-09 12:53:00', '2017-06-10 10:23:00', '2017-06-11 01:44:00', '2017-06-11 23:16:00']","['B8.5', 'C1.1', 'B5.9', 'B4.6', 'B4.8', 'C1.2', 'B4.0', 'B8.1', 'B4.2', 'B6.9', 'C2.1', 'C2.5', 'C2.5', 'B1.6', 'B1.9', 'B6.4', 'B2.2', 'B4.3', 'B1.8', 'B1.1', 'B1.6', 'B1.1', 'C2.7', 'B8.1', 'B5.9', 'B5.8', 'B3.0', 'B9.4', 'B1.0', 'B1.6', 'B5.9', 'C1.3', 'B1.6', 'B4.4', 'B4.1', 'B1.7', 'B1.5', 'B1.3']",2017-06-02 12:15:00,2017-06-12 01:22:00
750,7050,"['2017-06-15 05:18:00', '2017-06-15 06:29:00', '2017-06-15 07:33:00', '2017-06-15 09:06:00', '2017-06-15 17:00:00', '2017-06-17 02:57:00', '2017-06-18 09:21:00', '2017-06-18 12:40:00', '2017-06-18 13:44:00', '2017-06-18 21:40:00', '2017-06-19 04:29:00', '2017-06-19 13:06:00', '2017-06-19 16:05:00', '2017-06-20 05:40:00']","['B1.6', 'B1.4', 'B1.8', 'B2.1', 'B2.9', 'B1.4', 'B2.5', 'B1.4', 'B2.9', 'B2.1', 'B3.0', 'B1.0', 'B5.0', 'B1.4']",2017-06-15 09:03:00,2017-06-20 05:50:00
751,7058,"['2017-06-22 00:49:00', '2017-06-26 07:28:00', '2017-06-27 07:35:00', '2017-06-27 20:53:00', '2017-06-27 21:15:00', '2017-06-28 15:24:00']","['B1.5', 'B1.3', 'B1.2', 'B1.2', 'B2.6', 'B1.3']",2017-06-22 00:36:00,2017-06-28 18:35:00
752,7075,"['2017-07-06 17:32:00', '2017-07-07 01:40:00', '2017-07-07 02:21:00', '2017-07-07 04:03:00', '2017-07-07 07:50:00', '2017-07-07 10:49:00', '2017-07-07 11:33:00', '2017-07-07 12:55:00', '2017-07-07 13:49:00', '2017-07-07 15:11:00', '2017-07-07 20:04:00', '2017-07-08 05:09:00', '2017-07-08 06:23:00', '2017-07-08 08:04:00', '2017-07-08 11:05:00', '2017-07-08 13:51:00', '2017-07-08 16:41:00', '2017-07-08 18:51:00', '2017-07-08 21:24:00', '2017-07-08 22:26:00', '2017-07-08 23:10:00', '2017-07-08 23:53:00', '2017-07-09 01:27:00', '2017-07-09 02:27:00', '2017-07-09 03:06:00', '2017-07-09 03:18:00', '2017-07-09 06:30:00', '2017-07-09 07:33:00', '2017-07-09 09:12:00', '2017-07-09 10:40:00', '2017-07-09 12:12:00', '2017-07-09 14:09:00', '2017-07-09 14:42:00', '2017-07-09 15:27:00', '2017-07-09 15:44:00', '2017-07-09 16:26:00', '2017-07-09 17:38:00', '2017-07-09 18:47:00', '2017-07-09 19:33:00', '2017-07-09 20:12:00', '2017-07-09 21:54:00', '2017-07-09 22:11:00', '2017-07-09 23:33:00', '2017-07-10 00:31:00', '2017-07-10 07:55:00', '2017-07-11 02:05:00', '2017-07-11 04:35:00', '2017-07-11 13:04:00', '2017-07-11 18:27:00', '2017-07-11 20:31:00', '2017-07-13 05:12:00', '2017-07-13 16:44:00', '2017-07-13 17:43:00', '2017-07-14 00:50:00', '2017-07-14 02:09:00', '2017-07-14 19:25:00', '2017-07-15 00:28:00', '2017-07-15 02:26:00', '2017-07-15 02:38:00', '2017-07-15 03:55:00', '2017-07-15 04:10:00', '2017-07-15 07:43:00', '2017-07-15 09:16:00', '2017-07-15 10:53:00', '2017-07-15 15:42:00', '2017-07-15 16:34:00', '2017-07-15 19:36:00', '2017-07-16 02:35:00', '2017-07-16 05:47:00', '2017-07-16 07:26:00', '2017-07-16 10:35:00', '2017-07-16 10:57:00', '2017-07-16 12:17:00', '2017-07-16 12:37:00', '2017-07-16 20:51:00', '2017-07-16 21:32:00', '2017-07-16 22:35:00', '2017-07-16 23:24:00']","['B1.7', 'B2.6', 'B8.5', 'B9.2', 'B2.1', 'B2.5', 'B3.6', 'B5.7', 'C1.0', 'B8.1', 'B2.1', 'B3.9', 'B6.8', 'B5.2', 'B6.5', 'B5.1', 'B3.4', 'B2.6', 'B6.0', 'B5.8', 'B4.5', 'C3.4', 'B6.6', 'B3.4', 'B7.5', 'M1.3', 'C1.6', 'C1.2', 'C4.0', 'B9.8', 'C5.3', 'B4.4', 'B8.7', 'B4.5', 'B4.6', 'B3.3', 'B5.0', 'B6.6', 'B2.4', 'B5.2', 'B9.0', 'B7.0', 'B3.6', 'C1.5', 'B3.8', 'B4.9', 'B2.1', 'B8.5', 'B9.4', 'C1.2', 'B5.5', 'B3.4', 'B4.8', 'C1.4', 'M2.4', 'C1.4', 'C1.7', 'B2.7', 'B4.1', 'C1.0', 'B8.5', 'B3.4', 'B3.0', 'C1.4', 'B4.4', 'C1.1', 'C5.8', 'C3.1', 'B7.6', 'C1.1', 'C1.3', 'C1.5', 'B8.7', 'B8.3', 'B4.7', 'B5.5', 'B4.6', 'B5.8']",2017-07-06 17:26:00,2017-07-16 20:59:00
753,7100,"['2017-08-02 19:32:00', '2017-08-02 21:44:00', '2017-08-02 23:59:00', '2017-08-03 00:23:00', '2017-08-03 18:26:00', '2017-08-03 19:04:00', '2017-08-05 17:50:00', '2017-08-05 23:05:00', '2017-08-06 02:26:00', '2017-08-06 09:56:00']","['B1.1', 'B1.5', 'B9.4', 'B2.4', 'B2.3', 'B1.6', 'B1.4', 'B1.3', 'B1.5', 'B1.3']",2017-08-02 19:26:00,2017-08-06 09:59:00
754,7107,"['2017-08-15 13:52:00', '2017-08-15 16:15:00', '2017-08-15 18:18:00', '2017-08-16 01:39:00', '2017-08-16 02:08:00', '2017-08-16 06:32:00', '2017-08-16 08:38:00', '2017-08-16 10:15:00', '2017-08-16 11:38:00', '2017-08-17 00:03:00', '2017-08-17 00:35:00', '2017-08-17 01:02:00', '2017-08-17 02:36:00', '2017-08-17 06:19:00', '2017-08-17 11:40:00', '2017-08-18 00:59:00', '2017-08-18 02:37:00', '2017-08-18 05:44:00', '2017-08-18 13:00:00', '2017-08-18 13:51:00', '2017-08-18 21:04:00', '2017-08-19 09:06:00', '2017-08-19 12:18:00', '2017-08-19 18:13:00', '2017-08-19 21:55:00', '2017-08-20 04:40:00', '2017-08-20 12:21:00', '2017-08-21 01:02:00', '2017-08-21 06:10:00', '2017-08-21 11:03:00', '2017-08-21 22:38:00', '2017-08-22 04:20:00', '2017-08-22 11:13:00', '2017-08-22 15:17:00', '2017-08-22 16:08:00', '2017-08-22 17:50:00', '2017-08-22 23:28:00', '2017-08-24 00:37:00', '2017-08-24 01:26:00', '2017-08-24 15:58:00', '2017-08-24 21:15:00', '2017-08-25 00:12:00', '2017-08-25 02:14:00']","['C1.1', 'B8.3', 'B3.0', 'B2.8', 'B3.7', 'B2.4', 'B5.2', 'B3.6', 'B3.5', 'B1.9', 'B2.0', 'B2.5', 'B6.8', 'B1.6', 'B2.9', 'B1.8', 'B2.4', 'B2.2', 'B3.0', 'B8.1', 'C2.9', 'C1.1', 'C1.0', 'B9.9', 'C7.0', 'C1.8', 'B6.1', 'B4.9', 'B5.0', 'B8.6', 'C1.5', 'B6.2', 'C1.0', 'B6.6', 'B5.6', 'C1.9', 'B4.0', 'C3.0', 'C1.6', 'B8.4', 'B2.1', 'B3.0', 'B4.6']",2017-08-15 16:11:00,2017-08-25 02:25:00
755,7110,"['2017-08-22 14:38:00', '2017-08-22 23:20:00', '2017-08-23 00:45:00', '2017-08-23 13:43:00', '2017-08-24 00:14:00', '2017-08-24 22:53:00', '2017-08-25 03:12:00', '2017-08-25 10:05:00', '2017-08-25 12:18:00', '2017-08-25 15:01:00', '2017-08-25 21:49:00', '2017-08-26 01:11:00', '2017-08-26 03:01:00', '2017-08-26 21:00:00', '2017-08-27 00:29:00', '2017-08-27 09:29:00', '2017-08-27 11:14:00', '2017-08-28 00:56:00', '2017-08-28 06:16:00', '2017-08-28 14:59:00', '2017-08-28 15:40:00', '2017-08-30 16:36:00', '2017-08-31 02:40:00', '2017-08-31 14:42:00', '2017-08-31 16:44:00']","['B6.7', 'B1.9', 'B3.0', 'C2.2', 'B8.1', 'B1.9', 'B5.3', 'B1.9', 'B3.8', 'B4.0', 'B2.7', 'B2.9', 'B3.4', 'B5.4', 'B1.6', 'B2.0', 'B1.4', 'B1.6', 'B2.7', 'B5.5', 'B9.4', 'B5.4', 'B2.5', 'B3.1', 'B2.3']",2017-08-22 23:17:00,2017-08-31 16:47:00
756,7117,"['2017-08-30 23:11:00', '2017-08-31 19:55:00', '2017-09-01 01:29:00', '2017-09-01 02:12:00', '2017-09-01 10:28:00', '2017-09-01 15:07:00', '2017-09-01 15:13:00', '2017-09-01 15:37:00', '2017-09-01 17:14:00', '2017-09-01 17:35:00', '2017-09-01 21:02:00', '2017-09-01 22:00:00', '2017-09-01 23:51:00', '2017-09-02 00:28:00', '2017-09-02 02:30:00', '2017-09-02 03:06:00', '2017-09-02 04:07:00', '2017-09-02 05:19:00', '2017-09-02 10:15:00', '2017-09-02 10:35:00', '2017-09-02 12:05:00', '2017-09-03 04:41:00', '2017-09-03 10:22:00', '2017-09-04 02:22:00']","['C1.3', 'B3.1', 'B4.9', 'B3.4', 'B3.7', 'B4.8', 'B5.1', 'C2.0', 'C1.2', 'B8.0', 'B5.4', 'B4.6', 'C1.4', 'B7.9', 'C1.1', 'C1.0', 'B6.2', 'B4.1', 'B4.3', 'B4.2', 'B8.5', 'C1.0', 'B5.9', 'C1.1']",2017-08-30 22:20:00,2017-09-04 02:29:00
757,7115,"['2017-09-03 20:50:00', '2017-09-04 03:38:00', '2017-09-04 04:11:00', '2017-09-04 05:49:00', '2017-09-04 11:38:00', '2017-09-04 12:25:00', '2017-09-04 15:30:00', '2017-09-04 16:46:00', '2017-09-04 17:39:00', '2017-09-04 18:22:00', '2017-09-04 19:37:00', '2017-09-04 20:02:00', '2017-09-04 20:33:00', '2017-09-04 22:14:00', '2017-09-05 00:35:00', '2017-09-05 01:08:00', '2017-09-05 03:51:00', '2017-09-05 04:53:00', '2017-09-05 10:19:00', '2017-09-05 12:34:00', '2017-09-05 13:34:00', '2017-09-05 16:19:00', '2017-09-05 17:15:00', '2017-09-05 17:43:00', '2017-09-05 21:12:00', '2017-09-06 09:10:00', '2017-09-06 12:02:00', '2017-09-06 15:56:00', '2017-09-06 19:30:00', '2017-09-07 05:02:00', '2017-09-07 09:20:00', '2017-09-07 09:54:00', '2017-09-07 10:15:00', '2017-09-07 12:14:00', '2017-09-07 14:36:00', '2017-09-07 18:28:00', '2017-09-07 18:44:00', '2017-09-07 20:57:00', '2017-09-07 21:37:00', '2017-09-07 23:59:00', '2017-09-08 01:40:00', '2017-09-08 02:13:00', '2017-09-08 02:24:00', '2017-09-08 03:34:00', '2017-09-08 03:43:00', '2017-09-08 05:48:00', '2017-09-08 09:39:00', '2017-09-08 10:49:00', '2017-09-08 11:27:00', '2017-09-08 12:13:00', '2017-09-08 12:33:00', '2017-09-08 15:47:00', '2017-09-08 18:18:00', '2017-09-08 20:14:00', '2017-09-08 22:24:00']","['C1.1', 'C1.2', 'C1.8', 'M1.2', 'C2.4', 'C8.3', 'M1.5', 'C4.1', 'C6.0', 'M1.0', 'M1.7', 'M1.5', 'M5.5', 'M2.1', 'C9.8', 'M4.2', 'M1.0', 'M3.2', 'C5.4', 'C2.2', 'C6.9', 'C3.7', 'C4.6', 'M2.3', 'C1.5', 'X2.2', 'X9.3', 'M2.5', 'M1.4', 'M2.4', 'C2.3', 'M1.4', 'M7.3', 'C3.0', 'X1.3', 'C5.2', 'C4.5', 'C2.5', 'C5.4', 'M3.9', 'C5.3', 'C1.2', 'M1.3', 'C1.4', 'M1.2', 'C8.3', 'C1.3', 'C1.6', 'C1.7', 'C5.9', 'C1.2', 'M2.9', 'C1.7', 'C1.7', 'C2.4']",2017-09-03 20:45:00,2017-09-08 10:51:00
758,7122,"['2017-09-07 23:00:00', '2017-09-12 14:01:00']","['C2.7', 'B3.4']",2017-09-07 22:57:00,2017-09-12 14:08:00
759,7131,"['2017-09-12 07:29:00', '2017-09-12 15:35:00', '2017-09-12 15:59:00', '2017-09-12 19:20:00', '2017-09-13 05:41:00', '2017-09-13 07:48:00', '2017-09-20 19:32:00', '2017-09-20 20:03:00', '2017-09-20 22:01:00']","['C3.0', 'B3.5', 'B1.7', 'C1.6', 'B1.1', 'B1.4', 'B8.4', 'B1.0', 'B1.0']",2017-09-12 19:03:00,2017-09-20 19:37:00
760,7144,"['2017-09-24 23:27:00', '2017-09-25 02:35:00', '2017-09-25 15:14:00', '2017-09-25 17:12:00', '2017-09-27 17:50:00', '2017-09-28 14:34:00']","['B2.7', 'B5.7', 'B5.9', 'B2.9', 'B2.1', 'B2.9']",2017-09-24 23:20:00,2017-09-28 15:33:00
761,7147,"['2017-09-27 14:06:00', '2017-09-29 13:31:00', '2017-09-29 14:32:00', '2017-10-05 02:48:00', '2017-10-05 11:29:00']","['B2.4', 'B2.2', 'B2.5', 'B2.4', 'B1.4']",2017-09-27 13:51:00,2017-10-05 02:50:00
762,7148,"['2017-10-03 01:19:00', '2017-10-04 01:28:00', '2017-10-04 02:49:00', '2017-10-04 03:54:00', '2017-10-04 10:08:00', '2017-10-05 05:03:00', '2017-10-05 06:19:00', '2017-10-05 11:04:00', '2017-10-05 13:41:00', '2017-10-05 20:02:00', '2017-10-05 23:27:00', '2017-10-06 00:39:00', '2017-10-06 02:55:00', '2017-10-06 11:21:00', '2017-10-06 16:34:00', '2017-10-06 19:24:00', '2017-10-06 19:40:00', '2017-10-07 00:28:00', '2017-10-07 02:23:00', '2017-10-07 05:25:00', '2017-10-07 05:35:00']","['B2.2', 'B1.1', 'B1.7', 'B2.4', 'B1.2', 'B2.4', 'B3.5', 'B1.2', 'C1.0', 'B3.3', 'B5.5', 'B1.6', 'B1.6', 'B2.2', 'B9.8', 'B4.5', 'B2.9', 'B4.6', 'B4.9', 'B1.2', 'B1.4']",2017-10-03 01:16:00,2017-10-07 05:38:00
763,7171,['2017-10-27 00:44:00'],['B1.8'],2017-10-27 00:36:00,2017-10-27 00:50:00
764,7189,"['2017-11-16 13:06:00', '2017-11-16 18:57:00', '2017-11-17 00:28:00', '2017-11-18 17:53:00', '2017-11-23 09:14:00']","['B3.7', 'B1.0', 'B6.2', 'B1.1', 'B1.7']",2017-11-16 13:02:00,2017-11-23 09:22:00
765,7192,['2017-11-27 11:17:00'],['B2.9'],2017-11-27 11:06:00,2017-11-27 11:25:00
766,7202,['2017-12-07 03:23:00'],['B1.0'],2017-12-07 03:20:00,2017-12-07 03:28:00
767,7211,"['2017-12-19 19:58:00', '2017-12-20 08:00:00', '2017-12-20 18:22:00', '2017-12-20 20:53:00', '2017-12-20 23:31:00', '2017-12-21 23:30:00', '2017-12-22 00:21:00', '2017-12-22 01:15:00', '2017-12-22 01:50:00', '2017-12-22 02:31:00', '2017-12-22 02:50:00', '2017-12-22 03:36:00', '2017-12-22 04:06:00', '2017-12-22 06:31:00', '2017-12-22 11:40:00', '2017-12-23 06:29:00', '2017-12-23 20:36:00', '2017-12-25 07:16:00', '2017-12-28 22:29:00']","['B2.4', 'B1.6', 'B3.0', 'B1.2', 'B1.0', 'B1.2', 'B1.7', 'B3.3', 'B7.2', 'B2.4', 'B4.7', 'B2.6', 'B1.2', 'B1.5', 'B3.0', 'B3.3', 'B1.0', 'B1.6', 'B8.3']",2017-12-19 19:52:00,2017-12-28 22:33:00
768,7229,"['2018-01-18 07:35:00', '2018-01-18 08:13:00', '2018-01-18 09:57:00', '2018-01-20 04:55:00', '2018-01-20 17:52:00', '2018-01-22 02:57:00']","['B9.7', 'B4.0', 'B1.2', 'B1.7', 'A9.1', 'B9.5']",2018-01-18 08:08:00,2018-01-22 03:20:00
769,7235,['2018-01-30 17:39:00'],['B1.3'],2018-01-30 17:35:00,2018-01-30 17:46:00
770,7237,"['2018-02-05 20:38:00', '2018-02-05 21:49:00', '2018-02-05 22:21:00', '2018-02-06 00:42:00', '2018-02-06 01:10:00', '2018-02-06 03:00:00', '2018-02-06 05:28:00', '2018-02-06 06:27:00', '2018-02-06 09:14:00', '2018-02-06 11:06:00', '2018-02-06 14:26:00', '2018-02-06 17:49:00', '2018-02-07 00:38:00', '2018-02-07 07:32:00', '2018-02-07 13:47:00', '2018-02-07 14:39:00', '2018-02-07 23:35:00', '2018-02-08 15:30:00', '2018-02-08 16:59:00', '2018-02-08 18:45:00', '2018-02-08 19:55:00', '2018-02-08 20:34:00', '2018-02-08 21:14:00', '2018-02-08 21:39:00', '2018-02-09 03:48:00', '2018-02-09 06:36:00', '2018-02-09 08:31:00', '2018-02-09 12:47:00', '2018-02-09 14:56:00', '2018-02-09 15:47:00', '2018-02-09 16:43:00', '2018-02-09 17:49:00', '2018-02-09 18:19:00', '2018-02-10 13:21:00', '2018-02-10 16:43:00', '2018-02-10 18:14:00', '2018-02-10 20:40:00', '2018-02-10 21:48:00', '2018-02-11 01:09:00', '2018-02-11 04:55:00', '2018-02-11 05:35:00', '2018-02-11 09:07:00', '2018-02-11 10:03:00', '2018-02-11 11:41:00', '2018-02-11 13:29:00', '2018-02-11 13:57:00', '2018-02-11 14:29:00', '2018-02-11 16:18:00', '2018-02-11 21:36:00', '2018-02-11 21:47:00', '2018-02-11 22:37:00', '2018-02-11 23:13:00', '2018-02-12 01:35:00', '2018-02-12 11:43:00', '2018-02-12 21:36:00', '2018-02-14 14:47:00', '2018-02-14 16:08:00', '2018-02-14 23:39:00', '2018-02-15 00:51:00', '2018-02-15 03:14:00', '2018-02-15 06:26:00', '2018-02-15 22:23:00', '2018-02-15 23:55:00']","['B3.3', 'B3.2', 'B4.1', 'B3.2', 'B3.1', 'B2.8', 'B3.7', 'B2.4', 'B2.3', 'B2.7', 'B5.6', 'B1.1', 'B7.9', 'B1.3', 'C8.1', 'C1.7', 'B2.1', 'B5.2', 'B7.4', 'B5.1', 'B5.1', 'B6.3', 'B1.6', 'B4.8', 'B2.3', 'B1.6', 'B2.1', 'B1.2', 'B3.2', 'B7.2', 'B4.6', 'B1.2', 'B4.4', 'C4.6', 'B2.4', 'B1.3', 'B1.1', 'B4.7', 'B4.8', 'B1.0', 'B2.6', 'B3.7', 'B8.3', 'B1.2', 'B1.8', 'B1.6', 'B3.3', 'B1.5', 'B1.2', 'B1.6', 'B1.1', 'B1.0', 'C1.5', 'B2.8', 'B1.2', 'B1.0', 'B1.4', 'B1.5', 'B1.2', 'B1.5', 'B1.1', 'B1.4', 'B1.2']",2018-02-05 22:16:00,2018-02-15 23:58:00
771,7240,"['2018-02-26 12:02:00', '2018-02-26 15:51:00', '2018-02-28 14:27:00', '2018-02-28 15:27:00', '2018-02-28 16:10:00', '2018-03-01 22:07:00', '2018-03-02 00:52:00', '2018-03-02 05:27:00', '2018-03-02 11:07:00']","['B1.0', 'B3.3', 'B2.3', 'B1.4', 'B1.5', 'B1.2', 'B6.8', 'B5.2', 'C1.9']",2018-02-26 15:48:00,2018-03-02 05:34:00
772,7246,"['2018-03-30 18:07:00', '2018-03-31 01:48:00', '2018-03-31 09:11:00', '2018-03-31 16:20:00', '2018-04-01 00:53:00', '2018-04-01 13:08:00', '2018-04-03 04:05:00', '2018-04-03 14:17:00', '2018-04-03 20:35:00']","['B2.0', 'B1.5', 'B7.1', 'B1.1', 'B1.1', 'B9.0', 'B2.1', 'B1.2', 'B2.0']",2018-03-30 17:58:00,2018-04-03 20:38:00
773,7248,['2018-04-14 00:12:00'],['B1.0'],2018-04-14 00:09:00,2018-04-14 00:15:00
774,7251,"['2018-04-20 08:19:00', '2018-04-20 09:42:00', '2018-04-20 17:04:00', '2018-04-20 22:19:00', '2018-04-21 06:08:00', '2018-04-21 10:51:00', '2018-04-21 18:51:00', '2018-04-21 20:58:00', '2018-04-21 21:40:00', '2018-04-24 21:45:00', '2018-04-28 20:32:00']","['B1.1', 'B1.0', 'B5.3', 'B3.6', 'B1.1', 'B2.0', 'B1.8', 'B1.2', 'B1.1', 'B2.1', 'B1.5']",2018-04-20 08:16:00,2018-04-28 20:46:00
775,7261,"['2018-05-23 16:41:00', '2018-05-25 20:09:00']","['B1.6', 'B3.7']",2018-05-23 16:38:00,2018-05-25 20:16:00
776,7260,['2018-05-24 12:30:00'],['B9.8'],2018-05-24 12:22:00,2018-05-24 12:35:00
777,7262,"['2018-05-25 03:34:00', '2018-05-25 14:42:00', '2018-05-25 23:35:00', '2018-05-26 01:15:00', '2018-05-26 04:22:00', '2018-05-27 01:04:00', '2018-05-27 09:44:00', '2018-05-27 17:48:00', '2018-05-27 18:52:00', '2018-05-28 14:30:00', '2018-05-28 16:36:00', '2018-05-28 17:10:00', '2018-05-28 18:57:00', '2018-05-28 20:54:00', '2018-05-29 00:40:00', '2018-05-29 01:28:00', '2018-05-29 16:21:00', '2018-05-31 01:08:00', '2018-05-31 04:34:00', '2018-05-31 06:58:00', '2018-05-31 08:45:00', '2018-05-31 10:58:00', '2018-05-31 16:13:00', '2018-05-31 21:09:00', '2018-05-31 21:43:00', '2018-05-31 23:02:00', '2018-06-01 05:04:00', '2018-06-01 06:10:00', '2018-06-01 07:56:00', '2018-06-02 04:30:00', '2018-06-02 08:11:00', '2018-06-02 18:41:00', '2018-06-02 20:51:00', '2018-06-02 21:57:00', '2018-06-02 22:35:00', '2018-06-03 00:01:00', '2018-06-03 00:44:00', '2018-06-03 02:37:00', '2018-06-03 06:36:00', '2018-06-03 07:56:00', '2018-06-03 17:52:00']","['B1.1', 'B1.2', 'B1.9', 'B1.3', 'B1.1', 'B1.1', 'B1.1', 'B1.1', 'B1.1', 'B1.4', 'B7.0', 'C2.7', 'B2.0', 'B1.7', 'B2.7', 'B1.2', 'B1.0', 'B5.0', 'B2.2', 'B2.0', 'B1.3', 'B2.6', 'B1.9', 'B1.2', 'B1.3', 'B2.8', 'B2.1', 'B2.8', 'B1.1', 'B1.8', 'B2.4', 'B2.8', 'B1.6', 'B2.0', 'B1.1', 'B1.7', 'B1.1', 'B2.0', 'B1.6', 'B7.9', 'B1.6']",2018-05-25 14:04:00,2018-06-03 17:57:00
778,7269,"['2018-06-12 20:54:00', '2018-06-15 06:49:00', '2018-06-15 09:48:00', '2018-06-16 05:20:00', '2018-06-17 06:57:00', '2018-06-17 14:29:00', '2018-06-17 22:52:00', '2018-06-18 08:44:00', '2018-06-20 12:02:00', '2018-06-22 08:40:00']","['B1.1', 'B1.1', 'B1.0', 'B1.6', 'B1.0', 'B1.2', 'B1.1', 'B1.0', 'B1.8', 'B2.5']",2018-06-12 20:51:00,2018-06-22 08:45:00
779,7274,"['2018-06-19 02:26:00', '2018-06-20 00:06:00']","['B1.0', 'B1.8']",2018-06-19 02:23:00,2018-06-20 00:11:00
780,7275,"['2018-06-20 04:25:00', '2018-06-20 19:35:00', '2018-06-20 23:03:00', '2018-06-21 01:15:00', '2018-06-22 03:35:00', '2018-06-22 18:10:00', '2018-06-23 05:16:00', '2018-06-23 08:28:00', '2018-06-23 10:03:00', '2018-06-24 01:45:00', '2018-06-24 17:52:00', '2018-06-27 04:08:00', '2018-06-27 05:38:00']","['B1.8', 'B6.3', 'B2.6', 'C2.1', 'B1.4', 'B1.1', 'B3.2', 'B1.8', 'B1.9', 'B8.6', 'B3.5', 'B1.6', 'B2.3']",2018-06-20 19:28:00,2018-06-27 06:16:00
781,7298,['2018-08-16 09:18:00'],['A8.9'],2018-08-16 09:12:00,2018-08-16 09:23:00
782,7299,"['2018-08-23 20:38:00', '2018-08-24 21:58:00', '2018-08-25 03:32:00']","['A6.8', 'B1.6', 'B1.4']",2018-08-23 20:23:00,2018-08-25 03:34:00
783,7300,"['2018-08-24 12:50:00', '2018-08-25 02:05:00', '2018-08-25 03:09:00', '2018-08-25 05:25:00', '2018-08-25 10:48:00', '2018-08-25 18:33:00', '2018-08-25 21:28:00']","['B1.0', 'B2.6', 'B3.4', 'B1.8', 'B4.1', 'B1.0', 'B1.9']",2018-08-24 12:47:00,2018-08-25 18:37:00
784,7312,['2018-10-12 14:08:00'],['B7.1'],2018-10-12 14:04:00,2018-10-12 14:13:00
785,7324,['2018-11-24 02:13:00'],['B1.1'],2018-11-24 02:10:00,2018-11-24 02:15:00
786,7325,"['2018-12-05 02:36:00', '2018-12-05 20:25:00', '2018-12-05 20:41:00', '2018-12-07 19:55:00']","['B1.5', 'B1.3', 'B1.1', 'B1.2']",2018-12-05 02:31:00,2018-12-07 20:02:00
787,7327,['2018-12-15 13:53:00'],['B1.0'],2018-12-15 13:49:00,2018-12-15 13:58:00
788,7331,['2019-01-02 01:50:00'],['B2.8'],2019-01-02 01:44:00,2019-01-02 01:55:00
789,7334,"['2019-01-23 21:49:00', '2019-01-24 18:58:00', '2019-01-24 22:22:00', '2019-01-25 01:11:00', '2019-01-25 02:24:00', '2019-01-25 04:11:00', '2019-01-25 08:35:00', '2019-01-25 16:11:00', '2019-01-25 21:27:00', '2019-01-26 03:49:00', '2019-01-26 06:47:00', '2019-01-26 08:01:00', '2019-01-26 08:13:00', '2019-01-26 13:22:00', '2019-01-26 16:28:00', '2019-01-26 19:13:00', '2019-01-26 23:44:00', '2019-01-28 01:04:00', '2019-01-28 17:37:00', '2019-01-28 19:53:00', '2019-01-29 05:07:00', '2019-01-29 06:41:00', '2019-01-29 07:36:00', '2019-01-29 10:34:00']","['B1.2', 'B1.0', 'B1.2', 'B1.7', 'B1.4', 'B6.9', 'B2.3', 'B2.3', 'B4.6', 'B1.5', 'B2.2', 'B1.2', 'B1.3', 'C5.0', 'B8.6', 'B1.9', 'B1.1', 'B1.1', 'B1.2', 'B1.9', 'B2.4', 'B2.6', 'B8.4', 'C1.9']",2019-01-23 21:45:00,2019-01-29 06:45:00
790,7348,"['2019-03-08 03:19:00', '2019-03-09 12:26:00']","['C1.3', 'B6.1']",2019-03-08 03:07:00,2019-03-09 12:36:00
791,7351,"['2019-03-18 12:13:00', '2019-03-18 13:43:00', '2019-03-18 13:51:00', '2019-03-18 16:38:00', '2019-03-18 17:34:00', '2019-03-18 18:35:00']","['B1.3', 'B1.2', 'B1.6', 'B1.7', 'B1.3', 'B1.2']",2019-03-18 12:09:00,2019-03-18 13:55:00
792,7350,"['2019-03-20 11:18:00', '2019-03-20 12:25:00', '2019-03-20 13:09:00', '2019-03-20 13:43:00', '2019-03-20 14:32:00', '2019-03-20 21:24:00', '2019-03-21 00:13:00', '2019-03-21 03:00:00', '2019-03-21 03:12:00', '2019-03-21 07:59:00', '2019-03-21 10:12:00', '2019-03-21 11:21:00', '2019-03-21 14:44:00', '2019-03-21 15:45:00', '2019-03-21 16:01:00', '2019-03-21 17:21:00', '2019-03-21 19:59:00', '2019-03-21 21:13:00', '2019-03-22 00:34:00', '2019-03-22 02:06:00', '2019-03-22 04:15:00', '2019-03-22 05:14:00', '2019-03-22 08:01:00', '2019-03-22 08:19:00', '2019-03-22 10:19:00', '2019-03-22 11:58:00', '2019-03-22 12:13:00', '2019-03-22 12:39:00', '2019-03-22 12:54:00', '2019-03-22 13:52:00', '2019-03-22 14:18:00', '2019-03-22 14:44:00', '2019-03-22 15:34:00', '2019-03-22 16:42:00', '2019-03-22 17:03:00', '2019-03-22 19:47:00', '2019-03-22 20:23:00', '2019-03-22 21:19:00', '2019-03-22 21:19:00', '2019-03-22 22:39:00', '2019-03-23 00:04:00', '2019-03-23 01:31:00', '2019-03-23 01:53:00', '2019-03-23 02:12:00', '2019-03-23 03:02:00', '2019-03-23 03:17:00', '2019-03-23 05:09:00', '2019-03-23 06:10:00', '2019-03-23 10:40:00']","['C4.8', 'B4.4', 'B1.0', 'B1.0', 'B2.1', 'B1.8', 'B8.0', 'C1.2', 'C5.6', 'B1.6', 'B1.4', 'B1.1', 'C1.5', 'B2.2', 'C1.2', 'C2.6', 'B8.8', 'B9.9', 'C2.1', 'B6.7', 'B6.5', 'C4.8', 'C2.6', 'C1.3', 'C1.0', 'B3.5', 'B3.7', 'B8.5', 'B7.0', 'B4.9', 'B3.5', 'B2.1', 'B4.4', 'B2.3', 'B3.6', 'B6.3', 'C1.4', 'B9.7', 'B9.8', 'B3.2', 'B8.1', 'B3.2', 'B5.0', 'B6.1', 'B2.5', 'B6.6', 'B3.0', 'B3.4', 'B2.7']",2019-03-20 13:06:00,2019-03-23 10:44:00
793,7353,"['2019-04-08 22:25:00', '2019-04-09 05:25:00', '2019-04-09 23:26:00', '2019-04-09 23:51:00', '2019-04-10 02:08:00', '2019-04-10 17:11:00', '2019-04-11 17:23:00', '2019-04-12 09:27:00', '2019-04-12 11:22:00', '2019-04-12 11:37:00', '2019-04-13 02:28:00', '2019-04-13 03:49:00', '2019-04-14 19:02:00', '2019-04-14 20:47:00', '2019-04-14 21:11:00', '2019-04-15 19:31:00']","['B1.7', 'B3.3', 'B1.3', 'B2.0', 'B1.3', 'B2.1', 'B1.2', 'B3.6', 'B1.7', 'B7.1', 'B1.3', 'B1.0', 'B1.4', 'B1.3', 'B1.4', 'B3.3']",2019-04-08 22:20:00,2019-04-15 19:34:00
794,7357,"['2019-05-05 06:42:00', '2019-05-05 09:33:00', '2019-05-05 11:49:00', '2019-05-05 13:42:00', '2019-05-05 14:54:00', '2019-05-05 21:43:00', '2019-05-05 22:30:00', '2019-05-06 00:49:00', '2019-05-06 05:10:00', '2019-05-06 07:41:00', '2019-05-06 08:47:00', '2019-05-06 10:02:00', '2019-05-06 11:51:00', '2019-05-06 13:54:00', '2019-05-06 17:49:00', '2019-05-06 18:37:00', '2019-05-06 19:17:00', '2019-05-06 19:30:00', '2019-05-06 19:50:00', '2019-05-06 20:15:00', '2019-05-06 20:43:00', '2019-05-06 22:31:00', '2019-05-06 23:13:00', '2019-05-06 23:53:00', '2019-05-07 01:45:00', '2019-05-07 03:47:00', '2019-05-07 04:57:00', '2019-05-07 07:25:00', '2019-05-07 08:41:00', '2019-05-07 09:23:00', '2019-05-07 09:35:00', '2019-05-07 10:48:00', '2019-05-07 11:56:00', '2019-05-07 13:33:00', '2019-05-08 21:29:00', '2019-05-09 05:51:00', '2019-05-10 18:42:00']","['B2.3', 'B1.8', 'B7.5', 'B9.8', 'B1.6', 'B6.4', 'B4.4', 'B2.6', 'C9.9', 'C1.7', 'C2.0', 'C1.5', 'B2.5', 'C7.3', 'C1.0', 'B2.9', 'B2.8', 'B3.0', 'C1.0', 'B2.5', 'B3.4', 'B4.8', 'B7.6', 'B3.4', 'B6.5', 'B2.4', 'B3.4', 'B3.1', 'B2.0', 'B5.0', 'B8.0', 'C1.2', 'C1.4', 'B3.2', 'B1.9', 'C6.7', 'B2.2']",2019-05-05 09:30:00,2019-05-10 18:48:00
795,7358,"['2019-05-10 08:47:00', '2019-05-10 17:34:00', '2019-05-12 22:51:00', '2019-05-13 15:52:00', '2019-05-15 08:40:00', '2019-05-15 16:56:00', '2019-05-15 19:24:00', '2019-05-15 19:56:00', '2019-05-16 04:56:00']","['B2.0', 'B2.2', 'B3.7', 'B3.5', 'B3.5', 'B2.0', 'C2.0', 'B2.3', 'B1.4']",2019-05-10 17:29:00,2019-05-16 04:58:00
796,7405,"['2020-01-25 07:14:00', '2020-01-31 15:03:00']","['B1.1', 'A9.6']",2020-01-25 07:11:00,2020-01-31 15:23:00
797,7412,"['2020-04-04 00:52:00', '2020-04-04 01:38:00', '2020-04-06 05:48:00', '2020-04-06 08:31:00', '2020-04-07 01:59:00']","['B4.2', 'B1.4', 'B2.5', 'B1.8', 'B4.5']",2020-04-04 01:30:00,2020-04-08 00:26:00
798,7415,['2020-04-30 12:17:00'],['B1.3'],2020-04-30 01:29:00,2020-04-30 12:21:00
799,7422,"['2020-06-07 05:14:00', '2020-06-07 20:47:00', '2020-06-07 21:46:00', '2020-06-09 03:11:00']","['B1.6', 'B1.4', 'B6.4', 'B1.5']",2020-06-07 05:07:00,2020-06-09 03:18:00
800,7435,['2020-08-04 12:40:00'],['B1.0'],2020-08-04 12:32:00,2020-08-04 12:49:00
801,7436,"['2020-08-05 23:59:00', '2020-08-06 00:15:00', '2020-08-08 03:49:00', '2020-08-08 16:05:00', '2020-08-11 16:59:00']","['B1.4', 'B2.2', 'C1.5', 'B1.2', 'B2.6']",2020-08-05 23:52:00,2020-08-11 17:17:00
802,7440,['2020-08-19 22:48:00'],['B3.9'],2020-08-19 22:36:00,2020-08-19 23:01:00
803,7450,"['2020-09-24 00:37:00', '2020-09-25 18:54:00', '2020-09-25 22:56:00', '2020-09-26 00:38:00']","['B4.7', 'B2.9', 'B1.8', 'C1.0']",2020-09-24 00:20:00,2020-09-26 00:52:00
804,7454,"['2020-10-15 04:07:00', '2020-10-15 05:22:00', '2020-10-18 02:52:00', '2020-10-18 14:29:00', '2020-10-19 04:46:00', '2020-10-19 04:59:00', '2020-10-19 06:54:00', '2020-10-19 07:32:00', '2020-10-19 10:27:00', '2020-10-20 13:29:00', '2020-10-24 20:54:00']","['B1.1', 'B1.4', 'B1.8', 'B4.0', 'B1.5', 'B2.8', 'B1.0', 'B2.6', 'B2.3', 'B3.6', 'B2.3']",2020-10-15 05:15:00,2020-10-24 20:58:00
805,7463,"['2020-10-25 11:22:00', '2020-10-26 04:30:00', '2020-10-26 06:31:00', '2020-10-26 19:27:00', '2020-10-26 22:52:00', '2020-10-26 23:36:00', '2020-10-27 02:32:00', '2020-10-27 04:42:00', '2020-10-27 05:47:00', '2020-10-27 06:16:00', '2020-10-27 07:40:00', '2020-10-27 08:49:00', '2020-10-27 09:52:00', '2020-10-27 11:03:00', '2020-10-27 13:04:00', '2020-10-27 13:41:00', '2020-10-27 15:54:00', '2020-10-27 18:31:00', '2020-10-27 19:51:00', '2020-10-27 22:39:00', '2020-10-28 02:11:00', '2020-10-28 03:17:00', '2020-10-28 05:42:00', '2020-10-28 07:20:00', '2020-10-28 08:29:00', '2020-10-28 09:46:00', '2020-10-28 10:12:00', '2020-10-28 10:33:00', '2020-10-28 14:33:00', '2020-10-28 19:43:00', '2020-10-28 20:54:00', '2020-10-28 22:11:00', '2020-10-28 23:30:00', '2020-10-28 23:41:00', '2020-10-29 00:02:00', '2020-10-29 00:55:00', '2020-10-29 04:19:00', '2020-10-29 04:31:00', '2020-10-29 04:57:00', '2020-10-29 05:35:00', '2020-10-29 08:02:00', '2020-10-29 08:55:00', '2020-10-29 09:34:00', '2020-10-29 09:48:00', '2020-10-29 10:19:00', '2020-10-29 11:12:00', '2020-10-29 11:26:00', '2020-10-29 11:50:00', '2020-10-29 13:20:00', '2020-10-29 14:51:00', '2020-10-29 16:02:00', '2020-10-29 19:11:00', '2020-10-29 20:16:00', '2020-10-29 21:47:00', '2020-10-29 23:14:00', '2020-10-30 00:12:00', '2020-10-30 01:08:00', '2020-10-30 12:14:00', '2020-10-30 13:13:00']","['B1.8', 'B1.2', 'B1.2', 'B1.4', 'B1.6', 'B1.7', 'B2.0', 'C1.4', 'B3.2', 'C4.3', 'B6.2', 'B3.2', 'C1.4', 'B4.7', 'B5.5', 'C1.5', 'B7.9', 'B7.3', 'B2.7', 'B6.0', 'C1.1', 'B7.8', 'B3.9', 'B3.9', 'B3.4', 'B5.1', 'B5.1', 'B5.1', 'B2.2', 'C1.3', 'C1.1', 'C1.4', 'B4.3', 'B4.3', 'B5.3', 'B4.5', 'B3.1', 'B4.9', 'B8.9', 'B6.4', 'B4.4', 'B2.8', 'B3.1', 'B4.4', 'B9.6', 'B3.2', 'B3.8', 'C4.3', 'C1.0', 'B6.2', 'C1.3', 'B2.5', 'C1.5', 'B4.0', 'B2.9', 'B3.5', 'B3.7', 'B2.3', 'B3.0']",2020-10-25 11:18:00,2020-10-30 13:18:00
806,7466,"['2020-11-03 20:52:00', '2020-11-03 21:08:00', '2020-11-03 21:20:00']","['B1.9', 'B4.3', 'B4.7']",2020-11-03 21:16:00,2020-11-03 20:54:00
807,7468,"['2020-11-04 04:42:00', '2020-11-04 06:35:00', '2020-11-04 06:46:00', '2020-11-04 08:21:00', '2020-11-04 09:15:00', '2020-11-04 09:50:00', '2020-11-04 11:32:00', '2020-11-04 11:45:00', '2020-11-04 13:48:00', '2020-11-04 14:53:00', '2020-11-04 15:09:00', '2020-11-04 17:11:00', '2020-11-04 19:34:00', '2020-11-04 20:13:00', '2020-11-04 22:30:00', '2020-11-04 22:40:00', '2020-11-05 00:22:00', '2020-11-05 02:04:00', '2020-11-05 02:50:00', '2020-11-05 04:06:00', '2020-11-05 04:46:00', '2020-11-05 05:13:00', '2020-11-05 06:16:00', '2020-11-05 07:21:00', '2020-11-05 07:39:00', '2020-11-05 08:04:00', '2020-11-05 08:57:00', '2020-11-05 09:54:00', '2020-11-05 10:20:00', '2020-11-05 11:28:00', '2020-11-05 12:22:00', '2020-11-05 13:27:00', '2020-11-05 14:07:00', '2020-11-05 14:24:00', '2020-11-05 16:14:00', '2020-11-05 17:49:00', '2020-11-05 20:55:00', '2020-11-05 21:38:00', '2020-11-05 21:56:00', '2020-11-05 22:23:00', '2020-11-06 00:50:00', '2020-11-06 04:47:00', '2020-11-06 05:22:00', '2020-11-06 06:38:00', '2020-11-06 07:43:00', '2020-11-06 08:11:00', '2020-11-06 09:48:00', '2020-11-06 10:15:00', '2020-11-06 10:36:00', '2020-11-06 11:59:00', '2020-11-06 15:22:00', '2020-11-06 16:14:00', '2020-11-06 17:30:00', '2020-11-06 17:45:00', '2020-11-06 18:46:00', '2020-11-06 19:35:00', '2020-11-06 22:21:00', '2020-11-06 23:11:00', '2020-11-07 01:08:00', '2020-11-07 01:42:00', '2020-11-07 01:58:00', '2020-11-07 02:47:00', '2020-11-07 04:31:00', '2020-11-07 06:15:00', '2020-11-07 07:18:00', '2020-11-07 10:01:00', '2020-11-07 12:06:00', '2020-11-07 14:17:00', '2020-11-07 18:40:00', '2020-11-07 20:28:00', '2020-11-08 01:06:00', '2020-11-08 01:15:00', '2020-11-08 02:08:00', '2020-11-08 04:16:00', '2020-11-08 05:18:00', '2020-11-08 12:02:00', '2020-11-08 12:12:00', '2020-11-08 15:06:00', '2020-11-08 16:28:00', '2020-11-08 16:40:00', '2020-11-08 19:31:00', '2020-11-09 10:05:00', '2020-11-11 22:24:00', '2020-11-13 23:59:00', '2020-11-14 01:45:00', '2020-11-14 02:34:00', '2020-11-14 05:44:00']","['C1.1', 'B2.9', 'B9.2', 'C1.1', 'B2.7', 'B3.5', 'B4.5', 'B8.1', 'B5.4', 'B4.6', 'B4.5', 'C1.8', 'B8.1', 'C1.0', 'B4.4', 'B4.9', 'C7.3', 'B7.0', 'C1.4', 'B8.0', 'B4.0', 'B8.9', 'C1.7', 'B5.7', 'B6.0', 'B5.3', 'B5.5', 'C2.3', 'B8.9', 'B6.2', 'C1.4', 'C1.7', 'C1.2', 'C1.0', 'B8.1', 'B8.6', 'B5.4', 'B5.4', 'C9.0', 'C1.0', 'C1.7', 'B6.2', 'B6.6', 'B9.6', 'B4.9', 'B3.6', 'B6.2', 'B6.6', 'C1.3', 'B9.2', 'C1.8', 'B4.6', 'B5.2', 'C1.1', 'B4.5', 'B4.0', 'B3.8', 'B3.6', 'B2.6', 'B2.5', 'B3.6', 'B4.0', 'B6.9', 'C1.8', 'B5.5', 'B8.9', 'B5.6', 'B3.7', 'B2.9', 'B4.4', 'B5.3', 'C2.3', 'B6.4', 'B3.9', 'C5.7', 'B6.2', 'B6.3', 'B4.8', 'B3.4', 'B4.2', 'B4.4', 'B3.1', 'B6.4', 'B7.3', 'B1.4', 'B1.6', 'B1.8']",2020-11-04 15:01:00,2020-11-14 05:52:00
808,7470,"['2020-11-11 19:12:00', '2020-11-12 02:27:00', '2020-11-12 04:13:00', '2020-11-12 13:22:00', '2020-11-12 16:16:00', '2020-11-12 16:33:00', '2020-11-13 00:13:00', '2020-11-13 21:12:00', '2020-11-16 06:33:00', '2020-11-16 17:06:00']","['C2.6', 'C1.2', 'C2.5', 'B2.1', 'B2.0', 'B1.7', 'B2.6', 'B1.6', 'B2.7', 'B1.9']",2020-11-11 18:36:00,2020-11-16 06:45:00
809,7472,"['2020-11-19 10:25:00', '2020-11-19 17:06:00', '2020-11-19 21:06:00', '2020-11-20 16:27:00', '2020-11-20 17:03:00', '2020-11-22 03:14:00', '2020-11-22 08:37:00', '2020-11-23 06:27:00', '2020-11-23 08:41:00']","['B1.1', 'B1.5', 'B2.0', 'B1.7', 'C1.9', 'B5.8', 'B6.0', 'B8.0', 'B8.0']",2020-11-19 17:00:00,2020-11-23 08:46:00
810,7477,"['2020-11-25 00:14:00', '2020-11-25 00:25:00', '2020-11-25 01:36:00', '2020-11-25 04:02:00', '2020-11-25 10:44:00', '2020-11-25 13:23:00', '2020-11-25 13:33:00', '2020-11-25 14:48:00', '2020-11-25 15:46:00', '2020-11-26 00:47:00', '2020-11-26 06:55:00', '2020-11-26 07:55:00', '2020-11-26 12:53:00', '2020-11-26 15:40:00', '2020-11-26 17:20:00', '2020-11-27 07:13:00', '2020-11-27 13:53:00', '2020-11-27 16:59:00', '2020-11-27 21:02:00', '2020-11-27 22:50:00', '2020-11-28 01:35:00', '2020-11-28 06:23:00', '2020-11-28 10:57:00', '2020-11-28 13:35:00', '2020-11-28 17:38:00', '2020-11-28 23:18:00', '2020-11-29 01:16:00', '2020-11-29 11:44:00', '2020-11-30 03:15:00', '2020-11-30 19:50:00', '2020-12-01 01:06:00', '2020-12-01 01:59:00', '2020-12-01 02:42:00', '2020-12-01 23:20:00', '2020-12-03 01:56:00', '2020-12-03 15:13:00', '2020-12-03 19:39:00', '2020-12-04 13:19:00', '2020-12-04 15:15:00', '2020-12-04 17:17:00', '2020-12-04 19:25:00']","['B6.5', 'B7.4', 'B5.6', 'C3.4', 'B7.1', 'B5.6', 'B8.9', 'B7.2', 'B7.8', 'B6.1', 'C1.8', 'B7.6', 'C3.8', 'C1.0', 'B5.4', 'B6.8', 'B9.0', 'C1.5', 'B8.8', 'B5.9', 'C1.5', 'B7.9', 'B7.1', 'C2.9', 'C1.2', 'C3.1', 'C1.3', 'C1.6', 'B7.9', 'B8.8', 'B5.6', 'B5.2', 'B9.2', 'C1.4', 'C1.7', 'B5.3', 'B6.5', 'B5.1', 'B5.0', 'B4.8', 'B6.2']",2020-11-25 00:04:00,2020-12-04 19:31:00
811,7484,['2020-12-01 07:21:00'],['C1.2'],2020-12-01 07:13:00,2020-12-01 07:29:00
812,7493,"['2020-12-01 22:41:00', '2020-12-02 03:01:00', '2020-12-02 06:25:00', '2020-12-03 10:00:00', '2020-12-03 11:01:00', '2020-12-03 23:59:00', '2020-12-04 22:29:00', '2020-12-05 00:38:00', '2020-12-05 12:41:00', '2020-12-05 18:06:00', '2020-12-06 13:27:00', '2020-12-06 23:42:00', '2020-12-07 09:55:00', '2020-12-07 14:38:00', '2020-12-07 16:32:00', '2020-12-08 21:54:00', '2020-12-10 04:34:00', '2020-12-11 15:33:00']","['B6.1', 'B6.4', 'B6.6', 'C1.2', 'B6.8', 'C1.4', 'B5.3', 'C1.6', 'B5.3', 'C1.2', 'C1.6', 'B8.3', 'B5.4', 'B6.0', 'C7.4', 'B1.6', 'B1.5', 'B1.4']",2020-12-01 22:29:00,2020-12-11 15:38:00
813,7498,"['2020-12-09 00:33:00', '2020-12-09 00:53:00', '2020-12-10 10:22:00', '2020-12-10 10:50:00', '2020-12-10 11:00:00', '2020-12-10 11:11:00', '2020-12-10 12:57:00', '2020-12-10 13:11:00', '2020-12-10 15:50:00', '2020-12-10 18:18:00', '2020-12-11 01:07:00', '2020-12-11 03:59:00', '2020-12-11 09:03:00', '2020-12-11 09:59:00', '2020-12-11 18:36:00', '2020-12-12 15:13:00']","['B1.7', 'B3.2', 'B1.7', 'B1.1', 'B1.0', 'B1.5', 'B3.1', 'B2.7', 'B2.7', 'B2.4', 'B5.8', 'B1.2', 'B1.8', 'B3.0', 'B5.0', 'B1.6']",2020-12-09 00:23:00,2020-12-12 15:21:00
814,7502,"['2020-12-14 02:20:00', '2020-12-14 06:57:00', '2020-12-14 13:49:00', '2020-12-14 14:37:00']","['B1.3', 'B1.1', 'B1.4', 'C4.0']",2020-12-14 02:12:00,2020-12-14 13:59:00
815,7503,"['2020-12-14 18:24:00', '2020-12-14 20:16:00', '2020-12-14 20:44:00', '2020-12-14 22:33:00', '2020-12-14 23:21:00', '2020-12-15 00:42:00', '2020-12-15 01:10:00', '2020-12-15 21:45:00', '2020-12-18 17:30:00', '2020-12-21 07:50:00']","['B2.2', 'B2.4', 'B3.5', 'B2.0', 'B1.7', 'B1.7', 'B5.6', 'B3.2', 'B2.0', 'B1.2']",2020-12-14 20:08:00,2020-12-21 07:56:00
816,7513,"['2020-12-24 02:30:00', '2020-12-24 22:40:00', '2020-12-25 04:04:00', '2020-12-26 20:01:00', '2020-12-27 02:29:00', '2020-12-27 11:37:00', '2020-12-27 15:07:00', '2020-12-28 09:01:00', '2020-12-28 17:16:00', '2020-12-29 21:04:00', '2020-12-30 02:39:00', '2020-12-30 04:21:00', '2020-12-30 07:35:00', '2021-01-01 01:54:00', '2021-01-01 04:42:00', '2021-01-01 15:04:00']","['B7.3', 'B1.7', 'B1.6', 'B1.4', 'B1.4', 'B3.4', 'B1.3', 'B1.7', 'B1.1', 'B6.6', 'B1.8', 'B1.1', 'B1.8', 'B3.1', 'B2.1', 'B1.9']",2020-12-24 02:18:00,2021-01-01 01:58:00
817,7510,"['2020-12-25 04:50:00', '2020-12-30 10:15:00']","['B2.4', 'B2.4']",2020-12-25 04:30:00,2020-12-30 10:23:00
818,7532,['2021-01-17 13:28:00'],['B2.8'],2021-01-17 13:18:00,2021-01-17 13:35:00
819,7536,"['2021-01-19 19:33:00', '2021-01-19 20:41:00', '2021-01-19 22:52:00', '2021-01-20 01:13:00', '2021-01-20 06:13:00', '2021-01-20 06:56:00', '2021-01-20 09:52:00', '2021-01-20 10:11:00', '2021-01-20 12:53:00', '2021-01-20 18:29:00', '2021-01-21 00:06:00', '2021-01-21 02:28:00', '2021-01-21 03:37:00', '2021-01-21 04:40:00', '2021-01-21 05:28:00', '2021-01-21 09:24:00', '2021-01-21 09:59:00', '2021-01-21 10:30:00', '2021-01-21 12:47:00', '2021-01-21 12:53:00', '2021-01-21 15:05:00', '2021-01-21 22:12:00', '2021-01-21 22:51:00', '2021-01-22 09:42:00', '2021-01-23 00:42:00', '2021-01-23 23:53:00']","['B2.6', 'B4.1', 'B1.7', 'B7.0', 'B1.8', 'B1.7', 'B1.6', 'B7.0', 'C1.4', 'B2.0', 'B2.6', 'B3.9', 'B1.4', 'B1.5', 'B2.0', 'B1.1', 'B5.4', 'B3.3', 'B1.3', 'B3.1', 'B1.2', 'B2.3', 'B1.3', 'B1.5', 'B1.3', 'B3.0']",2021-01-19 20:25:00,2021-01-24 00:18:00
820,7541,"['2021-01-25 02:40:00', '2021-01-25 06:41:00', '2021-01-25 08:19:00', '2021-01-25 11:28:00']","['B1.5', 'B5.0', 'B2.2', 'B1.6']",2021-01-25 08:08:00,2021-01-25 02:57:00
821,7543,"['2021-01-28 23:08:00', '2021-01-29 09:55:00', '2021-01-29 20:16:00']","['B3.4', 'B2.5', 'B3.8']",2021-01-28 22:58:00,2021-01-29 20:27:00
822,7544,['2021-02-02 13:53:00'],['B1.0'],2021-02-02 13:46:00,2021-02-02 14:00:00
823,7548,"['2021-02-19 14:47:00', '2021-02-20 11:53:00']","['B1.1', 'B1.1']",2021-02-19 14:40:00,2021-02-20 11:58:00
824,7549,"['2021-02-22 17:07:00', '2021-02-22 21:29:00', '2021-02-22 22:39:00', '2021-02-23 00:16:00', '2021-02-23 07:06:00', '2021-02-23 09:24:00', '2021-02-23 10:24:00', '2021-02-23 14:52:00', '2021-02-23 19:59:00', '2021-02-24 11:23:00', '2021-02-24 14:47:00', '2021-02-24 17:44:00', '2021-02-24 19:39:00', '2021-02-24 21:06:00', '2021-02-25 00:07:00', '2021-02-25 00:52:00', '2021-02-25 03:22:00', '2021-02-25 04:43:00', '2021-02-25 05:32:00', '2021-02-25 06:37:00', '2021-02-25 09:39:00', '2021-02-25 09:51:00', '2021-02-25 13:47:00', '2021-02-25 14:06:00', '2021-02-25 14:16:00', '2021-02-25 15:55:00', '2021-02-26 01:35:00', '2021-02-26 01:41:00', '2021-02-26 04:47:00', '2021-02-26 06:20:00', '2021-02-26 19:38:00']","['B4.5', 'B5.4', 'B1.5', 'B3.3', 'B1.7', 'B1.0', 'B1.2', 'B1.8', 'B1.8', 'B2.6', 'B1.6', 'B1.7', 'B1.9', 'B1.1', 'B2.4', 'B3.4', 'B2.7', 'B1.8', 'B2.3', 'B4.6', 'B1.3', 'B1.6', 'B1.1', 'B1.0', 'B3.7', 'B1.0', 'B1.1', 'B1.2', 'B1.2', 'B1.4', 'B1.8']",2021-02-22 17:02:00,2021-02-26 19:42:00
825,7550,"['2021-02-23 05:34:00', '2021-02-23 14:27:00', '2021-02-26 07:25:00']","['B1.8', 'B1.9', 'B9.5']",2021-02-23 05:18:00,2021-02-26 07:48:00
826,7552,"['2021-03-03 00:03:00', '2021-03-03 01:01:00', '2021-03-03 01:34:00', '2021-03-03 01:53:00', '2021-03-03 02:22:00', '2021-03-03 03:02:00', '2021-03-03 03:43:00', '2021-03-03 13:20:00', '2021-03-09 16:26:00', '2021-03-09 17:29:00']","['C1.2', 'B1.4', 'B1.6', 'B5.1', 'B1.2', 'B1.3', 'B3.0', 'B1.4', 'B2.2', 'B1.7']",2021-03-02 23:53:00,2021-03-09 17:33:00
827,7551,"['2021-03-07 01:33:00', '2021-03-07 07:12:00', '2021-03-07 07:38:00', '2021-03-07 17:19:00', '2021-03-08 03:11:00']","['B3.2', 'B1.1', 'B1.9', 'B1.4', 'B1.3']",2021-03-07 07:05:00,2021-03-08 03:20:00
828,7555,"['2021-03-11 11:37:00', '2021-03-12 19:04:00', '2021-03-15 10:05:00']","['B1.4', 'B2.5', 'B3.0']",2021-03-11 11:33:00,2021-03-15 10:09:00
829,7561,"['2021-03-21 16:18:00', '2021-03-21 21:46:00', '2021-03-22 18:40:00', '2021-03-22 20:40:00', '2021-03-22 21:28:00', '2021-03-23 16:42:00', '2021-03-23 20:34:00', '2021-03-23 22:26:00', '2021-03-24 00:12:00', '2021-03-24 04:07:00', '2021-03-30 20:05:00', '2021-03-30 21:02:00']","['B1.2', 'B1.2', 'B1.5', 'B1.8', 'B1.0', 'B1.2', 'B1.2', 'B1.2', 'B1.1', 'B1.7', 'B7.4', 'B1.0']",2021-03-21 16:09:00,2021-03-30 20:18:00
830,7558,"['2021-03-21 19:01:00', '2021-03-22 01:39:00', '2021-03-25 16:52:00']","['B1.3', 'B5.6', 'B1.8']",2021-03-21 18:51:00,2021-03-25 17:01:00
831,7562,"['2021-03-24 22:00:00', '2021-03-25 15:19:00', '2021-03-25 16:03:00', '2021-03-25 21:49:00', '2021-03-26 13:56:00', '2021-03-27 20:38:00']","['B3.0', 'B8.3', 'B1.5', 'B1.0', 'B1.2', 'B1.2']",2021-03-24 21:52:00,2021-03-27 20:42:00
832,7569,"['2021-04-12 19:53:00', '2021-04-12 20:04:00', '2021-04-12 22:49:00', '2021-04-12 23:00:00', '2021-04-13 01:18:00', '2021-04-13 01:52:00', '2021-04-13 12:47:00', '2021-04-16 17:25:00', '2021-04-16 17:45:00', '2021-04-16 18:10:00', '2021-04-12 12:17:00']","['B2.5', 'B8.4', 'B2.0', 'B1.9', 'B5.9', 'B5.6', 'B2.7', 'B1.6', 'B1.2', 'B3.4', 'B4.1']",2021-04-12 22:38:00,2021-04-18 00:04:00
833,7570,"['2021-04-16 10:47:00', '2021-04-16 21:09:00', '2021-04-17 23:35:00', '2021-04-18 08:16:00', '2021-04-19 21:19:00', '2021-04-19 23:42:00', '2021-04-20 15:15:00', '2021-04-20 16:24:00', '2021-04-21 14:35:00', '2021-04-21 18:19:00', '2021-04-21 19:32:00', '2021-04-22 04:35:00', '2021-04-22 05:06:00', '2021-04-22 12:27:00', '2021-04-22 13:12:00', '2021-04-22 14:30:00', '2021-04-22 15:59:00', '2021-04-22 19:00:00', '2021-04-23 01:02:00', '2021-04-23 04:27:00', '2021-04-23 04:50:00', '2021-04-23 05:25:00', '2021-04-23 06:28:00', '2021-04-23 08:16:00', '2021-04-23 11:16:00', '2021-04-23 18:28:00', '2021-04-24 03:42:00', '2021-04-25 01:35:00', '2021-04-25 12:48:00', '2021-04-26 02:30:00']","['B1.6', 'B1.1', 'B1.2', 'B1.5', 'B8.0', 'M1.1', 'B6.6', 'B4.7', 'B1.5', 'B2.1', 'B6.3', 'C3.8', 'C2.7', 'C2.8', 'B8.6', 'C2.5', 'C1.0', 'B7.2', 'B8.3', 'B3.2', 'B4.9', 'C1.0', 'C1.4', 'B6.3', 'B4.2', 'B6.8', 'B2.1', 'C2.6', 'B1.2', 'C1.3']",2021-04-16 21:05:00,2021-04-26 02:35:00
834,7571,['2021-04-16 19:40:00'],['B1.3'],2021-04-16 19:32:00,2021-04-16 19:46:00
835,7572,"['2021-04-19 13:59:00', '2021-04-19 16:44:00', '2021-04-19 22:15:00', '2021-04-20 03:40:00', '2021-04-20 04:25:00', '2021-04-20 05:49:00', '2021-04-20 06:10:00', '2021-04-20 06:48:00', '2021-04-20 08:43:00', '2021-04-20 09:34:00', '2021-04-20 10:10:00', '2021-04-20 10:44:00', '2021-04-20 11:45:00', '2021-04-20 12:15:00', '2021-04-20 14:02:00', '2021-04-20 17:13:00', '2021-04-21 01:29:00', '2021-04-21 03:02:00', '2021-04-21 03:46:00', '2021-04-21 04:18:00', '2021-04-21 05:42:00', '2021-04-21 08:19:00', '2021-04-21 08:35:00', '2021-04-21 09:12:00', '2021-04-21 10:47:00', '2021-04-21 11:51:00', '2021-04-21 13:03:00']","['B3.1', 'B5.4', 'B6.7', 'B2.8', 'B2.3', 'B4.1', 'B6.7', 'B7.5', 'B3.4', 'B3.4', 'B3.7', 'B5.0', 'B3.7', 'C1.9', 'B5.9', 'B5.1', 'C1.5', 'B4.8', 'B4.0', 'B3.3', 'B1.7', 'B2.9', 'B3.2', 'B1.2', 'B1.8', 'B2.1', 'B2.5']",2021-04-19 22:04:00,2021-04-21 03:58:00
836,7573,"['2021-04-24 05:02:00', '2021-04-24 11:16:00', '2021-04-24 14:40:00', '2021-04-24 14:55:00', '2021-04-24 15:59:00', '2021-04-24 16:53:00', '2021-04-24 17:17:00', '2021-04-24 17:37:00', '2021-04-24 18:35:00', '2021-04-24 18:49:00', '2021-04-24 20:09:00', '2021-04-24 20:34:00', '2021-04-25 00:05:00', '2021-04-25 11:01:00', '2021-04-25 16:55:00', '2021-04-25 17:49:00', '2021-04-25 18:34:00', '2021-04-25 21:07:00', '2021-04-25 21:25:00', '2021-04-26 01:51:00', '2021-04-26 02:56:00', '2021-04-26 04:18:00', '2021-04-26 04:47:00', '2021-04-26 05:14:00', '2021-04-26 05:49:00', '2021-04-26 08:56:00', '2021-04-26 10:22:00', '2021-04-26 10:52:00', '2021-04-27 04:34:00', '2021-04-27 07:43:00', '2021-04-27 08:23:00', '2021-04-27 16:13:00', '2021-04-27 21:53:00', '2021-04-28 07:29:00', '2021-04-28 07:45:00', '2021-04-28 08:09:00', '2021-04-28 12:44:00', '2021-04-29 14:01:00', '2021-04-29 18:23:00', '2021-04-29 19:54:00', '2021-04-29 20:54:00', '2021-04-29 22:32:00', '2021-04-30 03:33:00', '2021-04-30 04:17:00', '2021-04-30 04:55:00']","['B4.3', 'B2.3', 'B1.0', 'B4.9', 'B2.0', 'B6.9', 'B3.2', 'B1.7', 'B2.6', 'B4.1', 'B2.1', 'B2.4', 'B3.4', 'B1.1', 'B4.8', 'B2.0', 'B2.0', 'B1.6', 'B1.3', 'B1.9', 'B3.9', 'B1.1', 'B1.9', 'B1.6', 'B2.3', 'B1.6', 'B3.2', 'B1.2', 'B1.2', 'B1.2', 'B2.8', 'B3.3', 'B2.2', 'B2.0', 'B3.4', 'B1.2', 'B1.2', 'B1.1', 'B1.3', 'B1.4', 'B2.4', 'B6.2', 'B1.0', 'B1.9', 'B1.4']",2021-04-24 20:02:00,2021-04-30 03:44:00
837,7575,['2021-04-25 15:54:00'],['B1.1'],2021-04-25 15:51:00,2021-04-25 16:03:00
